path	line	string	context
app/src/github/java/com/aeriotv/android/core/update/GithubUpdateManager.kt	52	Install unknown apps	* Two steps can kill the process mid-flow (the "Install unknown apps" grant
app/src/github/java/com/aeriotv/android/core/update/GithubUpdateManager.kt	128	A new release is being published. Try again in a minute.	"A new release is being published. Try again in a minute.", null,
app/src/github/java/com/aeriotv/android/core/update/GithubUpdateManager.kt	132	Update check failed: ${outcome.message}	_state.value = UpdateState.Error("Update check failed: ${outcome.message}", null)
app/src/github/java/com/aeriotv/android/core/update/GithubUpdateManager.kt	134	auto-check failed silently: ${outcome.message}	Log.i(TAG, "auto-check failed silently: ${outcome.message}")
app/src/github/java/com/aeriotv/android/core/update/GithubUpdateManager.kt	147	AerioTV-${info.versionName}.apk	val target = File(dir, "AerioTV-${info.versionName}.apk")
app/src/github/java/com/aeriotv/android/core/update/GithubUpdateManager.kt	150	Not enough free space to download the update.	"Not enough free space to download the update.", info,
app/src/github/java/com/aeriotv/android/core/update/GithubUpdateManager.kt	166	Download failed: ${t.message ?: t::class.simpleName}	"Download failed: ${t.message ?: t::class.simpleName}", info,
app/src/github/java/com/aeriotv/android/core/update/GithubUpdateManager.kt	185	A recording is in progress. Finish or stop it, then install the update.	"A recording is in progress. Finish or stop it, then install the update.",
app/src/github/java/com/aeriotv/android/core/update/GithubUpdateManager.kt	194	The downloaded update is missing. Download it again.	"The downloaded update is missing. Download it again.", info,
app/src/github/java/com/aeriotv/android/core/update/GithubUpdateManager.kt	212	Install failed: ${t.message ?: t::class.simpleName}	"Install failed: ${t.message ?: t::class.simpleName}", info,
app/src/github/java/com/aeriotv/android/core/update/GithubUpdateManager.kt	291	Install failed (status $status)	message ?: "Install failed (status $status)", info,
app/src/github/java/com/aeriotv/android/core/update/GithubUpdateManager.kt	321	HTTP ${response.status.value}	throw IllegalStateException("HTTP ${response.status.value}")
app/src/github/java/com/aeriotv/android/core/update/GithubUpdateManager.kt	355	verify failed: $message	Log.w(TAG, "verify failed: $message")
app/src/github/java/com/aeriotv/android/core/update/GithubUpdateManager.kt	361	The download is incomplete (size mismatch). Try again.	return fail("The download is incomplete (size mismatch). Try again.")
app/src/github/java/com/aeriotv/android/core/update/GithubUpdateManager.kt	369	The downloaded file is not a readable APK.	?: return fail("The downloaded file is not a readable APK.")
app/src/github/java/com/aeriotv/android/core/update/GithubUpdateManager.kt	371	The downloaded APK is not AerioTV (${archive.packageName}).	return fail("The downloaded APK is not AerioTV (${archive.packageName}).")
app/src/github/java/com/aeriotv/android/core/update/GithubUpdateManager.kt	377	The release's version code ($archiveCode) is not newer than the installed 	"The release's version code ($archiveCode) is not newer than the installed " +
app/src/github/java/com/aeriotv/android/core/update/GithubUpdateManager.kt	378	one ($currentCode), so Android would refuse it.	"one ($currentCode), so Android would refuse it.",
app/src/github/java/com/aeriotv/android/core/update/GithubUpdateManager.kt	383	Could not read the APK's signing certificate.	return fail("Could not read the APK's signing certificate.")
app/src/github/java/com/aeriotv/android/core/update/GithubUpdateManager.kt	386	The APK's signing certificate does not match this app. Refusing to install.	return fail("The APK's signing certificate does not match this app. Refusing to install.")
app/src/github/java/com/aeriotv/android/core/update/GithubUpdateManager.kt	428	package:${context.packageName}	Uri.parse("package:${context.packageName}"),
app/src/github/java/com/aeriotv/android/core/update/GithubUpdateManager.kt	439	Open Settings > Apps > Security and allow AerioTV to install apps, 	"Open Settings > Apps > Security and allow AerioTV to install apps, " +
app/src/github/java/com/aeriotv/android/core/update/InstallStatusReceiver.kt	36	install session status=$status message=$message	Log.i(TAG, "install session status=$status message=$message")
app/src/github/java/com/aeriotv/android/core/update/UpdateChecker.kt	71	network error	return Outcome.Failed(t.message ?: "network error")
app/src/github/java/com/aeriotv/android/core/update/UpdateChecker.kt	79	HTTP ${response.status.value}	return Outcome.Failed("HTTP ${response.status.value}")
app/src/github/java/com/aeriotv/android/core/update/UpdateChecker.kt	84	bad response: ${t.message}	return Outcome.Failed("bad response: ${t.message}")
app/src/main/java/com/aeriotv/android/AerioTVApplication.kt	182	Casting to <TV>	// GH #33: standalone "Casting to <TV>" notification driven by cast state,
app/src/main/java/com/aeriotv/android/AerioTVApplication.kt	210	AerioTV crashes on the Google TV Streamer	// "AerioTV crashes on the Google TV Streamer" reports - by the time a
app/src/main/java/com/aeriotv/android/MainActivity.kt	80	Would you like to close AerioTV?	* surface the "Would you like to close AerioTV?" confirm (issue #16: the
app/src/main/java/com/aeriotv/android/MainActivity.kt	108	bring me back to fullscreen	* the "bring me back to fullscreen" affordance while the mini-player is
app/src/main/java/com/aeriotv/android/MainActivity.kt	307	close AerioTV?	* A LONG back (onKeyLongPress) surfaces the "close AerioTV?" confirm (issue
app/src/main/java/com/aeriotv/android/MainActivity.kt	322	close AerioTV?	// Issue #16: holding BACK on Android TV surfaces the "close AerioTV?"
app/src/main/java/com/aeriotv/android/MainActivity.kt	463	onStop: TV leave -> stopping playback	android.util.Log.i("AerioLeave", "onStop: TV leave -> stopping playback")
app/src/main/java/com/aeriotv/android/MainActivity.kt	524	audio still plays after Exit	// "audio still plays after Exit" report). Gated on isFinishing so a
app/src/main/java/com/aeriotv/android/MainActivity.kt	654	GH#38 startup refresh: ${current.refreshRate} -> ${best.refreshRate}	Log.i(TAG, "GH#38 startup refresh: ${current.refreshRate} -> ${best.refreshRate}")
app/src/main/java/com/aeriotv/android/MainActivity.kt	700	.format(rate)}fps -> mode ${best.physicalWidth}x${best.physicalHeight}@${best.refreshRate}	Log.i(TAG, "GH#40 content rate match: ${"%.2f".format(rate)}fps -> mode ${best.physicalWidth}x${best.physicalHeight}@${best.refreshRate}")
app/src/main/java/com/aeriotv/android/MainActivity.kt	735	.format(wantRate)}Hz)	Log.i(TAG, "GH#40 content res match: ${videoW}x$videoH -> mode ${best.physicalWidth}x${best.physicalHeight}@${best.refreshRate} (want ${"%.2f".format(wantRate)}Hz)")
app/src/main/java/com/aeriotv/android/MainActivity.kt	735	GH#40 content res match: ${videoW}x$videoH -> mode ${best.physicalWidth}x${best.physicalHeight}@${best.refreshRate} (want ${	Log.i(TAG, "GH#40 content res match: ${videoW}x$videoH -> mode ${best.physicalWidth}x${best.physicalHeight}@${best.refreshRate} (want ${"%.2f".format(wantRate)}Hz)")
app/src/main/java/com/aeriotv/android/MainActivity.kt	748	freezes completely on 4K footage	// output entirely ("freezes completely on 4K footage") with no error
app/src/main/java/com/aeriotv/android/MainActivity.kt	776	(rendered=${countersNow.renderedOutputBufferCount} 	"(rendered=${countersNow.renderedOutputBufferCount} " +
app/src/main/java/com/aeriotv/android/MainActivity.kt	777	baseline=$baseline state=${p.playbackState}); re-preparing	"baseline=$baseline state=${p.playbackState}); re-preparing",
app/src/main/java/com/aeriotv/android/MainActivity.kt	818	(screenWidthDp $widthDpBefore -> $widthDpNow); 	"(screenWidthDp $widthDpBefore -> $widthDpNow); " +
app/src/main/java/com/aeriotv/android/MainActivity.kt	1131	Would you like to close AerioTV?	title = "Would you like to close AerioTV?",
app/src/main/java/com/aeriotv/android/MainActivity.kt	1137	Close AerioTV	label = "Close AerioTV",
app/src/main/java/com/aeriotv/android/Navigation.kt	93	player/{channelId}?csUrl={csUrl}&csTitle={csTitle}	const val PLAYER = "player/{channelId}?csUrl={csUrl}&csTitle={csTitle}" +
app/src/main/java/com/aeriotv/android/Navigation.kt	94	&csStart={csStart}&csEnd={csEnd}&csTz={csTz}&csUuid={csUuid}&mini={mini}	"&csStart={csStart}&csEnd={csEnd}&csTz={csTz}&csUuid={csUuid}&mini={mini}"
app/src/main/java/com/aeriotv/android/Navigation.kt	95	vod_player/{movieUuid}?fromStart={fromStart}	const val VOD_PLAYER = "vod_player/{movieUuid}?fromStart={fromStart}"
app/src/main/java/com/aeriotv/android/Navigation.kt	96	movie_detail/{movieUuid}	const val MOVIE_DETAIL = "movie_detail/{movieUuid}"
app/src/main/java/com/aeriotv/android/Navigation.kt	98	vod_episode_player/{episodeUuid}?fromStart={fromStart}	const val VOD_EPISODE_PLAYER = "vod_episode_player/{episodeUuid}?fromStart={fromStart}"
app/src/main/java/com/aeriotv/android/Navigation.kt	103	search?fromPlayer={fromPlayer}	const val SEARCH = "search?fromPlayer={fromPlayer}"
app/src/main/java/com/aeriotv/android/Navigation.kt	104	search?fromPlayer=$fromPlayer	fun search(fromPlayer: Boolean) = "search?fromPlayer=$fromPlayer"
app/src/main/java/com/aeriotv/android/Navigation.kt	105	recording_player/{playbackUrl}/{title}?isDvr={isDvr}&fromStart={fromStart}&autoResume={autoResume}&recEnd={recEnd}&recChannelId={recChannelId}&recId={recId}&csStart={csStart}&csEnd={csEnd}&csTz={csTz}&csUuid={csUuid}	const val RECORDING_PLAYER = "recording_player/{playbackUrl}/{title}?isDvr={isDvr}&fromStart={fromStart}&autoResume={autoResume}&recEnd={recEnd}&recChannelId={recChannelId}&recId={recId}&csStart={csStart}&csEnd={csEnd}&csTz={csTz}&csUuid={csUuid}"
app/src/main/java/com/aeriotv/android/Navigation.kt	110	start channels in the mini player	// optional "start channels in the mini player" tune mode. Only the
app/src/main/java/com/aeriotv/android/Navigation.kt	114	player/${Uri.encode(channelId)}	"player/${Uri.encode(channelId)}" + if (mini) "?mini=true" else ""
app/src/main/java/com/aeriotv/android/Navigation.kt	125	player/${Uri.encode(channelId)}	) = "player/${Uri.encode(channelId)}" +
app/src/main/java/com/aeriotv/android/Navigation.kt	126	?csUrl=${Uri.encode(playbackUrl)}&csTitle=${Uri.encode(title)}	"?csUrl=${Uri.encode(playbackUrl)}&csTitle=${Uri.encode(title)}" +
app/src/main/java/com/aeriotv/android/Navigation.kt	127	&csStart=$csStart&csEnd=$csEnd&csTz=${Uri.encode(csTz)}&csUuid=${Uri.encode(csUuid)}	"&csStart=$csStart&csEnd=$csEnd&csTz=${Uri.encode(csTz)}&csUuid=${Uri.encode(csUuid)}"
app/src/main/java/com/aeriotv/android/Navigation.kt	128	Play from Beginning	// fromStart (tvOS MoviesView "Play from Beginning"): start at 0 and
app/src/main/java/com/aeriotv/android/Navigation.kt	131	vod_player/${Uri.encode(movieUuid)}?fromStart=$fromStart	"vod_player/${Uri.encode(movieUuid)}?fromStart=$fromStart"
app/src/main/java/com/aeriotv/android/Navigation.kt	132	movie_detail/${Uri.encode(movieUuid)}	fun movieDetail(movieUuid: String) = "movie_detail/${Uri.encode(movieUuid)}"
app/src/main/java/com/aeriotv/android/Navigation.kt	135	vod_episode_player/${Uri.encode(episodeUuid)}?fromStart=$fromStart	"vod_episode_player/${Uri.encode(episodeUuid)}?fromStart=$fromStart"
app/src/main/java/com/aeriotv/android/Navigation.kt	161	recording_player/${Uri.encode(playbackUrl)}/${Uri.encode(title)}	"recording_player/${Uri.encode(playbackUrl)}/${Uri.encode(title)}" +
app/src/main/java/com/aeriotv/android/Navigation.kt	162	?isDvr=$isDvr&fromStart=$fromStart&autoResume=$autoResume&recEnd=$recEnd&recChannelId=$recChannelId	"?isDvr=$isDvr&fromStart=$fromStart&autoResume=$autoResume&recEnd=$recEnd&recChannelId=$recChannelId" +
app/src/main/java/com/aeriotv/android/Navigation.kt	163	&recId=$recId&csStart=$csStart&csEnd=$csEnd&csTz=${Uri.encode(csTz)}&csUuid=${Uri.encode(csUuid)}	"&recId=$recId&csStart=$csStart&csEnd=$csEnd&csTz=${Uri.encode(csTz)}&csUuid=${Uri.encode(csUuid)}"
app/src/main/java/com/aeriotv/android/Navigation.kt	168	dvr-<Dispatcharr recording id>	* "dvr-<Dispatcharr recording id>" when the id is known from the recording
app/src/main/java/com/aeriotv/android/Navigation.kt	234	Playing on ${companionTvName ?: 	"Playing on ${companionTvName ?: "TV"}",
app/src/main/java/com/aeriotv/android/Navigation.kt	323	Recording	target.title.ifBlank { "Recording" },
app/src/main/java/com/aeriotv/android/Navigation.kt	575	Signed in as ${signedInEmail.orEmpty()}. Restoring your data...	activated -> "Signed in as ${signedInEmail.orEmpty()}. Restoring your data..."
app/src/main/java/com/aeriotv/android/Navigation.kt	576	Signed in as $signedInEmail. No playlists in Drive yet -- set one up below.	signedInEmail != null -> "Signed in as $signedInEmail. No playlists in Drive yet -- set one up below."
app/src/main/java/com/aeriotv/android/Navigation.kt	577	Signed in. No playlists in Drive yet.	else -> "Signed in. No playlists in Drive yet."
app/src/main/java/com/aeriotv/android/Navigation.kt	657	Sign-in needs a foreground activity. Try again.	"Sign-in needs a foreground activity. Try again.",
app/src/main/java/com/aeriotv/android/Navigation.kt	669	Sign-in cancelled or failed.	"Sign-in cancelled or failed.",
app/src/main/java/com/aeriotv/android/Navigation.kt	688	Drive authorization failed.	"Drive authorization failed.",
app/src/main/java/com/aeriotv/android/Navigation.kt	719	Skip for now	// "Skip for now" is iOS parity. With no playlist saved the channel
app/src/main/java/com/aeriotv/android/Navigation.kt	771	Drive Sync isn't set up yet	title = { androidx.compose.material3.Text("Drive Sync isn't set up yet") },
app/src/main/java/com/aeriotv/android/Navigation.kt	774	This AerioTV build doesn't have a Google Cloud OAuth Web 	"This AerioTV build doesn't have a Google Cloud OAuth Web " +
app/src/main/java/com/aeriotv/android/Navigation.kt	775	Client ID baked in. Add GOOGLE_DRIVE_WEB_CLIENT_ID to 	"Client ID baked in. Add GOOGLE_DRIVE_WEB_CLIENT_ID to " +
app/src/main/java/com/aeriotv/android/Navigation.kt	778	Google can load.	"Google can load.",
app/src/main/java/com/aeriotv/android/Navigation.kt	784	Got it	) { androidx.compose.material3.Text("Got it") }
app/src/main/java/com/aeriotv/android/Navigation.kt	925	ApiKey $key	"Authorization" to "ApiKey $key",
app/src/main/java/com/aeriotv/android/Navigation.kt	947	Playing on $castDevice	"Playing on $castDevice",
app/src/main/java/com/aeriotv/android/Navigation.kt	953	Play Channels In: Mini player	// "Play Channels In: Mini player" on TV, the first OK
app/src/main/java/com/aeriotv/android/Navigation.kt	994	ApiKey $key	"Authorization" to "ApiKey $key",
app/src/main/java/com/aeriotv/android/Navigation.kt	1060	Play from Beginning	// Hero "Play from Beginning": start at 0 without deleting
app/src/main/java/com/aeriotv/android/Navigation.kt	1218	ApiKey $key	"Authorization" to "ApiKey $key",
app/src/main/java/com/aeriotv/android/Navigation.kt	1417	Play from Beginning	// Hero "Play from Beginning": skip the resume seek, keep the
app/src/main/java/com/aeriotv/android/Navigation.kt	1430	ApiKey $key	"Authorization" to "ApiKey $key",
app/src/main/java/com/aeriotv/android/Navigation.kt	1490	movie	// row was vodType "movie" with seriesId null: the hero label,
app/src/main/java/com/aeriotv/android/Navigation.kt	1536	Episode	title = episode?.displayName ?: "Episode",
app/src/main/java/com/aeriotv/android/Navigation.kt	1548	Episode	title = episode?.displayName ?: "Episode",
app/src/main/java/com/aeriotv/android/Navigation.kt	1584	ApiKey $key	"Authorization" to "ApiKey $key",
app/src/main/java/com/aeriotv/android/Navigation.kt	1619	Add streams	// "Add streams" picker reuses this single instance.
app/src/main/java/com/aeriotv/android/Navigation.kt	1703	Switch Version	// for the in-player "Switch Version" sheet (idempotent; the
app/src/main/java/com/aeriotv/android/Navigation.kt	1736	ApiKey $key	"Authorization" to "ApiKey $key",
app/src/main/java/com/aeriotv/android/Navigation.kt	1764	On Demand	title = movie?.displayName ?: "On Demand",
app/src/main/java/com/aeriotv/android/Navigation.kt	1776	On Demand	title = movie?.displayName ?: "On Demand",
app/src/main/java/com/aeriotv/android/Navigation.kt	1813	title	navArgument("title") { type = NavType.StringType },
app/src/main/java/com/aeriotv/android/Navigation.kt	1827	title	val title = Uri.decode(entry.arguments?.getString("title").orEmpty())
app/src/main/java/com/aeriotv/android/Navigation.kt	1883	ApiKey $key	"Authorization" to "ApiKey $key",
app/src/main/java/com/aeriotv/android/Navigation.kt	1916	Recording	title = title.ifBlank { "Recording" },
app/src/main/java/com/aeriotv/android/Navigation.kt	1932	Recording	title = title.ifBlank { "Recording" },
app/src/main/java/com/aeriotv/android/Navigation.kt	2001	hold Back to resume	// "hold Back to resume" hint; the phone variant lives inside
app/src/main/java/com/aeriotv/android/Navigation.kt	2048	NavHost received resume for channel id=${channel.id}; navigating to PLAYER	"NavHost received resume for channel id=${channel.id}; navigating to PLAYER",
app/src/main/java/com/aeriotv/android/Navigation.kt	2054	navController.navigate(PLAYER) threw	"navController.navigate(PLAYER) threw",
app/src/main/java/com/aeriotv/android/Navigation.kt	2066	the tab lost focus because a route is opening	*  read it to tell "the tab lost focus because a route is opening" from
app/src/main/java/com/aeriotv/android/core/app/AppLaunchTrace.kt	86	+${programsAtMs}ms (rows $programRows)	if (programsAtMs == 0L) "n/a" else "+${programsAtMs}ms (rows $programRows)"
app/src/main/java/com/aeriotv/android/core/app/AppLaunchTrace.kt	89	+${vodAtMs}ms (decode ${vodDecodeMs}ms)	val vod = if (vodAtMs == 0L) "n/a" else "+${vodAtMs}ms (decode ${vodDecodeMs}ms)"
app/src/main/java/com/aeriotv/android/core/app/AppSettleGate.kt	157	settled (+${SystemClock.elapsedRealtime() - startedAt} ms)	Log.i(TAG, "settled (+${SystemClock.elapsedRealtime() - startedAt} ms)")
app/src/main/java/com/aeriotv/android/core/cast/AerioCastReceiverController.kt	165	park ExoPlayer	// "stop" for AerioTV means "leave the player", not "park ExoPlayer".
app/src/main/java/com/aeriotv/android/core/cast/AerioCastReceiverController.kt	289	cast stop: playback stopped, exiting to Live TV	android.util.Log.i("CastReceiver", "cast stop: playback stopped, exiting to Live TV")
app/src/main/java/com/aeriotv/android/core/cast/AerioCastReceiverController.kt	305	Cast load missing media id	source.setException(IllegalArgumentException("Cast load missing media id"))
app/src/main/java/com/aeriotv/android/core/cast/AerioCastReceiverController.kt	326	Channel $mediaId not available on this device	IllegalStateException("Channel $mediaId not available on this device"),
app/src/main/java/com/aeriotv/android/core/cast/AerioCastReceiverController.kt	556	Track ${t.id}	append(t.title.ifBlank { "Track ${t.id}" })
app/src/main/java/com/aeriotv/android/core/cast/AerioCastReceiverController.kt	562	  ·  ${meta.joinToString(	if (meta.isNotEmpty()) append("  ·  ${meta.joinToString("  ·  ")}")
app/src/main/java/com/aeriotv/android/core/cast/AerioCastReceiverController.kt	566	Track ${t.id}	append(t.title.ifBlank { "Track ${t.id}" })
app/src/main/java/com/aeriotv/android/core/cast/AerioCastReceiverController.kt	589	${f.frameRate.toInt()}fps	if (f.frameRate > 0f) add("${f.frameRate.toInt()}fps")
app/src/main/java/com/aeriotv/android/core/cast/AerioCastReceiverController.kt	594	${f.channelCount}ch	if (f.channelCount > 0) add("${f.channelCount}ch")
app/src/main/java/com/aeriotv/android/core/cast/AerioCastReceiverController.kt	595	${f.sampleRate / 1000}kHz	if (f.sampleRate > 0) add("${f.sampleRate / 1000}kHz")
app/src/main/java/com/aeriotv/android/core/cast/AerioCastSender.kt	175	[Cast] receiver caps: ac-3=${cap(	"[Cast] receiver caps: ac-3=${cap("ac-3")} ec-3=${cap("ec-3")} " +
app/src/main/java/com/aeriotv/android/core/cast/AerioCastSender.kt	184	Now Casting	// The content currently being cast, exposed so an app-wide "Now Casting" mini
app/src/main/java/com/aeriotv/android/core/cast/AerioCastSender.kt	225	Switching to <channel>	* The cast card and the remote sheet render it as "Switching to <channel>"
app/src/main/java/com/aeriotv/android/core/cast/AerioCastSender.kt	260	AerioTV on TV	*  first under "AerioTV on TV". */
app/src/main/java/com/aeriotv/android/core/cast/AerioCastSender.kt	294	[Cast] receiver type handshake timed out after 	"[Cast] receiver type handshake timed out after " +
app/src/main/java/com/aeriotv/android/core/cast/AerioCastSender.kt	309	AerioTV on TV	// Remember this TV so the picker can list it under "AerioTV on TV"
app/src/main/java/com/aeriotv/android/core/cast/AerioCastSender.kt	312	[Cast] target=android-tv-app, native playback (receiver answered)	Log.i(TAG, "[Cast] target=android-tv-app, native playback (receiver answered)")
app/src/main/java/com/aeriotv/android/core/cast/AerioCastSender.kt	314	[Cast] target=web-receiver (receiver answered)	Log.i(TAG, "[Cast] target=web-receiver (receiver answered)")
app/src/main/java/com/aeriotv/android/core/cast/AerioCastSender.kt	316	[Cast] target=web-receiver (no answer, handshake timed out)	Log.i(TAG, "[Cast] target=web-receiver (no answer, handshake timed out)")
app/src/main/java/com/aeriotv/android/core/cast/AerioCastSender.kt	351	[Cast] tune held: receiver type not yet known	Log.i(TAG, "[Cast] tune held: receiver type not yet known")
app/src/main/java/com/aeriotv/android/core/cast/AerioCastSender.kt	378	[Cast] target=android-tv-app, native playback: channel=${base.title} 	"[Cast] target=android-tv-app, native playback: channel=${base.title} " +
app/src/main/java/com/aeriotv/android/core/cast/AerioCastSender.kt	496	[Cast] receiver: ev=${str(	var line = "[Cast] receiver: ev=${str("ev")} t=${num("t", 3)} buffered=$buffered " +
app/src/main/java/com/aeriotv/android/core/cast/AerioCastSender.kt	498	seek=$seek bufTime=${num(	"seek=$seek bufTime=${num("bufTime", 2)} bw=$bw hist=${str("hist")} err=$err" +
app/src/main/java/com/aeriotv/android/core/cast/AerioCastSender.kt	534	[Cast] remote player state=${playerStateName(playerState)} 	"[Cast] remote player state=${playerStateName(playerState)} " +
app/src/main/java/com/aeriotv/android/core/cast/AerioCastSender.kt	535	idleReason=${idleReasonName(idleReason)}	"idleReason=${idleReasonName(idleReason)}",
app/src/main/java/com/aeriotv/android/core/cast/AerioCastSender.kt	545	Switching to <channel>	// "Switching to <channel>" ends the moment the receiver is actually
app/src/main/java/com/aeriotv/android/core/cast/AerioCastSender.kt	573	[Cast] media error code=${error.detailedErrorCode} 	"[Cast] media error code=${error.detailedErrorCode} " +
app/src/main/java/com/aeriotv/android/core/cast/AerioCastSender.kt	574	reason=${error.reason} type=${error.type}	"reason=${error.reason} type=${error.type}",
app/src/main/java/com/aeriotv/android/core/cast/AerioCastSender.kt	596	[Cast] receiver idle after load; re-issuing load (attempt $idleReloadAttempts)	Log.i(TAG, "[Cast] receiver idle after load; re-issuing load (attempt $idleReloadAttempts)")
app/src/main/java/com/aeriotv/android/core/cast/AerioCastSender.kt	625	(receiver-side error or the Cast page went away)	"(receiver-side error or the Cast page went away)"
app/src/main/java/com/aeriotv/android/core/cast/AerioCastSender.kt	627	the session was ended deliberately (Stop Casting)	2161 -> "the session was ended deliberately (Stop Casting)"
app/src/main/java/com/aeriotv/android/core/cast/AerioCastSender.kt	680	cast session ended: error=$error graceful=$graceful	Log.i(TAG, "cast session ended: error=$error graceful=$graceful")
app/src/main/java/com/aeriotv/android/core/cast/AerioCastSender.kt	684	cast session ended involuntarily: error=$error 	Log.w(TAG, "cast session ended involuntarily: error=$error " +
app/src/main/java/com/aeriotv/android/core/cast/AerioCastSender.kt	688	Casting disconnected	if (device.isNullOrBlank()) "Casting disconnected"
app/src/main/java/com/aeriotv/android/core/cast/AerioCastSender.kt	689	Casting to $device disconnected	else "Casting to $device disconnected",
app/src/main/java/com/aeriotv/android/core/cast/AerioCastSender.kt	721	warm FAILED (no Play services, or invalid app id?)	if (!ok) Log.w(TAG, "warm FAILED (no Play services, or invalid app id?)")
app/src/main/java/com/aeriotv/android/core/cast/AerioCastSender.kt	753	multicastLock acquired=${acquired?.isHeld == true}	Log.i(TAG, "multicastLock acquired=${acquired?.isHeld == true}")
app/src/main/java/com/aeriotv/android/core/cast/AerioCastSender.kt	811	Stopping app	* "Stopping app" with no preceding media request of type STOP anywhere in
app/src/main/java/com/aeriotv/android/core/cast/AerioCastSender.kt	838	[Cast] play pressed while receiver idle; re-issuing load	Log.i(TAG, "[Cast] play pressed while receiver idle; re-issuing load")
app/src/main/java/com/aeriotv/android/core/cast/AerioCastSender.kt	955	[Cast] web flip ${previous?.title} -> ${base.title}: 	"[Cast] web flip ${previous?.title} -> ${base.title}: " +
app/src/main/java/com/aeriotv/android/core/cast/AerioCastSender.kt	990	[Cast] caps not received, assuming no AC-3	Log.i(TAG, "[Cast] caps not received, assuming no AC-3")
app/src/main/java/com/aeriotv/android/core/cast/AerioCastSender.kt	999	[Cast] audio plan: receiver=$receiverModel 	"[Cast] audio plan: receiver=$receiverModel " +
app/src/main/java/com/aeriotv/android/core/cast/AerioCastSender.kt	1014	[Cast] load channel=${base.title} refused: ${e.notice.message}	Log.w(TAG, "[Cast] load channel=${base.title} refused: ${e.notice.message}")
app/src/main/java/com/aeriotv/android/core/cast/AerioCastSender.kt	1015	${e.notice.title}. ${e.notice.message}	surfaceCastFailure("${e.notice.title}. ${e.notice.message}")
app/src/main/java/com/aeriotv/android/core/cast/AerioCastSender.kt	1020	[Cast] load channel=${base.title} 	"[Cast] load channel=${base.title} " +
app/src/main/java/com/aeriotv/android/core/cast/AerioCastSender.kt	1021	audio=${e.codecName} mode=refused	"audio=${e.codecName} mode=refused",
app/src/main/java/com/aeriotv/android/core/cast/AerioCastSender.kt	1027	Dispatcharr did not send any data for this channel within 	"Dispatcharr did not send any data for this channel within " +
app/src/main/java/com/aeriotv/android/core/cast/AerioCastSender.kt	1028	${CastHlsProxySession.READY_TIMEOUT_MS / 1000} seconds.	"${CastHlsProxySession.READY_TIMEOUT_MS / 1000} seconds.",
app/src/main/java/com/aeriotv/android/core/cast/AerioCastSender.kt	1042	Can't cast this channel right now	surfaceCastFailure("Can't cast this channel right now")
app/src/main/java/com/aeriotv/android/core/cast/AerioCastSender.kt	1052	[Cast] flip epoch=$epoch superseded by $flipEpoch; not loading	Log.i(TAG, "[Cast] flip epoch=$epoch superseded by $flipEpoch; not loading")
app/src/main/java/com/aeriotv/android/core/cast/AerioCastSender.kt	1057	[Cast] load channel=${base.title} 	"[Cast] load channel=${base.title} " +
app/src/main/java/com/aeriotv/android/core/cast/AerioCastSender.kt	1058	audio=${started.audioCodec.ifBlank { 	"audio=${started.audioCodec.ifBlank { "unknown" }} mode=passthrough",
app/src/main/java/com/aeriotv/android/core/cast/AerioCastSender.kt	1082	This channel's video is $codec, which Google Cast receivers cannot play.	return "This channel's video is $codec, which Google Cast receivers cannot play."
app/src/main/java/com/aeriotv/android/core/cast/AerioCastSender.kt	1085	This receiver cannot decode this channel's surround audio (AC-3).	return "This receiver cannot decode this channel's surround audio (AC-3)."
app/src/main/java/com/aeriotv/android/core/cast/AerioCastSender.kt	1087	This channel's audio is $codec, which the receiver cannot decode.	return "This channel's audio is $codec, which the receiver cannot decode."
app/src/main/java/com/aeriotv/android/core/cast/AerioCastSender.kt	1100	Off	/** [id] == null selects "Off" (disables subtitles on the receiver). */
app/src/main/java/com/aeriotv/android/core/cast/AerioCastSender.kt	1148	[Cast] skip ${deltaMs / 1000}s -> ${position}ms range=${range != null}	Log.i(TAG, "[Cast] skip ${deltaMs / 1000}s -> ${position}ms range=${range != null}")
app/src/main/java/com/aeriotv/android/core/cast/AerioCastSender.kt	1197	Casting disconnected	// degrades to a bare "Casting disconnected" (observed on a Z Fold 5
app/src/main/java/com/aeriotv/android/core/cast/AerioCastSender.kt	1211	[Cast] session started: pendingChannel=${pending?.mediaId ?: 	"[Cast] session started: pendingChannel=${pending?.mediaId ?: "none"} " +
app/src/main/java/com/aeriotv/android/core/cast/AerioCastSender.kt	1212	willLoad=${pending != null}	"willLoad=${pending != null}",
app/src/main/java/com/aeriotv/android/core/cast/AerioCastSender.kt	1322	castState -> $castState (1=NO_DEVICES 2=NOT_CONNECTED 3=CONNECTING 4=CONNECTED)	Log.i(TAG, "castState -> $castState (1=NO_DEVICES 2=NOT_CONNECTED 3=CONNECTING 4=CONNECTED)")
app/src/main/java/com/aeriotv/android/core/cast/AerioCastSender.kt	1410	[Cast] load sent channel=${content.title} autoplay=true 	"[Cast] load sent channel=${content.title} autoplay=true " +
app/src/main/java/com/aeriotv/android/core/cast/AerioCastSender.kt	1411	contentUrl=${if (content.webCastUrl != null) 	"contentUrl=${if (content.webCastUrl != null) "proxy" else "none"} " +
app/src/main/java/com/aeriotv/android/core/cast/AerioCastSender.kt	1412	mime=${content.webCastMime}	"mime=${content.webCastMime}",
app/src/main/java/com/aeriotv/android/core/cast/AerioCastSender.kt	1418	[Cast] load accepted by the receiver	Log.i(TAG, "[Cast] load accepted by the receiver")
app/src/main/java/com/aeriotv/android/core/cast/AerioCastSender.kt	1422	[Cast] load REJECTED code=${status.statusCode} 	"[Cast] load REJECTED code=${status.statusCode} " +
app/src/main/java/com/aeriotv/android/core/cast/AerioReceiverOptionsProvider.kt	19	AerioTV	.setStatusText("AerioTV")
app/src/main/java/com/aeriotv/android/core/cast/CastControl.kt	99	title	const val KEY_TITLE = "title"
app/src/main/java/com/aeriotv/android/core/cast/CastControl.kt	111	textOff	const val KEY_TEXT_OFF = "textOff" // Boolean: true when no subtitle is selected
app/src/main/java/com/aeriotv/android/core/cast/CastControl.kt	121	label	const val KEY_LABEL = "label"
app/src/main/java/com/aeriotv/android/core/cast/CastControl.kt	131	Off	/** Subtitle tracks, EXCLUDING the implicit "Off" option the UI always adds. */
app/src/main/java/com/aeriotv/android/core/cast/CastControl.kt	133	Off	/** True when no subtitle track is currently selected (the "Off" row is checked). */
app/src/main/java/com/aeriotv/android/core/cast/CastControl.kt	165	Video Scale	* The wire keys predate the "Video Scale" naming: "zoom" is Fill (aspect
app/src/main/java/com/aeriotv/android/core/cast/CastControl.kt	280	Streams for ESPN HD	// "Streams for ESPN HD" while the TV played ESPN2). Riding the anchor
app/src/main/java/com/aeriotv/android/core/cast/CastNotificationController.kt	24	Casting to <TV>	* Process-scoped "Casting to <TV>" notification (GH #33). The media foreground-
app/src/main/java/com/aeriotv/android/core/cast/CastNotificationController.kt	96	Now casting	.setContentTitle(content.title.ifBlank { "Now casting" })
app/src/main/java/com/aeriotv/android/core/cast/CastNotificationController.kt	97	Casting	.setContentText(if (!deviceName.isNullOrBlank()) "Casting to $deviceName" else "Casting")
app/src/main/java/com/aeriotv/android/core/cast/CastNotificationController.kt	97	Casting to $deviceName	.setContentText(if (!deviceName.isNullOrBlank()) "Casting to $deviceName" else "Casting")
app/src/main/java/com/aeriotv/android/core/cast/CastNotificationController.kt	116	Casting to ${end.deviceName} disconnected	"Casting to ${end.deviceName} disconnected"
app/src/main/java/com/aeriotv/android/core/cast/CastNotificationController.kt	118	Casting disconnected	"Casting disconnected"
app/src/main/java/com/aeriotv/android/core/cast/CastNotificationController.kt	121	${end.contentTitle} stopped. 	if (!end.contentTitle.isNullOrBlank()) append("${end.contentTitle} stopped. ")
app/src/main/java/com/aeriotv/android/core/cast/CastNotificationController.kt	122	The connection to the TV was lost. Open AerioTV to cast again.	append("The connection to the TV was lost. Open AerioTV to cast again.")
app/src/main/java/com/aeriotv/android/core/cast/CastNotificationController.kt	164	Casting interrupted	"Casting interrupted",
app/src/main/java/com/aeriotv/android/core/cast/NativeCastDevices.kt	18	AerioTV on TV	* The picker therefore promotes a device into its "AerioTV on TV" section AFTER
app/src/main/java/com/aeriotv/android/core/cast/companion/CompanionDiscovery.kt	69	browse quiet + list empty -> restarting NSD browse	Log.i(TAG, "browse quiet + list empty -> restarting NSD browse")
app/src/main/java/com/aeriotv/android/core/cast/companion/CompanionDiscovery.kt	107	discover start failed $errorCode	override fun onStartDiscoveryFailed(serviceType: String, errorCode: Int) { Log.w(TAG, "discover start failed $errorCode") }
app/src/main/java/com/aeriotv/android/core/cast/companion/CompanionDiscovery.kt	166	Android TV	val tv = Tv(deviceId = id, name = info.serviceName ?: "Android TV", host = host, port = info.port)
app/src/main/java/com/aeriotv/android/core/cast/companion/CompanionHostController.kt	170	Activity pause timeout	* events ~1s after every (re)launch ("Activity pause timeout" in the system
app/src/main/java/com/aeriotv/android/core/cast/companion/CompanionHostController.kt	225	watchdog: NSD unconfirmed (attempt ${nsdAttempts + 1}) -> re-registering	Log.i(TAG, "watchdog: NSD unconfirmed (attempt ${nsdAttempts + 1}) -> re-registering")
app/src/main/java/com/aeriotv/android/core/cast/companion/CompanionHostController.kt	248	companion host advertising on :$boundPort	Log.i(TAG, "companion host advertising on :$boundPort")
app/src/main/java/com/aeriotv/android/core/cast/companion/CompanionHostController.kt	263	startAdvertising failed	Log.w(TAG, "startAdvertising failed", it)
app/src/main/java/com/aeriotv/android/core/cast/companion/CompanionHostController.kt	321	${deviceName()} ($nsdNameGen)	"${deviceName()} ($nsdNameGen)"
app/src/main/java/com/aeriotv/android/core/cast/companion/CompanionHostController.kt	324	NSD retry under renamed instance \"$instanceName\" (attempt ${nsdAttempts + 1})	Log.i(TAG, "NSD retry under renamed instance \"$instanceName\" (attempt ${nsdAttempts + 1})")
app/src/main/java/com/aeriotv/android/core/cast/companion/CompanionHostController.kt	343	NSD registered ${s.serviceName}	Log.i(TAG, "NSD registered ${s.serviceName}")
app/src/main/java/com/aeriotv/android/core/cast/companion/CompanionHostController.kt	357	NSD registerService threw (watchdog will retry)	Log.w(TAG, "NSD registerService threw (watchdog will retry)", it)
app/src/main/java/com/aeriotv/android/core/cast/companion/CompanionHostController.kt	425	Phone connected	context, "Phone connected", android.widget.Toast.LENGTH_SHORT,
app/src/main/java/com/aeriotv/android/core/cast/companion/CompanionHostController.kt	502	last phone disconnected while audioOnly -> restoring video	Log.i(TAG, "last phone disconnected while audioOnly -> restoring video")
app/src/main/java/com/aeriotv/android/core/cast/companion/CompanionHostController.kt	530	companion setChannel: channel not playable: $id	Log.w(TAG, "companion setChannel: channel not playable: $id")
app/src/main/java/com/aeriotv/android/core/cast/companion/CompanionHostController.kt	582	companion stop: playback stopped, exiting to Live TV	Log.i(TAG, "companion stop: playback stopped, exiting to Live TV")
app/src/main/java/com/aeriotv/android/core/cast/companion/CompanionHostController.kt	607	companion audioOnly=$on (video ${if (on) 	Log.i(TAG, "companion audioOnly=$on (video ${if (on) "disabled" else "enabled"})")
app/src/main/java/com/aeriotv/android/core/cast/companion/CompanionHostController.kt	726	Android TV	.getOrNull()?.takeIf { it.isNotBlank() } ?: Build.MODEL ?: "Android TV"
app/src/main/java/com/aeriotv/android/core/cast/companion/CompanionProtocol.kt	38	nowPlaying	const val KEY_NOW_PLAYING = "nowPlaying" // current channel title (blank if nothing playing)
app/src/main/java/com/aeriotv/android/core/cast/companion/CompanionRemoteController.kt	87	Controlling <TV>	// Best-effort title of what the TV is playing, for the "Controlling <TV>" mini
app/src/main/java/com/aeriotv/android/core/cast/companion/CompanionRemoteController.kt	153	connect failed	if (gen == generation.get()) _connection.value = Conn.Failed(it.message ?: "connect failed")
app/src/main/java/com/aeriotv/android/core/cast/companion/CompanionRemoteController.kt	167	companion socket dropped; reconnect attempt $reconnectAttempts	Log.i(TAG, "companion socket dropped; reconnect attempt $reconnectAttempts")
app/src/main/java/com/aeriotv/android/core/cast/companion/CompanionRemoteController.kt	218	companion authOk -> controlling ${deviceName ?: tv.name}	Log.i(TAG, "companion authOk -> controlling ${deviceName ?: tv.name}")
app/src/main/java/com/aeriotv/android/core/cast/companion/CompanionRemoteController.kt	224	companion authFail -> needs pairing (${deviceName ?: tv.name})	Log.w(TAG, "companion authFail -> needs pairing (${deviceName ?: tv.name})")
app/src/main/java/com/aeriotv/android/core/cast/companion/CompanionRemotePlayer.kt	64	<channel> on <TV>	// Programme title on top, "<channel> on <TV>" beneath, channel logo as art.
app/src/main/java/com/aeriotv/android/core/cast/companion/CompanionRemotePlayer.kt	66	Controlling TV	?: channelName.ifBlank { "Controlling TV" }
app/src/main/java/com/aeriotv/android/core/cast/companion/CompanionRemoteService.kt	109	custom buttons trail the stock ones	// default "custom buttons trail the stock ones".
app/src/main/java/com/aeriotv/android/core/cast/companion/CompanionRemoteService.kt	154	Controlling TV	.setContentTitle("Controlling TV")
app/src/main/java/com/aeriotv/android/core/cast/companion/CompanionRemoteService.kt	263	Controls for the TV you are controlling from this phone	description = "Controls for the TV you are controlling from this phone"
app/src/main/java/com/aeriotv/android/core/cast/hlsproxy/CastAudioFramer.kt	8	Web Player (AAC Audio)	* built-in "Web Player (AAC Audio)" output profile, so the proxy ingests
app/src/main/java/com/aeriotv/android/core/cast/hlsproxy/CastAudioFramer.kt	132	Using a PCE to encode channel layout	* Table 1.19 ("Using a PCE to encode channel layout"), so in
app/src/main/java/com/aeriotv/android/core/cast/hlsproxy/CastAudioFramer.kt	173	Web Player (AAC Audio)	* Dispatcharr's "Web Player (AAC Audio)" output profile (ffmpeg
app/src/main/java/com/aeriotv/android/core/cast/hlsproxy/CastAudioFramer.kt	176	Using a PCE to encode channel layout	* raw_data_block ("Using a PCE to encode channel layout"). An
app/src/main/java/com/aeriotv/android/core/cast/hlsproxy/CastAudioFramer.kt	180	error 0x0005, substituting silence	* contains the PCE ("error 0x0005, substituting silence", 5388 times
app/src/main/java/com/aeriotv/android/core/cast/hlsproxy/CastHlsProxyServer.kt	231	splice oldGen=$oldGen newGen=$generation 	"splice oldGen=$oldGen newGen=$generation " +
app/src/main/java/com/aeriotv/android/core/cast/hlsproxy/CastHlsProxyServer.kt	232	lastSeq=${nextSeq - 1} firstNewSeq=$nextSeq	"lastSeq=${nextSeq - 1} firstNewSeq=$nextSeq",
app/src/main/java/com/aeriotv/android/core/cast/hlsproxy/CastHlsProxyServer.kt	353	#EXT-X-MEDIA:TYPE=AUDIO,GROUP-ID=\"aud\",NAME=\"Main\",	"#EXT-X-MEDIA:TYPE=AUDIO,GROUP-ID=\"aud\",NAME=\"Main\"," +
app/src/main/java/com/aeriotv/android/core/cast/hlsproxy/CastHlsProxyServer.kt	504	No Content	respond(out, 204, "No Content", null, ByteArray(0))
app/src/main/java/com/aeriotv/android/core/cast/hlsproxy/CastHlsProxyServer.kt	508	Method Not Allowed	respond(out, 405, "Method Not Allowed", null, ByteArray(0))
app/src/main/java/com/aeriotv/android/core/cast/hlsproxy/CastHlsProxyServer.kt	532	receiver fetched the playlist for the first time (${sock.inetAddress?.hostAddress})	log("receiver fetched the playlist for the first time (${sock.inetAddress?.hostAddress})")
app/src/main/java/com/aeriotv/android/core/cast/hlsproxy/CastHlsProxyServer.kt	578	Not Found	respond(out, 404, "Not Found", "text/plain", "not found".toByteArray())
app/src/main/java/com/aeriotv/android/core/cast/hlsproxy/CastHlsProxyServer.kt	600	$method $path $status $bytes B$wait	log("$method $path $status $bytes B$wait")
app/src/main/java/com/aeriotv/android/core/cast/hlsproxy/CastHlsProxyServer.kt	616	HTTP/1.1 	headers.append("HTTP/1.1 ").append(code).append(' ').append(reason).append("\r\n")
app/src/main/java/com/aeriotv/android/core/cast/hlsproxy/CastHlsProxyServer.kt	616	\r\n	headers.append("HTTP/1.1 ").append(code).append(' ').append(reason).append("\r\n")
app/src/main/java/com/aeriotv/android/core/cast/hlsproxy/CastHlsProxyServer.kt	617	Content-Type: 	contentType?.let { headers.append("Content-Type: ").append(it).append("\r\n") }
app/src/main/java/com/aeriotv/android/core/cast/hlsproxy/CastHlsProxyServer.kt	617	\r\n	contentType?.let { headers.append("Content-Type: ").append(it).append("\r\n") }
app/src/main/java/com/aeriotv/android/core/cast/hlsproxy/CastHlsProxyServer.kt	618	Content-Length: 	headers.append("Content-Length: ").append(declaredLength).append("\r\n")
app/src/main/java/com/aeriotv/android/core/cast/hlsproxy/CastHlsProxyServer.kt	618	\r\n	headers.append("Content-Length: ").append(declaredLength).append("\r\n")
app/src/main/java/com/aeriotv/android/core/cast/hlsproxy/CastHlsProxyServer.kt	619	Access-Control-Allow-Origin: *\r\n	headers.append("Access-Control-Allow-Origin: *\r\n")
app/src/main/java/com/aeriotv/android/core/cast/hlsproxy/CastHlsProxyServer.kt	621	Access-Control-Allow-Headers: *\r\n	headers.append("Access-Control-Allow-Headers: *\r\n")
app/src/main/java/com/aeriotv/android/core/cast/hlsproxy/CastHlsProxyServer.kt	622	Cache-Control: no-cache\r\n	headers.append("Cache-Control: no-cache\r\n")
app/src/main/java/com/aeriotv/android/core/cast/hlsproxy/CastHlsProxyServer.kt	623	Connection: close\r\n	headers.append("Connection: close\r\n")
app/src/main/java/com/aeriotv/android/core/cast/hlsproxy/CastHlsProxyServer.kt	624	\r\n	headers.append("\r\n")
app/src/main/java/com/aeriotv/android/core/cast/hlsproxy/CastHlsProxyService.kt	22	Casting to <TV>	* "Casting to <TV>" chip is a plain notify(), not an FGS. Without this
app/src/main/java/com/aeriotv/android/core/cast/hlsproxy/CastHlsProxyService.kt	48	Streaming to Cast device	.setContentTitle("Streaming to Cast device")
app/src/main/java/com/aeriotv/android/core/cast/hlsproxy/CastHlsProxyService.kt	49	AerioTV is relaying this channel to your TV	.setContentText("AerioTV is relaying this channel to your TV")
app/src/main/java/com/aeriotv/android/core/cast/hlsproxy/CastHlsProxySession.kt	37	cast ingest refused: ${notice.message}	) : Exception("cast ingest refused: ${notice.message}")
app/src/main/java/com/aeriotv/android/core/cast/hlsproxy/CastHlsProxySession.kt	97	did not send any data	*  the "did not send any data" message, so the two never drift). */
app/src/main/java/com/aeriotv/android/core/cast/hlsproxy/CastHlsProxySession.kt	216	server on $lanIp:$port; ${if (isChannelChange) 	"server on $lanIp:$port; ${if (isChannelChange) "channel change" else "session start"} " +
app/src/main/java/com/aeriotv/android/core/cast/hlsproxy/CastHlsProxySession.kt	217	gen=$gen ac3Passthrough=$allowAc3Passthrough ingest=${sanitize(rawTsUrl)}	"gen=$gen ac3Passthrough=$allowAc3Passthrough ingest=${sanitize(rawTsUrl)}",
app/src/main/java/com/aeriotv/android/core/cast/hlsproxy/CastHlsProxySession.kt	251	ready after ${System.currentTimeMillis() - readyWaitBegan}ms with 	"ready after ${System.currentTimeMillis() - readyWaitBegan}ms with " +
app/src/main/java/com/aeriotv/android/core/cast/hlsproxy/CastHlsProxySession.kt	252	${server.segmentsInGeneration.value} segments, 	"${server.segmentsInGeneration.value} segments, " +
app/src/main/java/com/aeriotv/android/core/cast/hlsproxy/CastHlsProxySession.kt	346	init ready gen=$currentGen 	"init ready gen=$currentGen " +
app/src/main/java/com/aeriotv/android/core/cast/hlsproxy/CastHlsProxySession.kt	395	.format(segmentStartSeconds)}s 	"seg=$localSeq t=${"%.2f".format(segmentStartSeconds)}s " +
app/src/main/java/com/aeriotv/android/core/cast/hlsproxy/CastHlsProxySession.kt	395	seg=$localSeq t=${	"seg=$localSeq t=${"%.2f".format(segmentStartSeconds)}s " +
app/src/main/java/com/aeriotv/android/core/cast/hlsproxy/CastHlsProxySession.kt	396	.format(segSeconds)}s 	"dur=${"%.2f".format(segSeconds)}s " +
app/src/main/java/com/aeriotv/android/core/cast/hlsproxy/CastHlsProxySession.kt	397	.format(firstVideoDtsSeconds)} 	"vdts=${"%.3f".format(firstVideoDtsSeconds)} " +
app/src/main/java/com/aeriotv/android/core/cast/hlsproxy/CastHlsProxySession.kt	398	.format(firstVideoPtsSeconds)} 	"vpts=${"%.3f".format(firstVideoPtsSeconds)} " +
app/src/main/java/com/aeriotv/android/core/cast/hlsproxy/CastHlsProxySession.kt	399	.format(firstAudioPtsSeconds)} 	"apts=${"%.3f".format(firstAudioPtsSeconds)} " +
app/src/main/java/com/aeriotv/android/core/cast/hlsproxy/CastHlsProxySession.kt	400	.format(buffStart)} 	"buffStart=${"%.3f".format(buffStart)} " +
app/src/main/java/com/aeriotv/android/core/cast/hlsproxy/CastHlsProxySession.kt	401	video=$videoSamples audio=$audioSamples 	"video=$videoSamples audio=$audioSamples " +
app/src/main/java/com/aeriotv/android/core/cast/hlsproxy/CastHlsProxySession.kt	411	first segment gen=$currentGen seq=0 	"first segment gen=$currentGen seq=0 " +
app/src/main/java/com/aeriotv/android/core/cast/hlsproxy/CastHlsProxySession.kt	412	.format(segSeconds)}s 	"dur=${"%.2f".format(segSeconds)}s " +
app/src/main/java/com/aeriotv/android/core/cast/hlsproxy/CastHlsProxySession.kt	414	video=$videoSamples audio=$audioSamples samples	"video=$videoSamples audio=$audioSamples samples",
app/src/main/java/com/aeriotv/android/core/cast/hlsproxy/CastHlsProxySession.kt	424	segments=$segmentsLogged last$LOG_EVERY_SEGMENTS: 	"segments=$segmentsLogged last$LOG_EVERY_SEGMENTS: " +
app/src/main/java/com/aeriotv/android/core/cast/hlsproxy/CastHlsProxySession.kt	426	bytes=$rollupBytes bitrate=${kbps}kbps	"bytes=$rollupBytes bitrate=${kbps}kbps",
app/src/main/java/com/aeriotv/android/core/cast/hlsproxy/CastHlsProxySession.kt	453	[LIMIT] ingest ${notice.kind}: ${notice.message}	debugLogWarn(context, TAG, "[LIMIT] ingest ${notice.kind}: ${notice.message}")
app/src/main/java/com/aeriotv/android/core/cast/hlsproxy/CastHlsProxySession.kt	470	ingest reconnected (attempt ${consecutiveFailures + 1})	debugLog(context, TAG, "ingest reconnected (attempt ${consecutiveFailures + 1})")
app/src/main/java/com/aeriotv/android/core/cast/hlsproxy/CastHlsProxySession.kt	492	unsupported codec, refusing to cast: ${e.codecName}	debugLogWarn(context, TAG, "unsupported codec, refusing to cast: ${e.codecName}")
app/src/main/java/com/aeriotv/android/core/cast/hlsproxy/CastHlsProxySession.kt	500	ingest stream error: $t	debugLogWarn(context, TAG, "ingest stream error: $t")
app/src/main/java/com/aeriotv/android/core/cast/hlsproxy/CastHlsProxySession.kt	519	[RECOVER] ingest ended cleanly #$cleanEndStreak; reconnecting in ${cleanBackoffMs}ms	"[RECOVER] ingest ended cleanly #$cleanEndStreak; reconnecting in ${cleanBackoffMs}ms",
app/src/main/java/com/aeriotv/android/core/cast/hlsproxy/CastHlsProxySession.kt	528	[RECOVER] ingest clean end #$cleanEndStreak session check: 	"[RECOVER] ingest clean end #$cleanEndStreak session check: " +
app/src/main/java/com/aeriotv/android/core/cast/hlsproxy/CastHlsProxySession.kt	551	ingest gave up after $consecutiveFailures consecutive failures	"ingest gave up after $consecutiveFailures consecutive failures",
app/src/main/java/com/aeriotv/android/core/cast/hlsproxy/TsToFmp4Remuxer.kt	20	Cast HLS proxy cannot serve $codecName	) : Exception("Cast HLS proxy cannot serve $codecName")
app/src/main/java/com/aeriotv/android/core/cast/hlsproxy/TsToFmp4Remuxer.kt	32	Web Player (AAC Audio)	* requests the server's built-in "Web Player (AAC Audio)" output profile
app/src/main/java/com/aeriotv/android/core/cast/hlsproxy/TsToFmp4Remuxer.kt	197	MPEG-4 Part 2 video	0x10 to "MPEG-4 Part 2 video",
app/src/main/java/com/aeriotv/android/core/cast/hlsproxy/TsToFmp4Remuxer.kt	293	Failed to send audio packet for decoding ... timestamp=0	*  ("Failed to send audio packet for decoding ... timestamp=0", then
app/src/main/java/com/aeriotv/android/core/cast/hlsproxy/TsToFmp4Remuxer.kt	294	audio decoder fallback after initial decode error	*  "audio decoder fallback after initial decode error"), costing the
app/src/main/java/com/aeriotv/android/core/cast/hlsproxy/TsToFmp4Remuxer.kt	737	audio passthrough: ${source.displayName} ${info.channels}ch 	"audio passthrough: ${source.displayName} ${info.channels}ch " +
app/src/main/java/com/aeriotv/android/core/cast/hlsproxy/TsToFmp4Remuxer.kt	738	${info.sampleRate}Hz ${info.bitrateKbps}kbps (no transcode)	"${info.sampleRate}Hz ${info.bitrateKbps}kbps (no transcode)",
app/src/main/java/com/aeriotv/android/core/cast/hlsproxy/TsToFmp4Remuxer.kt	1015	.format((videoEnd - timelineBase) / ticks)} 	"splice tail: video end ${"%.3f".format((videoEnd - timelineBase) / ticks)} " +
app/src/main/java/com/aeriotv/android/core/cast/hlsproxy/TsToFmp4Remuxer.kt	1016	.format(if (audioEnd < 0) -1.0 else (audioEnd - timelineBase) / ticks)} 	"audio end ${"%.3f".format(if (audioEnd < 0) -1.0 else (audioEnd - timelineBase) / ticks)} " +
app/src/main/java/com/aeriotv/android/core/cast/hlsproxy/TsToFmp4Remuxer.kt	1017	.format((videoEnd - cut) * 1000.0 / ticks)} ms	"trimmed ${"%.1f".format((videoEnd - cut) * 1000.0 / ticks)} ms",
app/src/main/java/com/aeriotv/android/core/cast/hlsproxy/TsToFmp4Remuxer.kt	1085	audio census: audio=${segAudio.size} aexp=${	"audio census: audio=${segAudio.size} aexp=${"%.1f".format(expected)} " +
app/src/main/java/com/aeriotv/android/core/cast/hlsproxy/TsToFmp4Remuxer.kt	1086	.format(expected - segAudio.size)} frames	"shortfall=${"%.1f".format(expected - segAudio.size)} frames",
app/src/main/java/com/aeriotv/android/core/cast/hlsproxy/TsToFmp4Remuxer.kt	1126	${logPrefix(rendition)}init: mehd 24h, liveness recorded	log("${logPrefix(rendition)}init: mehd 24h, liveness recorded")
app/src/main/java/com/aeriotv/android/core/cast/hlsproxy/TsToFmp4Remuxer.kt	1370	Append: stream parsing failed. Data size=1116	* ("Append: stream parsing failed. Data size=1116", pipeline_error 16),
app/src/main/java/com/aeriotv/android/core/cast/hlsproxy/TsToFmp4Remuxer.kt	1402	audioObjectType $objectType -> $safeObjectType, 	"audioObjectType $objectType -> $safeObjectType, " +
app/src/main/java/com/aeriotv/android/core/cast/hlsproxy/TsToFmp4Remuxer.kt	1403	sampling_frequency_index $freqIndex -> $safeFreqIndex, 	"sampling_frequency_index $freqIndex -> $safeFreqIndex, " +
app/src/main/java/com/aeriotv/android/core/cast/hlsproxy/TsToFmp4Remuxer.kt	1404	channel_configuration $chanConfig -> $safeChanConfig 	"channel_configuration $chanConfig -> $safeChanConfig " +
app/src/main/java/com/aeriotv/android/core/cast/hlsproxy/TsToFmp4Remuxer.kt	1405	(an AudioSpecificConfig cannot carry the original and Chromium 	"(an AudioSpecificConfig cannot carry the original and Chromium " +
app/src/main/java/com/aeriotv/android/core/category/CategoryPalette.kt	74	Movies HD	* groupings ("Sports", "Movies HD", "Kids", "News") already match the
app/src/main/java/com/aeriotv/android/core/category/ProgramCategory.kt	22	Add more categories	* are gated behind the "Add more categories" sub-screen.
app/src/main/java/com/aeriotv/android/core/category/ProgramCategory.kt	25	Kids Sports	* when multiple aliases match a single token, so "Kids Sports" colours as Kids
app/src/main/java/com/aeriotv/android/core/category/ProgramCategory.kt	26	Film Documentary	* and "Film Documentary" colours as Documentary.
app/src/main/java/com/aeriotv/android/core/category/ProgramCategory.kt	37	Sports	displayName = "Sports",
app/src/main/java/com/aeriotv/android/core/category/ProgramCategory.kt	49	Movies	displayName = "Movies",
app/src/main/java/com/aeriotv/android/core/category/ProgramCategory.kt	58	Kids	displayName = "Kids",
app/src/main/java/com/aeriotv/android/core/category/ProgramCategory.kt	69	News	displayName = "News",
app/src/main/java/com/aeriotv/android/core/category/ProgramCategory.kt	80	Documentary	displayName = "Documentary",
app/src/main/java/com/aeriotv/android/core/category/ProgramCategory.kt	90	Drama	displayName = "Drama",
app/src/main/java/com/aeriotv/android/core/category/ProgramCategory.kt	100	Comedy	displayName = "Comedy",
app/src/main/java/com/aeriotv/android/core/category/ProgramCategory.kt	107	Reality	displayName = "Reality",
app/src/main/java/com/aeriotv/android/core/category/ProgramCategory.kt	117	Educational	displayName = "Educational",
app/src/main/java/com/aeriotv/android/core/category/ProgramCategory.kt	126	Sci-Fi / Fantasy	displayName = "Sci-Fi / Fantasy",
app/src/main/java/com/aeriotv/android/core/category/ProgramCategory.kt	136	Music	displayName = "Music",
app/src/main/java/com/aeriotv/android/core/category/ProgramCategory.kt	142	categoryColor.$storageSuffix	val hexStorageKey: String get() = "categoryColor.$storageSuffix"
app/src/main/java/com/aeriotv/android/core/category/ProgramCategory.kt	143	categoryBucketEnabled.$storageSuffix	val enabledStorageKey: String get() = "categoryBucketEnabled.$storageSuffix"
app/src/main/java/com/aeriotv/android/core/category/ProgramCategory.kt	149	Add more categories	/** The 7 buckets gated behind "Add more categories". */
app/src/main/java/com/aeriotv/android/core/category/ProgramCategory.kt	155	Kids Sports	* Resolution order. Kids first so "Kids Sports" colours as Kids,
app/src/main/java/com/aeriotv/android/core/category/ProgramCategory.kt	156	Film Documentary	* Movies last so "Film Documentary" colours as Documentary. Matches
app/src/main/java/com/aeriotv/android/core/data/ChannelEpgKey.kt	114	 else hits.joinToString(	"$k -> ${if (hits.isEmpty()) "no channel field" else hits.joinToString("|")}"
app/src/main/java/com/aeriotv/android/core/data/ChannelEpgKey.kt	114	$k -> ${if (hits.isEmpty()) 	"$k -> ${if (hits.isEmpty()) "no channel field" else hits.joinToString("|")}"
app/src/main/java/com/aeriotv/android/core/data/ChannelEpgKey.kt	118	attach: ${result.attachedCount} attached, ${result.unresolvedCount} unresolved; 	"attach: ${result.attachedCount} attached, ${result.unresolvedCount} unresolved; " +
app/src/main/java/com/aeriotv/android/core/data/ChannelEpgKey.kt	119	channels=${channels.size} withTvg=${channels.count { it.tvgID.isNotBlank() }} 	"channels=${channels.size} withTvg=${channels.count { it.tvgID.isNotBlank() }} " +
app/src/main/java/com/aeriotv/android/core/data/EPGProgramme.kt	21	Dummy EPG	* and for Dispatcharr's "Dummy EPG" string-id entries.
app/src/main/java/com/aeriotv/android/core/data/EPGProgramme.kt	63	Tomorrow at 21:00 - Villarreal v Real Betis	* "Tomorrow at 21:00 - Villarreal v Real Betis" match nothing on TMDB),
app/src/main/java/com/aeriotv/android/core/data/ProgramInfoTarget.kt	7	Program Info	* "Program Info"). Mirrors iOS `ProgramInfoTarget` (ProgramInfoView.swift:20).
app/src/main/java/com/aeriotv/android/core/data/ProgramInfoTarget.kt	21	DVR requires Dispatcharr	* (whose Record action toasts a "DVR requires Dispatcharr" message).
app/src/main/java/com/aeriotv/android/core/data/ProgramInfoTarget.kt	29	Dummy EPG	* and for Dispatcharr's "Dummy EPG" rows.
app/src/main/java/com/aeriotv/android/core/data/ProgramInfoTarget.kt	51	$title-$startMillis-$endMillis	val id: String get() = "$title-$startMillis-$endMillis"
app/src/main/java/com/aeriotv/android/core/data/SourceType.kt	30	Dispatcharr (API Key)	DispatcharrApiKey("Dispatcharr (API Key)", true),
app/src/main/java/com/aeriotv/android/core/data/SourceType.kt	31	Dispatcharr (Username & Password)	DispatcharrUserPass("Dispatcharr (Username & Password)", true),
app/src/main/java/com/aeriotv/android/core/data/SourceType.kt	32	Xtream Codes	XtreamCodes("Xtream Codes", true),
app/src/main/java/com/aeriotv/android/core/data/capability/DispatcharrCapability.kt	15	Admin vs Standard	* "Admin vs Standard" split.
app/src/main/java/com/aeriotv/android/core/data/capability/DispatcharrCapability.kt	282	Your Dispatcharr account can view recordings but not manage them. 	"Your Dispatcharr account can view recordings but not manage them. " +
app/src/main/java/com/aeriotv/android/core/data/capability/DispatcharrCapability.kt	283	Ask your server administrator for DVR manage access.	"Ask your server administrator for DVR manage access."
app/src/main/java/com/aeriotv/android/core/data/capability/DispatcharrCapability.kt	285	Your Dispatcharr account does not have DVR access. 	"Your Dispatcharr account does not have DVR access. " +
app/src/main/java/com/aeriotv/android/core/data/capability/DispatcharrCapability.kt	286	Ask your server administrator to enable it.	"Ask your server administrator to enable it."
app/src/main/java/com/aeriotv/android/core/data/capability/DispatcharrCapability.kt	288	Your Dispatcharr account does not have access to movies. 	"Your Dispatcharr account does not have access to movies. " +
app/src/main/java/com/aeriotv/android/core/data/capability/DispatcharrCapability.kt	289	Ask your server administrator to enable it.	"Ask your server administrator to enable it."
app/src/main/java/com/aeriotv/android/core/data/capability/DispatcharrCapability.kt	291	Your Dispatcharr account does not have access to TV shows. 	"Your Dispatcharr account does not have access to TV shows. " +
app/src/main/java/com/aeriotv/android/core/data/capability/DispatcharrCapability.kt	292	Ask your server administrator to enable it.	"Ask your server administrator to enable it."
app/src/main/java/com/aeriotv/android/core/data/capability/DispatcharrCapability.kt	294	Catch-up is not enabled for your Dispatcharr account. 	"Catch-up is not enabled for your Dispatcharr account. " +
app/src/main/java/com/aeriotv/android/core/data/capability/DispatcharrCapability.kt	295	Ask your server administrator to enable it.	"Ask your server administrator to enable it."
app/src/main/java/com/aeriotv/android/core/data/capability/DispatcharrCapability.kt	297	Switching streams needs a Dispatcharr administrator account. 	"Switching streams needs a Dispatcharr administrator account. " +
app/src/main/java/com/aeriotv/android/core/data/capability/DispatcharrCapability.kt	298	Ask your server administrator for access.	"Ask your server administrator for access."
app/src/main/java/com/aeriotv/android/core/data/capability/DispatcharrCapability.kt	300	Your Dispatcharr account cannot change server playlists. 	"Your Dispatcharr account cannot change server playlists. " +
app/src/main/java/com/aeriotv/android/core/data/capability/DispatcharrCapability.kt	301	Ask your server administrator for access.	"Ask your server administrator for access."
app/src/main/java/com/aeriotv/android/core/data/capability/DispatcharrCapability.kt	303	Your Dispatcharr account cannot read server settings. 	"Your Dispatcharr account cannot read server settings. " +
app/src/main/java/com/aeriotv/android/core/data/capability/DispatcharrCapability.kt	304	Ask your server administrator for access.	"Ask your server administrator for access."
app/src/main/java/com/aeriotv/android/core/data/capability/DispatcharrCapability.kt	309	The server refused this even though your Dispatcharr account has permission. 	"The server refused this even though your Dispatcharr account has permission. " +
app/src/main/java/com/aeriotv/android/core/data/capability/DispatcharrCapability.kt	310	This usually means a network restriction on the account (allowed networks). 	"This usually means a network restriction on the account (allowed networks). " +
app/src/main/java/com/aeriotv/android/core/data/capability/DispatcharrCapability.kt	311	Ask your server administrator to allow this device's network.	"Ask your server administrator to allow this device's network."
app/src/main/java/com/aeriotv/android/core/data/db/dao/ChannelSnapshotDao.kt	29	SELECT MAX(catchupDays) FROM channel_snapshot WHERE playlistId = :playlistId	@Query("SELECT MAX(catchupDays) FROM channel_snapshot WHERE playlistId = :playlistId")
app/src/main/java/com/aeriotv/android/core/data/db/dao/ChannelSnapshotDao.kt	38	SELECT DISTINCT groupTitle FROM channel_snapshot 	"SELECT DISTINCT groupTitle FROM channel_snapshot " +
app/src/main/java/com/aeriotv/android/core/data/db/dao/ChannelSnapshotDao.kt	39	WHERE playlistId = :playlistId AND groupTitle != '' ORDER BY groupTitle COLLATE NOCASE ASC	"WHERE playlistId = :playlistId AND groupTitle != '' ORDER BY groupTitle COLLATE NOCASE ASC",
app/src/main/java/com/aeriotv/android/core/data/db/dao/EpgChunkCoverageDao.kt	39	AND (chunkStartMs < :fromMs OR chunkEndMs > :toMs)	"AND (chunkStartMs < :fromMs OR chunkEndMs > :toMs)"
app/src/main/java/com/aeriotv/android/core/data/db/dao/EpgChunkCoverageDao.kt	54	AND chunkEndMs <= :beforeMs	"AND chunkEndMs <= :beforeMs"
app/src/main/java/com/aeriotv/android/core/data/db/dao/EpgProgrammeDao.kt	40	AND endMillis > :fromMillis AND startMillis < :toMillis	"AND endMillis > :fromMillis AND startMillis < :toMillis"
app/src/main/java/com/aeriotv/android/core/data/db/dao/EpgProgrammeDao.kt	58	AND endMillis > :nowMillis 	"AND endMillis > :nowMillis " +
app/src/main/java/com/aeriotv/android/core/data/db/dao/EpgProgrammeDao.kt	59	AND (title LIKE :like OR description LIKE :like) 	"AND (title LIKE :like OR description LIKE :like) " +
app/src/main/java/com/aeriotv/android/core/data/db/dao/EpgProgrammeDao.kt	60	ORDER BY startMillis ASC LIMIT :limit	"ORDER BY startMillis ASC LIMIT :limit"
app/src/main/java/com/aeriotv/android/core/data/db/dao/EpgProgrammeDao.kt	74	SELECT MIN(startMillis) FROM epg_programme WHERE playlistId = :playlistId	@Query("SELECT MIN(startMillis) FROM epg_programme WHERE playlistId = :playlistId")
app/src/main/java/com/aeriotv/android/core/data/db/dao/EpgProgrammeDao.kt	78	SELECT MAX(endMillis) FROM epg_programme WHERE playlistId = :playlistId	@Query("SELECT MAX(endMillis) FROM epg_programme WHERE playlistId = :playlistId")
app/src/main/java/com/aeriotv/android/core/data/db/dao/EpgProgrammeDao.kt	106	AND endMillis < :before AND channelId IN (:channelIds)	"AND endMillis < :before AND channelId IN (:channelIds)"
app/src/main/java/com/aeriotv/android/core/data/db/dao/EpgProgrammeDao.kt	118	AND endMillis > :fromMillis AND channelId IN (:channelIds)	"AND endMillis > :fromMillis AND channelId IN (:channelIds)"
app/src/main/java/com/aeriotv/android/core/data/db/dao/EpgProgrammeDao.kt	133	AND endMillis > :fromMillis AND startMillis < :toMillis 	"AND endMillis > :fromMillis AND startMillis < :toMillis " +
app/src/main/java/com/aeriotv/android/core/data/db/dao/EpgProgrammeDao.kt	134	AND channelId IN (:channelIds)	"AND channelId IN (:channelIds)"
app/src/main/java/com/aeriotv/android/core/data/db/dao/FavoriteChannelDao.kt	18	SELECT * FROM favorite_channel ORDER BY displayOrder ASC	@Query("SELECT * FROM favorite_channel ORDER BY displayOrder ASC")
app/src/main/java/com/aeriotv/android/core/data/db/dao/FavoriteChannelDao.kt	22	SELECT * FROM favorite_channel ORDER BY displayOrder ASC	@Query("SELECT * FROM favorite_channel ORDER BY displayOrder ASC")
app/src/main/java/com/aeriotv/android/core/data/db/dao/FavoriteChannelDao.kt	34	UPDATE favorite_channel SET displayOrder = :order WHERE channelId = :channelId	@Query("UPDATE favorite_channel SET displayOrder = :order WHERE channelId = :channelId")
app/src/main/java/com/aeriotv/android/core/data/db/dao/PlaylistDao.kt	15	SELECT * FROM playlists WHERE isActive = 1 ORDER BY displayOrder ASC, createdAt DESC	@Query("SELECT * FROM playlists WHERE isActive = 1 ORDER BY displayOrder ASC, createdAt DESC")
app/src/main/java/com/aeriotv/android/core/data/db/dao/PlaylistDao.kt	18	SELECT * FROM playlists WHERE isActive = 1 ORDER BY displayOrder ASC, createdAt DESC LIMIT 1	@Query("SELECT * FROM playlists WHERE isActive = 1 ORDER BY displayOrder ASC, createdAt DESC LIMIT 1")
app/src/main/java/com/aeriotv/android/core/data/db/dao/PlaylistDao.kt	24	SELECT * FROM playlists ORDER BY displayOrder ASC, createdAt DESC	@Query("SELECT * FROM playlists ORDER BY displayOrder ASC, createdAt DESC")
app/src/main/java/com/aeriotv/android/core/data/db/dao/PlaylistDao.kt	27	SELECT * FROM playlists ORDER BY displayOrder ASC, createdAt DESC	@Query("SELECT * FROM playlists ORDER BY displayOrder ASC, createdAt DESC")
app/src/main/java/com/aeriotv/android/core/data/db/dao/PlaylistDao.kt	30	UPDATE playlists SET displayOrder = :order WHERE id = :id	@Query("UPDATE playlists SET displayOrder = :order WHERE id = :id")
app/src/main/java/com/aeriotv/android/core/data/db/dao/PlaylistDao.kt	70	UPDATE playlists SET isActive = 0	@Query("UPDATE playlists SET isActive = 0")
app/src/main/java/com/aeriotv/android/core/data/db/dao/PlaylistDao.kt	73	UPDATE playlists SET isActive = 1 WHERE id = :id	@Query("UPDATE playlists SET isActive = 1 WHERE id = :id")
app/src/main/java/com/aeriotv/android/core/data/db/dao/PlaylistDao.kt	93	UPDATE playlists SET apiKey = :apiKey, username = :username, password = :password WHERE id = :id	@Query("UPDATE playlists SET apiKey = :apiKey, username = :username, password = :password WHERE id = :id")
app/src/main/java/com/aeriotv/android/core/data/db/dao/PlaylistDao.kt	102	UPDATE playlists SET channelCount = :count WHERE id = :id	@Query("UPDATE playlists SET channelCount = :count WHERE id = :id")
app/src/main/java/com/aeriotv/android/core/data/db/dao/PlaylistDao.kt	117	UPDATE playlists SET lastEpgRefreshedAt = :at WHERE id = :id	@Query("UPDATE playlists SET lastEpgRefreshedAt = :at WHERE id = :id")
app/src/main/java/com/aeriotv/android/core/data/db/dao/PlaylistDao.kt	127	UPDATE playlists SET dispatcharrEpgSourceFingerprint = :fingerprint WHERE id = :id	@Query("UPDATE playlists SET dispatcharrEpgSourceFingerprint = :fingerprint WHERE id = :id")
app/src/main/java/com/aeriotv/android/core/data/db/dao/PlaylistDao.kt	137	UPDATE playlists SET dispatcharrCastAacProfileId = :profileId WHERE id = :id	@Query("UPDATE playlists SET dispatcharrCastAacProfileId = :profileId WHERE id = :id")
app/src/main/java/com/aeriotv/android/core/data/db/dao/ReminderDao.kt	18	SELECT * FROM reminder WHERE reminderKey = :reminderKey LIMIT 1	@Query("SELECT * FROM reminder WHERE reminderKey = :reminderKey LIMIT 1")
app/src/main/java/com/aeriotv/android/core/data/db/dao/ReminderDao.kt	21	SELECT * FROM reminder ORDER BY startMillis ASC	@Query("SELECT * FROM reminder ORDER BY startMillis ASC")
app/src/main/java/com/aeriotv/android/core/data/db/dao/ReminderDao.kt	24	SELECT EXISTS(SELECT 1 FROM reminder WHERE reminderKey = :reminderKey)	@Query("SELECT EXISTS(SELECT 1 FROM reminder WHERE reminderKey = :reminderKey)")
app/src/main/java/com/aeriotv/android/core/data/db/dao/ReminderDao.kt	27	SELECT * FROM reminder ORDER BY startMillis ASC	@Query("SELECT * FROM reminder ORDER BY startMillis ASC")
app/src/main/java/com/aeriotv/android/core/data/db/dao/VodCatalogDao.kt	26	UPDATE vod_title SET title = :title, sortKey = :sortKey, bucket = :bucket, year = :year, 	"UPDATE vod_title SET title = :title, sortKey = :sortKey, bucket = :bucket, year = :year, " +
app/src/main/java/com/aeriotv/android/core/data/db/dao/VodCatalogDao.kt	27	rating = :rating, ratingValue = :ratingValue, posterUrl = :posterUrl, category = :category, 	"rating = :rating, ratingValue = :ratingValue, posterUrl = :posterUrl, category = :category, " +
app/src/main/java/com/aeriotv/android/core/data/db/dao/VodCatalogDao.kt	28	tmdbId = :tmdbId, normTitle = :normTitle, cleanTitle = :cleanTitle, artKey = :artKey, 	"tmdbId = :tmdbId, normTitle = :normTitle, cleanTitle = :cleanTitle, artKey = :artKey, " +
app/src/main/java/com/aeriotv/android/core/data/db/dao/VodCatalogDao.kt	30	WHERE playlistKey = :playlistKey AND kind = :kind AND itemKey = :itemKey AND generation <> :generation	"WHERE playlistKey = :playlistKey AND kind = :kind AND itemKey = :itemKey AND generation <> :generation"
app/src/main/java/com/aeriotv/android/core/data/db/dao/VodCatalogDao.kt	43	SELECT COUNT(*) FROM vod_title WHERE playlistKey = :playlistKey AND kind = :kind	@Query("SELECT COUNT(*) FROM vod_title WHERE playlistKey = :playlistKey AND kind = :kind")
app/src/main/java/com/aeriotv/android/core/data/db/dao/VodCatalogDao.kt	46	SELECT COUNT(*) FROM vod_title WHERE playlistKey = :playlistKey AND kind = :kind AND generation = :generation	@Query("SELECT COUNT(*) FROM vod_title WHERE playlistKey = :playlistKey AND kind = :kind AND generation = :generation")
app/src/main/java/com/aeriotv/android/core/data/db/dao/VodCatalogDao.kt	49	SELECT * FROM vod_title WHERE playlistKey = :playlistKey AND kind = :kind AND itemKey = :itemKey LIMIT 1	@Query("SELECT * FROM vod_title WHERE playlistKey = :playlistKey AND kind = :kind AND itemKey = :itemKey LIMIT 1")
app/src/main/java/com/aeriotv/android/core/data/db/dao/VodCatalogDao.kt	52	SELECT * FROM vod_title WHERE playlistKey = :playlistKey AND kind = :kind AND tmdbId IN (:tmdbIds)	@Query("SELECT * FROM vod_title WHERE playlistKey = :playlistKey AND kind = :kind AND tmdbId IN (:tmdbIds)")
app/src/main/java/com/aeriotv/android/core/data/db/dao/VodCatalogDao.kt	58	SELECT * FROM vod_title WHERE playlistKey = :playlistKey AND kind = :kind 	"SELECT * FROM vod_title WHERE playlistKey = :playlistKey AND kind = :kind " +
app/src/main/java/com/aeriotv/android/core/data/db/dao/VodCatalogDao.kt	59	AND (tmdbId IS NULL OR tmdbId = '') AND normTitle IN (:titles)	"AND (tmdbId IS NULL OR tmdbId = '') AND normTitle IN (:titles)"
app/src/main/java/com/aeriotv/android/core/data/db/dao/VodCatalogDao.kt	63	SELECT * FROM vod_title WHERE playlistKey = :playlistKey AND kind = :kind AND cleanTitle IN (:titles)	@Query("SELECT * FROM vod_title WHERE playlistKey = :playlistKey AND kind = :kind AND cleanTitle IN (:titles)")
app/src/main/java/com/aeriotv/android/core/data/db/dao/VodCatalogDao.kt	68	SELECT * FROM vod_title WHERE playlistKey = :playlistKey AND kind = :kind 	"SELECT * FROM vod_title WHERE playlistKey = :playlistKey AND kind = :kind " +
app/src/main/java/com/aeriotv/android/core/data/db/dao/VodCatalogDao.kt	75	SELECT DISTINCT category FROM vod_title WHERE playlistKey = :playlistKey AND kind = :kind 	"SELECT DISTINCT category FROM vod_title WHERE playlistKey = :playlistKey AND kind = :kind " +
app/src/main/java/com/aeriotv/android/core/data/db/dao/VodCatalogDao.kt	82	SELECT id, artKey, title FROM vod_title WHERE playlistKey = :playlistKey AND kind = :kind 	"SELECT id, artKey, title FROM vod_title WHERE playlistKey = :playlistKey AND kind = :kind " +
app/src/main/java/com/aeriotv/android/core/data/db/dao/VodCatalogDao.kt	89	AND (category IS NULL OR category NOT IN (:keepCategories))	"AND (category IS NULL OR category NOT IN (:keepCategories))"
app/src/main/java/com/aeriotv/android/core/data/db/dao/VodCatalogDao.kt	98	SELECT DISTINCT playlistKey FROM vod_sweep_state	@Query("SELECT DISTINCT playlistKey FROM vod_sweep_state")
app/src/main/java/com/aeriotv/android/core/data/db/dao/VodCatalogDao.kt	101	SELECT DISTINCT playlistKey FROM vod_title	@Query("SELECT DISTINCT playlistKey FROM vod_title")
app/src/main/java/com/aeriotv/android/core/data/db/dao/VodCatalogDao.kt	115	SELECT * FROM vod_sweep_state WHERE playlistKey = :playlistKey AND kind = :kind	@Query("SELECT * FROM vod_sweep_state WHERE playlistKey = :playlistKey AND kind = :kind")
app/src/main/java/com/aeriotv/android/core/data/db/dao/VodCatalogDao.kt	121	SELECT * FROM vod_sweep_lane WHERE playlistKey = :playlistKey AND kind = :kind	@Query("SELECT * FROM vod_sweep_lane WHERE playlistKey = :playlistKey AND kind = :kind")
app/src/main/java/com/aeriotv/android/core/data/db/dao/WatchProgressDao.kt	27	SELECT * FROM watch_progress WHERE vodType = 'episode' AND seriesId = :seriesId ORDER BY updatedAt DESC	@Query("SELECT * FROM watch_progress WHERE vodType = 'episode' AND seriesId = :seriesId ORDER BY updatedAt DESC")
app/src/main/java/com/aeriotv/android/core/data/db/entity/EpgChunkCoverage.kt	24	two consecutive empty chunks	* came back EMPTY is still covered, so the "two consecutive empty chunks"
app/src/main/java/com/aeriotv/android/core/data/db/entity/PlaylistEntity.kt	69	All Channels	* search, and multiview; null means "All Channels" (no filter). Ignored
app/src/main/java/com/aeriotv/android/core/data/db/entity/PlaylistEntity.kt	115	Fetch On Demand from this playlist	* onboarding via "Fetch On Demand from this playlist" in AddServerView /
app/src/main/java/com/aeriotv/android/core/data/db/entity/PlaylistEntity.kt	181	Web Player (AAC Audio)	* output profile ("Web Player (AAC Audio)", seeded locked+active by
app/src/main/java/com/aeriotv/android/core/data/db/entity/PlaylistEntity.kt	429	Hard admin gate. Use canSwitchStream() or capabilities()[Capability.X].	"Hard admin gate. Use canSwitchStream() or capabilities()[Capability.X].",
app/src/main/java/com/aeriotv/android/core/data/db/entity/PlaylistEntity.kt	430	canSwitchStream()	ReplaceWith("canSwitchStream()"),
app/src/main/java/com/aeriotv/android/core/data/db/entity/PlaylistEntity.kt	449	Dispatcharr Direct Connect - Username & Password	"Dispatcharr Direct Connect - Username & Password"
app/src/main/java/com/aeriotv/android/core/data/db/entity/PlaylistEntity.kt	451	Dispatcharr Direct Connect - Admin API Key	if (effectiveUserLevel() >= 10) "Dispatcharr Direct Connect - Admin API Key"
app/src/main/java/com/aeriotv/android/core/data/db/entity/PlaylistEntity.kt	452	Dispatcharr Direct Connect - Standard API Key	else "Dispatcharr Direct Connect - Standard API Key"
app/src/main/java/com/aeriotv/android/core/data/db/entity/PlaylistEntity.kt	453	Xtream Codes (XC)	SourceType.XtreamCodes.name -> "Xtream Codes (XC)"
app/src/main/java/com/aeriotv/android/core/data/db/entity/PlaylistEntity.kt	474	All Available	* days, plus the sentinel [GUIDE_DAYS_ALL] (0) = "All Available": fetch one-day
app/src/main/java/com/aeriotv/android/core/data/db/entity/ReminderEntity.kt	10	channelName|title|startTs	* @AppStorage map keyed by "channelName|title|startTs" — same composite key
app/src/main/java/com/aeriotv/android/core/data/db/entity/ReminderEntity.kt	48	$channelName|$programTitle|$startMillis	"$channelName|$programTitle|$startMillis"
app/src/main/java/com/aeriotv/android/core/data/db/entity/TmdbArtEntity.kt	13	m:	* [key] is the library key ("m:" / "t:" plus the cleaned title, see
app/src/main/java/com/aeriotv/android/core/data/db/entity/TmdbArtEntity.kt	13	t:	* [key] is the library key ("m:" / "t:" plus the cleaned title, see
app/src/main/java/com/aeriotv/android/core/data/db/entity/VodCatalogEntities.kt	31	vod_title	tableName = "vod_title",
app/src/main/java/com/aeriotv/android/core/data/repository/PlaylistRepository.kt	286	All Channels	* for "All Channels". Ignored for non-Dispatcharr sources. */
app/src/main/java/com/aeriotv/android/core/data/repository/PlaylistRepository.kt	313	${sourceType.displayName} support lands in a later phase	"${sourceType.displayName} support lands in a later phase",
app/src/main/java/com/aeriotv/android/core/data/repository/PlaylistRepository.kt	363	Username is required	// save throw "Username is required", so the entered key was
app/src/main/java/com/aeriotv/android/core/data/repository/PlaylistRepository.kt	376	UserPass playlist saved in API Key mode; using the supplied key	"UserPass playlist saved in API Key mode; using the supplied key",
app/src/main/java/com/aeriotv/android/core/data/repository/PlaylistRepository.kt	380	Username is required	val user = u ?: throw IllegalArgumentException("Username is required")
app/src/main/java/com/aeriotv/android/core/data/repository/PlaylistRepository.kt	381	Password is required	val pass = p ?: throw IllegalArgumentException("Password is required")
app/src/main/java/com/aeriotv/android/core/data/repository/PlaylistRepository.kt	520	saveChannelsToCache failed (loadAndPersist)	android.util.Log.w("PlaylistRepository", "saveChannelsToCache failed (loadAndPersist)", t)
app/src/main/java/com/aeriotv/android/core/data/repository/PlaylistRepository.kt	725	probe OK ${playlistId.take(8)} level=${caps.effectiveUserLevel} 	"probe OK ${playlistId.take(8)} level=${caps.effectiveUserLevel} " +
app/src/main/java/com/aeriotv/android/core/data/repository/PlaylistRepository.kt	726	staff=${snapshot.isStaff} su=${snapshot.isSuperuser} 	"staff=${snapshot.isStaff} su=${snapshot.isSuperuser} " +
app/src/main/java/com/aeriotv/android/core/data/repository/PlaylistRepository.kt	727	dvr=${updated.dispatcharrEffectiveDvrAccess()} 	"dvr=${updated.dispatcharrEffectiveDvrAccess()} " +
app/src/main/java/com/aeriotv/android/core/data/repository/PlaylistRepository.kt	728	vod=${verdict(Capability.CanViewVod)} 	"vod=${verdict(Capability.CanViewVod)} " +
app/src/main/java/com/aeriotv/android/core/data/repository/PlaylistRepository.kt	729	series=${verdict(Capability.CanViewSeries)} 	"series=${verdict(Capability.CanViewSeries)} " +
app/src/main/java/com/aeriotv/android/core/data/repository/PlaylistRepository.kt	730	catchup=${verdict(Capability.CanUseCatchup)} 	"catchup=${verdict(Capability.CanUseCatchup)} " +
app/src/main/java/com/aeriotv/android/core/data/repository/PlaylistRepository.kt	731	switch=${if (caps.isDenied(Capability.CanSwitchStream)) 	"switch=${if (caps.isDenied(Capability.CanSwitchStream)) "denied" else "allowed"}",
app/src/main/java/com/aeriotv/android/core/data/repository/PlaylistRepository.kt	766	stored key STILL authenticates as '$serverUsername' but the playlist is 	"stored key STILL authenticates as '$serverUsername' but the playlist is " +
app/src/main/java/com/aeriotv/android/core/data/repository/PlaylistRepository.kt	774	stored key authenticates as '$serverUsername' but the playlist is 	"stored key authenticates as '$serverUsername' but the playlist is " +
app/src/main/java/com/aeriotv/android/core/data/repository/PlaylistRepository.kt	903	saveChannelsToCache failed (refresh)	android.util.Log.w("PlaylistRepository", "saveChannelsToCache failed (refresh)", t)
app/src/main/java/com/aeriotv/android/core/data/repository/PlaylistRepository.kt	1095	grid range: merged $total programmes through ${java.time.Instant.ofEpochMilli(throughMs)}	Log.i("PlaylistRepo", "grid range: merged $total programmes through ${java.time.Instant.ofEpochMilli(throughMs)}")
app/src/main/java/com/aeriotv/android/core/data/repository/PlaylistRepository.kt	1331	${it.id}:${it.updatedAt?.takeIf { u -> u.isNotBlank() } ?: 	.map { "${it.id}:${it.updatedAt?.takeIf { u -> u.isNotBlank() } ?: "none"}" }
app/src/main/java/com/aeriotv/android/core/data/repository/PlaylistRepository.kt	1565	Guide Window	// Settings > Network "Guide Window" preference no longer has
app/src/main/java/com/aeriotv/android/core/data/repository/PlaylistRepository.kt	1659	history ${(now - backFloor) / 3_600_000}h, 	"history ${(now - backFloor) / 3_600_000}h, " +
app/src/main/java/com/aeriotv/android/core/data/repository/PlaylistRepository.kt	1700	history ${historyMs / 3_600_000}h, forward +${guideDays * 24}h	"history ${historyMs / 3_600_000}h, forward +${guideDays * 24}h",
app/src/main/java/com/aeriotv/android/core/data/repository/PlaylistRepository.kt	1804	upstream EPG source skipped: ${it.javaClass.simpleName}	Log.w("PlaylistRepo", "upstream EPG source skipped: ${it.javaClass.simpleName}")
app/src/main/java/com/aeriotv/android/core/data/repository/PlaylistRepository.kt	1866	loadEpg: joining in-flight load for ${key.take(8)}	Log.i("PlaylistRepo", "loadEpg: joining in-flight load for ${key.take(8)}")
app/src/main/java/com/aeriotv/android/core/data/repository/PlaylistRepository.kt	1885	loadEpg: timed out after ${EPG_LOAD_TIMEOUT_MS / 1000}s; releasing the in-flight latch	"loadEpg: timed out after ${EPG_LOAD_TIMEOUT_MS / 1000}s; releasing the in-flight latch",
app/src/main/java/com/aeriotv/android/core/data/repository/PlaylistRepository.kt	1925	loadEpg: resolving base (source=$sourceType)	Log.i("PlaylistRepo", "loadEpg: resolving base (source=$sourceType)")
app/src/main/java/com/aeriotv/android/core/data/repository/PlaylistRepository.kt	1927	loadEpg: base resolved, starting fetch	Log.i("PlaylistRepo", "loadEpg: base resolved, starting fetch")
app/src/main/java/com/aeriotv/android/core/data/repository/PlaylistRepository.kt	1938	${xc.base}/xmltv.php?username=${xtreamEncode(xc.username)}	"${xc.base}/xmltv.php?username=${xtreamEncode(xc.username)}" +
app/src/main/java/com/aeriotv/android/core/data/repository/PlaylistRepository.kt	1939	&password=${xtreamEncode(xc.password)}	"&password=${xtreamEncode(xc.password)}"
app/src/main/java/com/aeriotv/android/core/data/repository/PlaylistRepository.kt	1962	Dispatcharr grid failed; falling back to current + bulk-upcoming	"Dispatcharr grid failed; falling back to current + bulk-upcoming",
app/src/main/java/com/aeriotv/android/core/data/repository/PlaylistRepository.kt	2106	$b/xmltv.php?username=${xtreamEncode(user)}	"$b/xmltv.php?username=${xtreamEncode(user)}" +
app/src/main/java/com/aeriotv/android/core/data/repository/PlaylistRepository.kt	2107	&password=${xtreamEncode(playlist.password.orEmpty())}	"&password=${xtreamEncode(playlist.password.orEmpty())}"
app/src/main/java/com/aeriotv/android/core/data/repository/PlaylistRepository.kt	2200	Refresh EPG Data	* the user-initiated "Refresh EPG Data" action on the playlist detail
app/src/main/java/com/aeriotv/android/core/data/repository/PlaylistRepository.kt	2227	purgeEpgCache: coverage purge failed	.onFailure { Log.w("PlaylistRepo", "purgeEpgCache: coverage purge failed", it) }
app/src/main/java/com/aeriotv/android/core/data/repository/PlaylistRepository.kt	2392	Switch Stream	* first) with their probed quality stats, for the player's "Switch Stream"
app/src/main/java/com/aeriotv/android/core/data/repository/PlaylistRepository.kt	2505	No active playlist for stream switch	val playlist = activePlaylist() ?: error("No active playlist for stream switch")
app/src/main/java/com/aeriotv/android/core/data/repository/PlaylistRepository.kt	2545	Did the server boot us because this account is out of slots?	* "Did the server boot us because this account is out of slots?" for the
app/src/main/java/com/aeriotv/android/core/data/repository/PlaylistRepository.kt	2555	not a Dispatcharr Direct Connect playlist	.Verdict(false, "not a Dispatcharr Direct Connect playlist")
app/src/main/java/com/aeriotv/android/core/data/repository/PlaylistRepository.kt	2571	session check failed: ${it.message}	.Verdict(false, "session check failed: ${it.message}")
app/src/main/java/com/aeriotv/android/core/data/repository/PlaylistRepository.kt	2616	Playlist $playlistId vanished after switch	?: throw IllegalStateException("Playlist $playlistId vanished after switch")
app/src/main/java/com/aeriotv/android/core/data/repository/PlaylistRepository.kt	2639	saveChannelsToCache failed (switchActive)	android.util.Log.w("PlaylistRepository", "saveChannelsToCache failed (switchActive)", t)
app/src/main/java/com/aeriotv/android/core/data/repository/PlaylistRepository.kt	2738	The server returned no live channels for these credentials. 	"The server returned no live channels for these credentials. " +
app/src/main/java/com/aeriotv/android/core/data/repository/PlaylistRepository.kt	2739	Check the username and password, and that this device is 	"Check the username and password, and that this device is " +
app/src/main/java/com/aeriotv/android/core/data/repository/PlaylistRepository.kt	2746	${categoryNames.size} categories, 	"${categoryNames.size} categories, " +
app/src/main/java/com/aeriotv/android/core/data/repository/PlaylistRepository.kt	2747	${streams.count { it.epgChannelId.isNotBlank() }} with EPG ids	"${streams.count { it.epgChannelId.isNotBlank() }} with EPG ids",
app/src/main/java/com/aeriotv/android/core/data/repository/PlaylistRepository.kt	2757	XC panel publishes direct_source on $directSourceCount/${streams.size} 	"XC panel publishes direct_source on $directSourceCount/${streams.size} " +
app/src/main/java/com/aeriotv/android/core/data/repository/PlaylistRepository.kt	2772	m3u:${s.epgChannelId.ifBlank { url }}	var id = "m3u:${s.epgChannelId.ifBlank { url }}"
app/src/main/java/com/aeriotv/android/core/data/repository/PlaylistRepository.kt	2847	username=${xtreamEncode(user)}&password=${xtreamEncode(pass)}	val creds = "username=${xtreamEncode(user)}&password=${xtreamEncode(pass)}"
app/src/main/java/com/aeriotv/android/core/data/repository/PlaylistRepository.kt	2863	XC m3u_plus fallback: dropped $droppedVodSeries VOD/series entries; 	"XC m3u_plus fallback: dropped $droppedVodSeries VOD/series entries; " +
app/src/main/java/com/aeriotv/android/core/data/repository/PlaylistRepository.kt	2896	Channel-id migration: rewrote $migratedFavorites favorite(s) and 	"Channel-id migration: rewrote $migratedFavorites favorite(s) and " +
app/src/main/java/com/aeriotv/android/core/data/repository/PlaylistRepository.kt	2897	$migratedRecents recent(s) from URL-keyed to EPG-keyed ids	"$migratedRecents recent(s) from URL-keyed to EPG-keyed ids",
app/src/main/java/com/aeriotv/android/core/data/repository/PlaylistRepository.kt	2915	Imported file is missing: ${local.name}. Re-import it from Edit Playlist.	"Imported file is missing: ${local.name}. Re-import it from Edit Playlist.",
app/src/main/java/com/aeriotv/android/core/data/repository/PlaylistRepository.kt	2958	HTTP 404	if (e.message?.contains("HTTP 404") != true) throw e
app/src/main/java/com/aeriotv/android/core/data/repository/PlaylistRepository.kt	3042	M3U URL is an Xtream get.php link; loading via player_api instead	"M3U URL is an Xtream get.php link; loading via player_api instead",
app/src/main/java/com/aeriotv/android/core/data/repository/PlaylistRepository.kt	3059	player_api failed for the get.php link (${e.message}); 	"player_api failed for the get.php link (${e.message}); " +
app/src/main/java/com/aeriotv/android/core/data/repository/PlaylistRepository.kt	3091	M3U (XC get.php): dropped $droppedVodSeries VOD/series entries from 	"M3U (XC get.php): dropped $droppedVodSeries VOD/series entries from " +
app/src/main/java/com/aeriotv/android/core/data/repository/PlaylistRepository.kt	3092	the live list (add the panel as an Xtream Codes source for On 	"the live list (add the panel as an Xtream Codes source for On " +
app/src/main/java/com/aeriotv/android/core/data/repository/PlaylistRepository.kt	3093	Demand); kept ${out.size} live channels	"Demand); kept ${out.size} live channels",
app/src/main/java/com/aeriotv/android/core/data/repository/PlaylistRepository.kt	3106	Dispatcharr API key is required	?: throw IllegalArgumentException("Dispatcharr API key is required")
app/src/main/java/com/aeriotv/android/core/data/repository/PlaylistRepository.kt	3158	Dispatcharr channels: server=${serverChannels.size}, 	"Dispatcharr channels: server=${serverChannels.size}, " +
app/src/main/java/com/aeriotv/android/core/data/repository/PlaylistRepository.kt	3159	accountFilter=${accountAllowedIds?.size?.toString() ?: 	"accountFilter=${accountAllowedIds?.size?.toString() ?: "off"} -> ${afterAccount.size}, " +
app/src/main/java/com/aeriotv/android/core/data/repository/PlaylistRepository.kt	3159	} -> ${afterAccount.size}, 	"accountFilter=${accountAllowedIds?.size?.toString() ?: "off"} -> ${afterAccount.size}, " +
app/src/main/java/com/aeriotv/android/core/data/repository/PlaylistRepository.kt	3160	manualFilter=${manualAllowedIds?.size?.toString() ?: 	"manualFilter=${manualAllowedIds?.size?.toString() ?: "off"} -> ${channels.size}",
app/src/main/java/com/aeriotv/android/core/data/repository/PlaylistRepository.kt	3209	Xtream Codes username is required	?: throw IllegalArgumentException("Xtream Codes username is required")
app/src/main/java/com/aeriotv/android/core/data/repository/PlaylistRepository.kt	3224	XC player_api failed (${e.message}); falling back to get.php m3u_plus	"XC player_api failed (${e.message}); falling back to get.php m3u_plus",
app/src/main/java/com/aeriotv/android/core/data/repository/PlaylistRepository.kt	3305	$scheme://$host$port$basePath	return XtreamCredsFromUrl("$scheme://$host$port$basePath", user, pass)
app/src/main/java/com/aeriotv/android/core/data/repository/PlaylistRepository.kt	3317	Plex (65 channels)	* picker. [channelCount] lets the row show "Plex (65 channels)" so the user
app/src/main/java/com/aeriotv/android/core/data/repository/PlaylistRepository.kt	3335	guide shows placeholders on channels with dummy EPG	* is the "guide shows placeholders on channels with dummy EPG" class of report
app/src/main/java/com/aeriotv/android/core/data/sync/PlaylistRefreshWorker.kt	57	Background refresh disabled in settings; skipping	Log.i(TAG, "Background refresh disabled in settings; skipping")
app/src/main/java/com/aeriotv/android/core/data/sync/PlaylistRefreshWorker.kt	66	Playback active; deferring background refresh	Log.i(TAG, "Playback active; deferring background refresh")
app/src/main/java/com/aeriotv/android/core/data/sync/PlaylistRefreshWorker.kt	80	Channel refresh failed	Log.w(TAG, "Channel refresh failed", channels.exceptionOrNull())
app/src/main/java/com/aeriotv/android/core/data/sync/PlaylistRefreshWorker.kt	119	saveEpgToCache failed	.onFailure { Log.w(TAG, "saveEpgToCache failed", it) }
app/src/main/java/com/aeriotv/android/core/data/sync/PlaylistRefreshWorker.kt	122	Background refresh OK: ${channels.getOrThrow().size} channels, 	"Background refresh OK: ${channels.getOrThrow().size} channels, " +
app/src/main/java/com/aeriotv/android/core/data/sync/PlaylistRefreshWorker.kt	123	${epg.getOrThrow().size} programmes	"${epg.getOrThrow().size} programmes",
app/src/main/java/com/aeriotv/android/core/data/sync/PlaylistRefreshWorker.kt	127	Background refresh threw	Log.w(TAG, "Background refresh threw", t)
app/src/main/java/com/aeriotv/android/core/data/vod/VodCatalogStore.kt	243	Refresh Everything	* Called from the playlist delete path and from "Refresh Everything"
app/src/main/java/com/aeriotv/android/core/data/vod/VodCatalogStore.kt	378	playlistKey = ? AND kind = ?	val where = StringBuilder("playlistKey = ? AND kind = ?")
app/src/main/java/com/aeriotv/android/core/data/vod/VodCatalogStore.kt	387	 AND itemKey IN (	if (bindHidden) { where.append(" AND itemKey IN (").append(placeholders(hiddenItemKeys.size)).append(")"); args.addAll(hiddenItemKeys) }
app/src/main/java/com/aeriotv/android/core/data/vod/VodCatalogStore.kt	389	 AND itemKey NOT IN (	where.append(" AND itemKey NOT IN (").append(placeholders(hiddenItemKeys.size)).append(")"); args.addAll(hiddenItemKeys)
app/src/main/java/com/aeriotv/android/core/data/vod/VodCatalogStore.kt	393	 AND (category IS NULL OR category NOT IN (	where.append(" AND (category IS NULL OR category NOT IN (").append(placeholders(groups.size)).append("))")
app/src/main/java/com/aeriotv/android/core/data/vod/VodCatalogStore.kt	398	sortKey ASC, title ASC	MediaSortOrder.TitleAZ -> "sortKey ASC, title ASC"
app/src/main/java/com/aeriotv/android/core/data/vod/VodCatalogStore.kt	399	sortKey DESC, title ASC	MediaSortOrder.TitleZA -> "sortKey DESC, title ASC"
app/src/main/java/com/aeriotv/android/core/data/vod/VodCatalogStore.kt	400	(year IS NULL) ASC, year DESC, sortKey ASC	MediaSortOrder.YearNewest -> "(year IS NULL) ASC, year DESC, sortKey ASC"
app/src/main/java/com/aeriotv/android/core/data/vod/VodCatalogStore.kt	401	(year IS NULL) ASC, year ASC, sortKey ASC	MediaSortOrder.YearOldest -> "(year IS NULL) ASC, year ASC, sortKey ASC"
app/src/main/java/com/aeriotv/android/core/data/vod/VodCatalogStore.kt	402	COALESCE(ratingValue, -1.0) DESC, sortKey ASC	MediaSortOrder.RatingHighest -> "COALESCE(ratingValue, -1.0) DESC, sortKey ASC"
app/src/main/java/com/aeriotv/android/core/data/vod/VodCatalogStore.kt	404	, itemKey	val sql = "SELECT id, bucket" + (if (bindHidden) "" else ", itemKey") +
app/src/main/java/com/aeriotv/android/core/data/vod/VodCatalogStore.kt	405	 FROM vod_title WHERE $where ORDER BY $order	" FROM vod_title WHERE $where ORDER BY $order"
app/src/main/java/com/aeriotv/android/core/data/vod/VodCatalogStore.kt	450	SELECT id, itemKey, kind, title, year, rating, posterUrl, category FROM vod_title WHERE id IN (	val sql = "SELECT id, itemKey, kind, title, year, rating, posterUrl, category FROM vod_title WHERE id IN (" +
app/src/main/java/com/aeriotv/android/core/data/vod/VodCatalogStore.kt	458	[VOD-DB] window read failed: ${it.message}	}.onFailure { Log.w(TAG, "[VOD-DB] window read failed: ${it.message}") }
app/src/main/java/com/aeriotv/android/core/data/vod/VodCatalogStore.kt	498	SELECT id FROM vod_title WHERE playlistKey = ? AND kind = ? AND itemKey = ? LIMIT 1	"SELECT id FROM vod_title WHERE playlistKey = ? AND kind = ? AND itemKey = ? LIMIT 1",
app/src/main/java/com/aeriotv/android/core/data/vod/VodCatalogStore.kt	564	gone:$id	return hit ?: MediaItem(key = "gone:$id", title = "", year = null, rating = null, posterUrl = null, category = null)
app/src/main/java/com/aeriotv/android/core/data/vod/VodCatalogStore.kt	578	VodWindowList($kind, ${ids.size} titles)	override fun toString(): String = "VodWindowList($kind, ${ids.size} titles)"
app/src/main/java/com/aeriotv/android/core/debug/CrashReporter.kt	99	==== AerioTV crash report ====	appendLine("==== AerioTV crash report ====")
app/src/main/java/com/aeriotv/android/core/debug/CrashReporter.kt	100	Time: ${timestamps.get()!!.format(Date())}	appendLine("Time: ${timestamps.get()!!.format(Date())}")
app/src/main/java/com/aeriotv/android/core/debug/CrashReporter.kt	114	Thread: ${thread.name}	appendLine("Thread: ${thread.name}")
app/src/main/java/com/aeriotv/android/core/debug/CrashReporter.kt	137	could not write crash report: ${it.message}	}.onFailure { Log.w(TAG, "could not write crash report: ${it.message}") }
app/src/main/java/com/aeriotv/android/core/debug/CrashReporter.kt	168	The app closed unexpectedly during the previous session. 	"The app closed unexpectedly during the previous session. " +
app/src/main/java/com/aeriotv/android/core/debug/CrashReporter.kt	169	Share this file when reporting the problem.	"Share this file when reporting the problem.",
app/src/main/java/com/aeriotv/android/core/debug/CrashReporter.kt	178	published	marker.writeText("published")
app/src/main/java/com/aeriotv/android/core/debug/CrashReporter.kt	179	could not publish crash report: ${it.message}	}.onFailure { Log.w(TAG, "could not publish crash report: ${it.message}") }
app/src/main/java/com/aeriotv/android/core/debug/CrashReporter.kt	185	==== AerioTV last crash report ====	private const val REPORT_MARKER = "==== AerioTV last crash report ===="
app/src/main/java/com/aeriotv/android/core/debug/DebugLogger.kt	89	Debug logging ENABLED	log("DebugLogger", Level.INFO, "Debug logging ENABLED")
app/src/main/java/com/aeriotv/android/core/debug/DebugLogger.kt	118	Connection: ${describeConnection()}	log(TAG, Level.INFO, "Connection: ${describeConnection()}")
app/src/main/java/com/aeriotv/android/core/debug/DebugLogger.kt	139	, link ~${down}/${up} Mbps	val speed = if (down > 0) ", link ~${down}/${up} Mbps" else ""
app/src/main/java/com/aeriotv/android/core/debug/DebugLogger.kt	160	, link	val summary = describeConnection().substringBefore(", link")
app/src/main/java/com/aeriotv/android/core/debug/DebugLogger.kt	163	Connection changed: ${describeConnection()}	log(TAG, Level.INFO, "Connection changed: ${describeConnection()}")
app/src/main/java/com/aeriotv/android/core/debug/DebugLogger.kt	171	Connection changed: none	log(TAG, Level.INFO, "Connection changed: none")
app/src/main/java/com/aeriotv/android/core/debug/DebugLogger.kt	195	${TIMESTAMP_FMT.format(Date())} ${level.tag}/$tag: ${LogSanitizer.redact(message)}	"${TIMESTAMP_FMT.format(Date())} ${level.tag}/$tag: ${LogSanitizer.redact(message)}",
app/src/main/java/com/aeriotv/android/core/debug/DebugLogger.kt	286	logcat capture unavailable: ${t.message}	Log.w(TAG, "logcat capture unavailable: ${t.message}")
app/src/main/java/com/aeriotv/android/core/debug/DebugLogger.kt	348	View / Share	/** Absolute path the user-facing UI uses for the "View / Share" rows. */
app/src/main/java/com/aeriotv/android/core/debug/DebugLogger.kt	380	Failed to append log line: ${t.message}	Log.w(TAG, "Failed to append log line: ${t.message}")
app/src/main/java/com/aeriotv/android/core/debug/DebugLogger.kt	401	Enable Debug Logging	* gate on the runtime "Enable Debug Logging" toggle without a Context, so
app/src/main/java/com/aeriotv/android/core/debug/LogSanitizer.kt	63	ApiKey xyz	// "Bearer xyz", "ApiKey xyz", "Token xyz" -- 8+ chars to avoid eating
app/src/main/java/com/aeriotv/android/core/debug/LogSanitizer.kt	63	Token xyz	// "Bearer xyz", "ApiKey xyz", "Token xyz" -- 8+ chars to avoid eating
app/src/main/java/com/aeriotv/android/core/debug/LogSanitizer.kt	64	Token A	// legit prose like "Bearer 1" or "Token A".
app/src/main/java/com/aeriotv/android/core/debug/LogSanitizer.kt	65	(?i)\\b(Bearer|ApiKey|Api-Key|Token)\\s+([A-Za-z0-9._=\\-]{8,})	"(?i)\\b(Bearer|ApiKey|Api-Key|Token)\\s+([A-Za-z0-9._=\\-]{8,})",
app/src/main/java/com/aeriotv/android/core/debug/LogSanitizer.kt	89	\"${mr.groupValues[1]}\":\"***\"	out = JSON_CREDENTIAL.replace(out) { mr -> "\"${mr.groupValues[1]}\":\"***\"" }
app/src/main/java/com/aeriotv/android/core/debug/LogSanitizer.kt	90	${mr.groupValues[1]} ***	out = INLINE_PREFIX.replace(out) { mr -> "${mr.groupValues[1]} ***" }
app/src/main/java/com/aeriotv/android/core/debug/LogShareServer.kt	37	/log-${java.util.UUID.randomUUID().toString().replace(	private val servePath: String = "/log-${java.util.UUID.randomUUID().toString().replace("-", "")}.txt"
app/src/main/java/com/aeriotv/android/core/debug/LogShareServer.kt	46	LogShareServer	thread = thread(name = "LogShareServer", isDaemon = true) {
app/src/main/java/com/aeriotv/android/core/debug/LogShareServer.kt	77	Content-Length: $len\r\n	"Content-Length: $len\r\n" +
app/src/main/java/com/aeriotv/android/core/debug/LogShareServer.kt	78	Content-Disposition: attachment; filename=\"aerio_debug_logs.txt\"\r\n	"Content-Disposition: attachment; filename=\"aerio_debug_logs.txt\"\r\n" +
app/src/main/java/com/aeriotv/android/core/debug/LogShareServer.kt	79	Cache-Control: no-store\r\n	"Cache-Control: no-store\r\n" +
app/src/main/java/com/aeriotv/android/core/debug/LogShareServer.kt	80	Connection: close\r\n\r\n	"Connection: close\r\n\r\n"
app/src/main/java/com/aeriotv/android/core/debug/LogShareServer.kt	87	HTTP/1.1 404 Not Found\r\n	"HTTP/1.1 404 Not Found\r\n" +
app/src/main/java/com/aeriotv/android/core/debug/LogShareServer.kt	89	Content-Length: 9\r\n	"Content-Length: 9\r\n" +
app/src/main/java/com/aeriotv/android/core/debug/LogShareServer.kt	90	Connection: close\r\n\r\nNot Found	"Connection: close\r\n\r\nNot Found"
app/src/main/java/com/aeriotv/android/core/debug/ResourceTelemetry.kt	26	AerioTV crashes on the Google TV Streamer	* is the diagnostic the "AerioTV crashes on the Google TV Streamer" reports
app/src/main/java/com/aeriotv/android/core/debug/ResourceTelemetry.kt	114	snapshot pss=${totalPssKb}KB (native=${nativePssKb} dalvik=${dalvikPssKb}) 	"snapshot pss=${totalPssKb}KB (native=${nativePssKb} dalvik=${dalvikPssKb}) " +
app/src/main/java/com/aeriotv/android/core/debug/ResourceTelemetry.kt	115	java=${javaUsedKb}/${javaMaxKb}KB 	"java=${javaUsedKb}/${javaMaxKb}KB " +
app/src/main/java/com/aeriotv/android/core/debug/ResourceTelemetry.kt	116	sys_avail=${sysAvailMb}/${sysTotalMb}MB lowMem=$lowMem 	"sys_avail=${sysAvailMb}/${sysTotalMb}MB lowMem=$lowMem " +
app/src/main/java/com/aeriotv/android/core/debug/ResourceTelemetry.kt	117	fds=$fdCount thermal=$thermal	"fds=$fdCount thermal=$thermal",
app/src/main/java/com/aeriotv/android/core/debug/ResourceTelemetry.kt	132	onTrimMemory level=${trimName(level)} ($level)	Log.w(TAG, "onTrimMemory level=${trimName(level)} ($level)")
app/src/main/java/com/aeriotv/android/core/debug/VodResetBus.kt	11	Refresh Everything	* App-scoped fan-out for the "Refresh Everything" nuclear data reset.
app/src/main/java/com/aeriotv/android/core/debug/VodResetBus.kt	14	Refresh Everything	* + refreshSeries()) when the ACTIVE PLAYLIST ID changes. "Refresh Everything"
app/src/main/java/com/aeriotv/android/core/di/DatabaseModule.kt	34	All Channels	* existing rows NULL = "All Channels", which is the prior behaviour.
app/src/main/java/com/aeriotv/android/core/di/DatabaseModule.kt	38	ALTER TABLE playlists ADD COLUMN dispatcharrProfileId INTEGER	db.execSQL("ALTER TABLE playlists ADD COLUMN dispatcharrProfileId INTEGER")
app/src/main/java/com/aeriotv/android/core/di/DatabaseModule.kt	49	ALTER TABLE watch_progress ADD COLUMN vodType TEXT NOT NULL DEFAULT 'movie'	db.execSQL("ALTER TABLE watch_progress ADD COLUMN vodType TEXT NOT NULL DEFAULT 'movie'")
app/src/main/java/com/aeriotv/android/core/di/DatabaseModule.kt	51	ALTER TABLE watch_progress ADD COLUMN seasonNumber INTEGER NOT NULL DEFAULT 0	db.execSQL("ALTER TABLE watch_progress ADD COLUMN seasonNumber INTEGER NOT NULL DEFAULT 0")
app/src/main/java/com/aeriotv/android/core/di/DatabaseModule.kt	52	ALTER TABLE watch_progress ADD COLUMN episodeNumber INTEGER NOT NULL DEFAULT 0	db.execSQL("ALTER TABLE watch_progress ADD COLUMN episodeNumber INTEGER NOT NULL DEFAULT 0")
app/src/main/java/com/aeriotv/android/core/di/DatabaseModule.kt	53	ALTER TABLE watch_progress ADD COLUMN streamUrl TEXT	db.execSQL("ALTER TABLE watch_progress ADD COLUMN streamUrl TEXT")
app/src/main/java/com/aeriotv/android/core/di/DatabaseModule.kt	54	ALTER TABLE watch_progress ADD COLUMN isFinished INTEGER NOT NULL DEFAULT 0	db.execSQL("ALTER TABLE watch_progress ADD COLUMN isFinished INTEGER NOT NULL DEFAULT 0")
app/src/main/java/com/aeriotv/android/core/di/DatabaseModule.kt	55	ALTER TABLE watch_progress ADD COLUMN upNextQueue TEXT	db.execSQL("ALTER TABLE watch_progress ADD COLUMN upNextQueue TEXT")
app/src/main/java/com/aeriotv/android/core/di/DatabaseModule.kt	74	`title` TEXT NOT NULL, 	"`title` TEXT NOT NULL, " +
app/src/main/java/com/aeriotv/android/core/di/DatabaseModule.kt	75	`description` TEXT NOT NULL, 	"`description` TEXT NOT NULL, " +
app/src/main/java/com/aeriotv/android/core/di/DatabaseModule.kt	76	`startMillis` INTEGER NOT NULL, 	"`startMillis` INTEGER NOT NULL, " +
app/src/main/java/com/aeriotv/android/core/di/DatabaseModule.kt	77	`endMillis` INTEGER NOT NULL, 	"`endMillis` INTEGER NOT NULL, " +
app/src/main/java/com/aeriotv/android/core/di/DatabaseModule.kt	79	`dispatcharrProgramId` INTEGER, 	"`dispatcharrProgramId` INTEGER, " +
app/src/main/java/com/aeriotv/android/core/di/DatabaseModule.kt	85	CREATE INDEX IF NOT EXISTS `index_epg_programme_endMillis` ON `epg_programme` (`endMillis`)	db.execSQL("CREATE INDEX IF NOT EXISTS `index_epg_programme_endMillis` ON `epg_programme` (`endMillis`)")
app/src/main/java/com/aeriotv/android/core/di/DatabaseModule.kt	113	`groupTitle` TEXT NOT NULL, 	"`groupTitle` TEXT NOT NULL, " +
app/src/main/java/com/aeriotv/android/core/di/DatabaseModule.kt	115	`tvgName` TEXT NOT NULL, 	"`tvgName` TEXT NOT NULL, " +
app/src/main/java/com/aeriotv/android/core/di/DatabaseModule.kt	116	`tvgLogo` TEXT NOT NULL, 	"`tvgLogo` TEXT NOT NULL, " +
app/src/main/java/com/aeriotv/android/core/di/DatabaseModule.kt	117	`channelNumber` TEXT, 	"`channelNumber` TEXT, " +
app/src/main/java/com/aeriotv/android/core/di/DatabaseModule.kt	118	`dispatcharrChannelId` INTEGER, 	"`dispatcharrChannelId` INTEGER, " +
app/src/main/java/com/aeriotv/android/core/di/DatabaseModule.kt	137	ALTER TABLE `playlists` ADD COLUMN `dispatcharrUserLevel` INTEGER NOT NULL DEFAULT 10	"ALTER TABLE `playlists` ADD COLUMN `dispatcharrUserLevel` INTEGER NOT NULL DEFAULT 10",
app/src/main/java/com/aeriotv/android/core/di/DatabaseModule.kt	154	ALTER TABLE `playlists` ADD COLUMN `vodEnabled` INTEGER NOT NULL DEFAULT 1	"ALTER TABLE `playlists` ADD COLUMN `vodEnabled` INTEGER NOT NULL DEFAULT 1",
app/src/main/java/com/aeriotv/android/core/di/DatabaseModule.kt	179	ALTER TABLE `playlists` ADD COLUMN `dispatcharrAccountProfileIds` TEXT NOT NULL DEFAULT ''	"ALTER TABLE `playlists` ADD COLUMN `dispatcharrAccountProfileIds` TEXT NOT NULL DEFAULT ''",
app/src/main/java/com/aeriotv/android/core/di/DatabaseModule.kt	192	ALTER TABLE `channel_snapshot` ADD COLUMN `catchupDays` INTEGER NOT NULL DEFAULT 0	"ALTER TABLE `channel_snapshot` ADD COLUMN `catchupDays` INTEGER NOT NULL DEFAULT 0",
app/src/main/java/com/aeriotv/android/core/di/DatabaseModule.kt	195	ALTER TABLE `channel_snapshot` ADD COLUMN `catchupStreamId` TEXT	"ALTER TABLE `channel_snapshot` ADD COLUMN `catchupStreamId` TEXT",
app/src/main/java/com/aeriotv/android/core/di/DatabaseModule.kt	206	ALTER TABLE `playlists` ADD COLUMN `epgRetentionDays` INTEGER NOT NULL DEFAULT 7	"ALTER TABLE `playlists` ADD COLUMN `epgRetentionDays` INTEGER NOT NULL DEFAULT 7",
app/src/main/java/com/aeriotv/android/core/di/DatabaseModule.kt	221	GROUP BY `playlistId`, `channelId`, `startMillis`)	"GROUP BY `playlistId`, `channelId`, `startMillis`)",
app/src/main/java/com/aeriotv/android/core/di/DatabaseModule.kt	225	`index_epg_programme_playlistId_channelId_startMillis` 	"`index_epg_programme_playlistId_channelId_startMillis` " +
app/src/main/java/com/aeriotv/android/core/di/DatabaseModule.kt	226	ON `epg_programme` (`playlistId`, `channelId`, `startMillis`)	"ON `epg_programme` (`playlistId`, `channelId`, `startMillis`)",
app/src/main/java/com/aeriotv/android/core/di/DatabaseModule.kt	234	ALTER TABLE `channel_snapshot` ADD COLUMN `drmLicenseType` TEXT	db.execSQL("ALTER TABLE `channel_snapshot` ADD COLUMN `drmLicenseType` TEXT")
app/src/main/java/com/aeriotv/android/core/di/DatabaseModule.kt	235	ALTER TABLE `channel_snapshot` ADD COLUMN `drmLicenseKey` TEXT	db.execSQL("ALTER TABLE `channel_snapshot` ADD COLUMN `drmLicenseKey` TEXT")
app/src/main/java/com/aeriotv/android/core/di/DatabaseModule.kt	249	ALTER TABLE `epg_programme` ADD COLUMN `subTitle` TEXT	db.execSQL("ALTER TABLE `epg_programme` ADD COLUMN `subTitle` TEXT")
app/src/main/java/com/aeriotv/android/core/di/DatabaseModule.kt	252	ALTER TABLE `epg_programme` ADD COLUMN `isNew` INTEGER NOT NULL DEFAULT 0	db.execSQL("ALTER TABLE `epg_programme` ADD COLUMN `isNew` INTEGER NOT NULL DEFAULT 0")
app/src/main/java/com/aeriotv/android/core/di/DatabaseModule.kt	253	ALTER TABLE `epg_programme` ADD COLUMN `isLiveBroadcast` INTEGER NOT NULL DEFAULT 0	db.execSQL("ALTER TABLE `epg_programme` ADD COLUMN `isLiveBroadcast` INTEGER NOT NULL DEFAULT 0")
app/src/main/java/com/aeriotv/android/core/di/DatabaseModule.kt	254	ALTER TABLE `epg_programme` ADD COLUMN `isPremiere` INTEGER NOT NULL DEFAULT 0	db.execSQL("ALTER TABLE `epg_programme` ADD COLUMN `isPremiere` INTEGER NOT NULL DEFAULT 0")
app/src/main/java/com/aeriotv/android/core/di/DatabaseModule.kt	255	ALTER TABLE `epg_programme` ADD COLUMN `isFinale` INTEGER NOT NULL DEFAULT 0	db.execSQL("ALTER TABLE `epg_programme` ADD COLUMN `isFinale` INTEGER NOT NULL DEFAULT 0")
app/src/main/java/com/aeriotv/android/core/di/DatabaseModule.kt	256	ALTER TABLE `epg_programme` ADD COLUMN `isRepeat` INTEGER NOT NULL DEFAULT 0	db.execSQL("ALTER TABLE `epg_programme` ADD COLUMN `isRepeat` INTEGER NOT NULL DEFAULT 0")
app/src/main/java/com/aeriotv/android/core/di/DatabaseModule.kt	274	ALTER TABLE `playlists` ADD COLUMN `dispatcharrAuthMode` TEXT NOT NULL DEFAULT ''	db.execSQL("ALTER TABLE `playlists` ADD COLUMN `dispatcharrAuthMode` TEXT NOT NULL DEFAULT ''")
app/src/main/java/com/aeriotv/android/core/di/DatabaseModule.kt	304	ALTER TABLE `playlists` ADD COLUMN `dispatcharrDvrAccess` TEXT NOT NULL DEFAULT ''	db.execSQL("ALTER TABLE `playlists` ADD COLUMN `dispatcharrDvrAccess` TEXT NOT NULL DEFAULT ''")
app/src/main/java/com/aeriotv/android/core/di/DatabaseModule.kt	305	ALTER TABLE `playlists` ADD COLUMN `dispatcharrCatchupEnabled` INTEGER NOT NULL DEFAULT 1	db.execSQL("ALTER TABLE `playlists` ADD COLUMN `dispatcharrCatchupEnabled` INTEGER NOT NULL DEFAULT 1")
app/src/main/java/com/aeriotv/android/core/di/DatabaseModule.kt	306	ALTER TABLE `playlists` ADD COLUMN `dispatcharrVodMoviesEnabled` INTEGER NOT NULL DEFAULT 1	db.execSQL("ALTER TABLE `playlists` ADD COLUMN `dispatcharrVodMoviesEnabled` INTEGER NOT NULL DEFAULT 1")
app/src/main/java/com/aeriotv/android/core/di/DatabaseModule.kt	307	ALTER TABLE `playlists` ADD COLUMN `dispatcharrVodSeriesEnabled` INTEGER NOT NULL DEFAULT 1	db.execSQL("ALTER TABLE `playlists` ADD COLUMN `dispatcharrVodSeriesEnabled` INTEGER NOT NULL DEFAULT 1")
app/src/main/java/com/aeriotv/android/core/di/DatabaseModule.kt	308	ALTER TABLE `playlists` ADD COLUMN `dispatcharrServerVersion` TEXT NOT NULL DEFAULT ''	db.execSQL("ALTER TABLE `playlists` ADD COLUMN `dispatcharrServerVersion` TEXT NOT NULL DEFAULT ''")
app/src/main/java/com/aeriotv/android/core/di/DatabaseModule.kt	340	`chunkStartMs` INTEGER NOT NULL, 	"`chunkStartMs` INTEGER NOT NULL, " +
app/src/main/java/com/aeriotv/android/core/di/DatabaseModule.kt	341	`chunkEndMs` INTEGER NOT NULL, 	"`chunkEndMs` INTEGER NOT NULL, " +
app/src/main/java/com/aeriotv/android/core/di/DatabaseModule.kt	343	`programCount` INTEGER NOT NULL, 	"`programCount` INTEGER NOT NULL, " +
app/src/main/java/com/aeriotv/android/core/di/DatabaseModule.kt	344	PRIMARY KEY(`playlistId`, `chunkStartMs`))	"PRIMARY KEY(`playlistId`, `chunkStartMs`))",
app/src/main/java/com/aeriotv/android/core/di/DatabaseModule.kt	351	Web Player (AAC Audio)	* Casting asks Dispatcharr for its built-in "Web Player (AAC Audio)"
app/src/main/java/com/aeriotv/android/core/di/DatabaseModule.kt	360	ALTER TABLE `playlists` ADD COLUMN `dispatcharrCastAacProfileId` INTEGER	db.execSQL("ALTER TABLE `playlists` ADD COLUMN `dispatcharrCastAacProfileId` INTEGER")
app/src/main/java/com/aeriotv/android/core/di/DatabaseModule.kt	375	ALTER TABLE `playlists` ADD COLUMN `dispatcharrEpgSourceFingerprint` TEXT	db.execSQL("ALTER TABLE `playlists` ADD COLUMN `dispatcharrEpgSourceFingerprint` TEXT")
app/src/main/java/com/aeriotv/android/core/di/DatabaseModule.kt	395	CREATE INDEX IF NOT EXISTS `index_epg_programme_playlistId_endMillis` 	"CREATE INDEX IF NOT EXISTS `index_epg_programme_playlistId_endMillis` " +
app/src/main/java/com/aeriotv/android/core/di/DatabaseModule.kt	396	ON `epg_programme` (`playlistId`, `endMillis`)	"ON `epg_programme` (`playlistId`, `endMillis`)"
app/src/main/java/com/aeriotv/android/core/di/DatabaseModule.kt	409	ALTER TABLE `epg_programme` ADD COLUMN `iconUrl` TEXT	db.execSQL("ALTER TABLE `epg_programme` ADD COLUMN `iconUrl` TEXT")
app/src/main/java/com/aeriotv/android/core/di/DatabaseModule.kt	433	ALTER TABLE `playlists` ADD COLUMN `dispatcharrIsStaff` INTEGER NOT NULL DEFAULT 0	db.execSQL("ALTER TABLE `playlists` ADD COLUMN `dispatcharrIsStaff` INTEGER NOT NULL DEFAULT 0")
app/src/main/java/com/aeriotv/android/core/di/DatabaseModule.kt	434	ALTER TABLE `playlists` ADD COLUMN `dispatcharrIsSuperuser` INTEGER NOT NULL DEFAULT 0	db.execSQL("ALTER TABLE `playlists` ADD COLUMN `dispatcharrIsSuperuser` INTEGER NOT NULL DEFAULT 0")
app/src/main/java/com/aeriotv/android/core/di/DatabaseModule.kt	435	ALTER TABLE `playlists` ADD COLUMN `dispatcharrCustomProperties` TEXT NOT NULL DEFAULT ''	db.execSQL("ALTER TABLE `playlists` ADD COLUMN `dispatcharrCustomProperties` TEXT NOT NULL DEFAULT ''")
app/src/main/java/com/aeriotv/android/core/di/DatabaseModule.kt	436	ALTER TABLE `playlists` ADD COLUMN `dispatcharrCapabilitiesFetchedAt` INTEGER NOT NULL DEFAULT 0	db.execSQL("ALTER TABLE `playlists` ADD COLUMN `dispatcharrCapabilitiesFetchedAt` INTEGER NOT NULL DEFAULT 0")
app/src/main/java/com/aeriotv/android/core/di/DatabaseModule.kt	437	ALTER TABLE `playlists` ADD COLUMN `dispatcharrCapabilitiesSchema` INTEGER NOT NULL DEFAULT 0	db.execSQL("ALTER TABLE `playlists` ADD COLUMN `dispatcharrCapabilitiesSchema` INTEGER NOT NULL DEFAULT 0")
app/src/main/java/com/aeriotv/android/core/di/DatabaseModule.kt	438	ALTER TABLE `playlists` ADD COLUMN `dispatcharrCapabilitiesStale` INTEGER NOT NULL DEFAULT 0	db.execSQL("ALTER TABLE `playlists` ADD COLUMN `dispatcharrCapabilitiesStale` INTEGER NOT NULL DEFAULT 0")
app/src/main/java/com/aeriotv/android/core/di/DatabaseModule.kt	439	ALTER TABLE `playlists` ADD COLUMN `dispatcharrSystemCatchupEnabled` INTEGER NOT NULL DEFAULT -1	db.execSQL("ALTER TABLE `playlists` ADD COLUMN `dispatcharrSystemCatchupEnabled` INTEGER NOT NULL DEFAULT -1")
app/src/main/java/com/aeriotv/android/core/di/DatabaseModule.kt	454	CREATE TABLE IF NOT EXISTS `vod_title` (`id` INTEGER PRIMARY KEY AUTOINCREMENT NOT NULL, 	"CREATE TABLE IF NOT EXISTS `vod_title` (`id` INTEGER PRIMARY KEY AUTOINCREMENT NOT NULL, " +
app/src/main/java/com/aeriotv/android/core/di/DatabaseModule.kt	455	`playlistKey` TEXT NOT NULL, `kind` TEXT NOT NULL, `itemKey` TEXT NOT NULL, `title` TEXT NOT NULL, 	"`playlistKey` TEXT NOT NULL, `kind` TEXT NOT NULL, `itemKey` TEXT NOT NULL, `title` TEXT NOT NULL, " +
app/src/main/java/com/aeriotv/android/core/di/DatabaseModule.kt	456	`sortKey` TEXT NOT NULL, `bucket` TEXT NOT NULL, `year` INTEGER, `rating` TEXT, `ratingValue` REAL, 	"`sortKey` TEXT NOT NULL, `bucket` TEXT NOT NULL, `year` INTEGER, `rating` TEXT, `ratingValue` REAL, " +
app/src/main/java/com/aeriotv/android/core/di/DatabaseModule.kt	457	`posterUrl` TEXT, `category` TEXT, `tmdbId` TEXT, `normTitle` TEXT NOT NULL, `cleanTitle` TEXT NOT NULL, 	"`posterUrl` TEXT, `category` TEXT, `tmdbId` TEXT, `normTitle` TEXT NOT NULL, `cleanTitle` TEXT NOT NULL, " +
app/src/main/java/com/aeriotv/android/core/di/DatabaseModule.kt	458	`artKey` TEXT NOT NULL, `payload` TEXT NOT NULL, `generation` INTEGER NOT NULL)	"`artKey` TEXT NOT NULL, `payload` TEXT NOT NULL, `generation` INTEGER NOT NULL)"
app/src/main/java/com/aeriotv/android/core/di/DatabaseModule.kt	460	CREATE UNIQUE INDEX IF NOT EXISTS `index_vod_title_playlistKey_kind_itemKey` ON `vod_title` (`playlistKey`, `kind`, `itemKey`)	db.execSQL("CREATE UNIQUE INDEX IF NOT EXISTS `index_vod_title_playlistKey_kind_itemKey` ON `vod_title` (`playlistKey`, `kind`, `itemKey`)")
app/src/main/java/com/aeriotv/android/core/di/DatabaseModule.kt	461	CREATE INDEX IF NOT EXISTS `index_vod_title_playlistKey_kind_sortKey` ON `vod_title` (`playlistKey`, `kind`, `sortKey`)	db.execSQL("CREATE INDEX IF NOT EXISTS `index_vod_title_playlistKey_kind_sortKey` ON `vod_title` (`playlistKey`, `kind`, `sortKey`)")
app/src/main/java/com/aeriotv/android/core/di/DatabaseModule.kt	462	CREATE INDEX IF NOT EXISTS `index_vod_title_playlistKey_kind_generation` ON `vod_title` (`playlistKey`, `kind`, `generation`)	db.execSQL("CREATE INDEX IF NOT EXISTS `index_vod_title_playlistKey_kind_generation` ON `vod_title` (`playlistKey`, `kind`, `generation`)")
app/src/main/java/com/aeriotv/android/core/di/DatabaseModule.kt	463	CREATE INDEX IF NOT EXISTS `index_vod_title_playlistKey_kind_tmdbId` ON `vod_title` (`playlistKey`, `kind`, `tmdbId`)	db.execSQL("CREATE INDEX IF NOT EXISTS `index_vod_title_playlistKey_kind_tmdbId` ON `vod_title` (`playlistKey`, `kind`, `tmdbId`)")
app/src/main/java/com/aeriotv/android/core/di/DatabaseModule.kt	464	CREATE INDEX IF NOT EXISTS `index_vod_title_playlistKey_kind_normTitle` ON `vod_title` (`playlistKey`, `kind`, `normTitle`)	db.execSQL("CREATE INDEX IF NOT EXISTS `index_vod_title_playlistKey_kind_normTitle` ON `vod_title` (`playlistKey`, `kind`, `normTitle`)")
app/src/main/java/com/aeriotv/android/core/di/DatabaseModule.kt	465	CREATE INDEX IF NOT EXISTS `index_vod_title_playlistKey_kind_cleanTitle` ON `vod_title` (`playlistKey`, `kind`, `cleanTitle`)	db.execSQL("CREATE INDEX IF NOT EXISTS `index_vod_title_playlistKey_kind_cleanTitle` ON `vod_title` (`playlistKey`, `kind`, `cleanTitle`)")
app/src/main/java/com/aeriotv/android/core/di/DatabaseModule.kt	467	CREATE TABLE IF NOT EXISTS `vod_sweep_state` (`playlistKey` TEXT NOT NULL, `kind` TEXT NOT NULL, 	"CREATE TABLE IF NOT EXISTS `vod_sweep_state` (`playlistKey` TEXT NOT NULL, `kind` TEXT NOT NULL, " +
app/src/main/java/com/aeriotv/android/core/di/DatabaseModule.kt	469	`completedAtMs` INTEGER NOT NULL, PRIMARY KEY(`playlistKey`, `kind`))	"`completedAtMs` INTEGER NOT NULL, PRIMARY KEY(`playlistKey`, `kind`))"
app/src/main/java/com/aeriotv/android/core/di/DatabaseModule.kt	472	CREATE TABLE IF NOT EXISTS `vod_sweep_lane` (`playlistKey` TEXT NOT NULL, `kind` TEXT NOT NULL, 	"CREATE TABLE IF NOT EXISTS `vod_sweep_lane` (`playlistKey` TEXT NOT NULL, `kind` TEXT NOT NULL, " +
app/src/main/java/com/aeriotv/android/core/di/DatabaseModule.kt	473	`lane` TEXT NOT NULL, `generation` INTEGER NOT NULL, `nextQuery` TEXT, `failures` INTEGER NOT NULL, 	"`lane` TEXT NOT NULL, `generation` INTEGER NOT NULL, `nextQuery` TEXT, `failures` INTEGER NOT NULL, " +
app/src/main/java/com/aeriotv/android/core/di/DatabaseModule.kt	474	`hasContent` INTEGER NOT NULL, PRIMARY KEY(`playlistKey`, `kind`, `lane`))	"`hasContent` INTEGER NOT NULL, PRIMARY KEY(`playlistKey`, `kind`, `lane`))"
app/src/main/java/com/aeriotv/android/core/guide/EventTimeParser.kt	10	NFHS 01: A vs B @ Sep 02 03:30AM ET	* their dynamic channels like "NFHS 01: A vs B @ Sep 02 03:30AM ET" or
app/src/main/java/com/aeriotv/android/core/guide/EventTimeParser.kt	11	FOX ONE 01: ... @ 3 Sep 01:30 AM ET	* "FOX ONE 01: ... @ 3 Sep 01:30 AM ET" (Logan 2026-09-03); with no EPG
app/src/main/java/com/aeriotv/android/core/guide/EventTimeParser.kt	13	airing now	* time bounds that placeholder so the event does not read as "airing now"
app/src/main/java/com/aeriotv/android/core/guide/EventTimeParser.kt	21	Sep 02 03:30AM ET	// "Sep 02 03:30AM ET", "Sep 2, 2026 8:00 PM", "September 02 20:00"
app/src/main/java/com/aeriotv/android/core/guide/EventTimeParser.kt	21	Sep 2, 2026 8:00 PM	// "Sep 02 03:30AM ET", "Sep 2, 2026 8:00 PM", "September 02 20:00"
app/src/main/java/com/aeriotv/android/core/guide/EventTimeParser.kt	21	September 02 20:00	// "Sep 02 03:30AM ET", "Sep 2, 2026 8:00 PM", "September 02 20:00"
app/src/main/java/com/aeriotv/android/core/guide/EventTimeParser.kt	26	03 Sep 2026 20:00	// "3 Sep 01:30 AM ET", "03 Sep 2026 20:00"
app/src/main/java/com/aeriotv/android/core/guide/EventTimeParser.kt	26	3 Sep 01:30 AM ET	// "3 Sep 01:30 AM ET", "03 Sep 2026 20:00"
app/src/main/java/com/aeriotv/android/core/guide/EventTimeParser.kt	49	Sep 0	// "Sep 0" out of "Sep 01:30"); keep scanning, then fall through.
app/src/main/java/com/aeriotv/android/core/guide/EventTimeParser.kt	49	Sep 01:30	// "Sep 0" out of "Sep 01:30"); keep scanning, then fall through.
app/src/main/java/com/aeriotv/android/core/guide/GuideIndex.kt	61	No info	fun withHoles(fromMs: Long, toMs: Long, minGapMs: Long = 5 * 60_000L, title: String = "No info"): List<EPGProgramme> {
app/src/main/java/com/aeriotv/android/core/guide/GuideIndex.kt	98	Starts $when_	if (start > windowStartMs) out += placeholder(channelId, name, windowStartMs, start).copy(description = "Starts $when_")
app/src/main/java/com/aeriotv/android/core/guide/GuideIndex.kt	99	Event listing from the channel name; the provider has no guide data for it.	out += placeholder(channelId, name, maxOf(start, windowStartMs), minOf(end, windowEndMs)).copy(description = "Event listing from the channel name; the provider has no guide data for it.")
app/src/main/java/com/aeriotv/android/core/guide/GuideIndex.kt	100	Started $when_	if (end < windowEndMs) out += placeholder(channelId, name, end, windowEndMs).copy(description = "Started $when_")
app/src/main/java/com/aeriotv/android/core/network/DispatcharrAuthBroker.kt	54	Playlist $playlistId not found	?: throw IllegalStateException("Playlist $playlistId not found")
app/src/main/java/com/aeriotv/android/core/network/DispatcharrAuthBroker.kt	56	Playlist ${playlistId.take(8)} has no api_key	?: throw IllegalArgumentException("Playlist ${playlistId.take(8)} has no api_key")
app/src/main/java/com/aeriotv/android/core/network/DispatcharrAuthBroker.kt	61	withApiKeyRetry: row loaded for ${playlistId.take(8)}, invoking call	Log.d(TAG, "withApiKeyRetry: row loaded for ${playlistId.take(8)}, invoking call")
app/src/main/java/com/aeriotv/android/core/network/DispatcharrAuthBroker.kt	75	401 for ${playlistId.take(8)} was a header-shape rejection; retrying with mode=$detected	Log.i(TAG, "401 for ${playlistId.take(8)} was a header-shape rejection; retrying with mode=$detected")
app/src/main/java/com/aeriotv/android/core/network/DispatcharrAuthBroker.kt	78	401 on apiKey call for ${playlistId.take(8)}; attempting silent rebootstrap	Log.i(TAG, "401 on apiKey call for ${playlistId.take(8)}; attempting silent rebootstrap")
app/src/main/java/com/aeriotv/android/core/network/DispatcharrAuthBroker.kt	90	silent rebootstrap returned null for ${playlistId.take(8)}: API-Key-mode 	"silent rebootstrap returned null for ${playlistId.take(8)}: API-Key-mode " +
app/src/main/java/com/aeriotv/android/core/network/DispatcharrAuthBroker.kt	91	playlist with a rejected key has nothing to re-mint from. The user must 	"playlist with a rejected key has nothing to re-mint from. The user must " +
app/src/main/java/com/aeriotv/android/core/network/DispatcharrAuthBroker.kt	92	enter a new key in Edit Playlist. Surfacing the 401.	"enter a new key in Edit Playlist. Surfacing the 401.",
app/src/main/java/com/aeriotv/android/core/network/DispatcharrAuthBroker.kt	137	silentRebootstrap SKIP: playlist ${playlist.id.take(8)} has no creds (API Key mode)	Log.i(TAG, "silentRebootstrap SKIP: playlist ${playlist.id.take(8)} has no creds (API Key mode)")
app/src/main/java/com/aeriotv/android/core/network/DispatcharrAuthBroker.kt	145	silentRebootstrap OK for ${playlist.id.take(8)}	Log.i(TAG, "silentRebootstrap OK for ${playlist.id.take(8)}")
app/src/main/java/com/aeriotv/android/core/network/DispatcharrAuthBroker.kt	154	silentRebootstrap FAIL for ${playlist.id.take(8)}: ${t.message}	Log.w(TAG, "silentRebootstrap FAIL for ${playlist.id.take(8)}: ${t.message}")
app/src/main/java/com/aeriotv/android/core/network/DispatcharrClient.kt	178	Login transport error: ${t.message ?: t::class.simpleName}	"Login transport error: ${t.message ?: t::class.simpleName}",
app/src/main/java/com/aeriotv/android/core/network/DispatcharrClient.kt	184	Invalid username or password. AerioTV uses your Dispatcharr 	"Invalid username or password. AerioTV uses your Dispatcharr " +
app/src/main/java/com/aeriotv/android/core/network/DispatcharrClient.kt	185	Dashboard password (System -> Users -> Account tab), 	"Dashboard password (System -> Users -> Account tab), " +
app/src/main/java/com/aeriotv/android/core/network/DispatcharrClient.kt	186	not your Dispatcharr XC password.	"not your Dispatcharr XC password.",
app/src/main/java/com/aeriotv/android/core/network/DispatcharrClient.kt	196	The server is rate-limiting login attempts (HTTP 429). 	"The server is rate-limiting login attempts (HTTP 429). " +
app/src/main/java/com/aeriotv/android/core/network/DispatcharrClient.kt	197	Wait a minute and try again.	"Wait a minute and try again.",
app/src/main/java/com/aeriotv/android/core/network/DispatcharrClient.kt	201	Login transport error: HTTP $code	throw DispatcharrError.Transport("Login transport error: HTTP $code")
app/src/main/java/com/aeriotv/android/core/network/DispatcharrClient.kt	207	Server returned an unexpected response shape during login. 	"Server returned an unexpected response shape during login. " +
app/src/main/java/com/aeriotv/android/core/network/DispatcharrClient.kt	208	Verify the URL points at a Dispatcharr 0.23.0 or newer instance.	"Verify the URL points at a Dispatcharr 0.23.0 or newer instance.",
app/src/main/java/com/aeriotv/android/core/network/DispatcharrClient.kt	234	Refresh transport error: ${t.message ?: t::class.simpleName}	"Refresh transport error: ${t.message ?: t::class.simpleName}",
app/src/main/java/com/aeriotv/android/core/network/DispatcharrClient.kt	240	Refresh token expired. AerioTV will re-authenticate from saved credentials.	"Refresh token expired. AerioTV will re-authenticate from saved credentials.",
app/src/main/java/com/aeriotv/android/core/network/DispatcharrClient.kt	244	Refresh transport error: HTTP $code	throw DispatcharrError.Transport("Refresh transport error: HTTP $code")
app/src/main/java/com/aeriotv/android/core/network/DispatcharrClient.kt	250	Refresh returned an unexpected response shape.	"Refresh returned an unexpected response shape.",
app/src/main/java/com/aeriotv/android/core/network/DispatcharrClient.kt	271	Couldn't read user profile: ${t.message ?: t::class.simpleName}	"Couldn't read user profile: ${t.message ?: t::class.simpleName}",
app/src/main/java/com/aeriotv/android/core/network/DispatcharrClient.kt	275	Couldn't read user profile: HTTP ${response.status.value}	throw DispatcharrError.Transport("Couldn't read user profile: HTTP ${response.status.value}")
app/src/main/java/com/aeriotv/android/core/network/DispatcharrClient.kt	281	Server returned an unexpected user profile shape. Verify the URL 	"Server returned an unexpected user profile shape. Verify the URL " +
app/src/main/java/com/aeriotv/android/core/network/DispatcharrClient.kt	282	points at a Dispatcharr 0.23.0 or newer instance.	"points at a Dispatcharr 0.23.0 or newer instance.",
app/src/main/java/com/aeriotv/android/core/network/DispatcharrClient.kt	291	The Dispatcharr account '${me.username}' has no API key. In 	"The Dispatcharr account '${me.username}' has no API key. In " +
app/src/main/java/com/aeriotv/android/core/network/DispatcharrClient.kt	292	Dispatcharr, open System, then Users, edit this user, and 	"Dispatcharr, open System, then Users, edit this user, and " +
app/src/main/java/com/aeriotv/android/core/network/DispatcharrClient.kt	324	This device	// report 2026-07-11, an admin API key saw only "This device".
app/src/main/java/com/aeriotv/android/core/network/DispatcharrClient.kt	503	Your Dispatcharr account can view recordings but not manage them. 	403 -> "Your Dispatcharr account can view recordings but not manage them. " +
app/src/main/java/com/aeriotv/android/core/network/DispatcharrClient.kt	504	Ask your server administrator for DVR manage access.	"Ask your server administrator for DVR manage access."
app/src/main/java/com/aeriotv/android/core/network/DispatcharrClient.kt	505	Dispatcharr rejected this request as unauthorized. 	401 -> "Dispatcharr rejected this request as unauthorized. " +
app/src/main/java/com/aeriotv/android/core/network/DispatcharrClient.kt	506	Your session or API key may have expired.	"Your session or API key may have expired."
app/src/main/java/com/aeriotv/android/core/network/DispatcharrClient.kt	563	Connection check failed: HTTP ${response.status.value} ${response.status.description}	throw DispatcharrError.Transport("Connection check failed: HTTP ${response.status.value} ${response.status.description}")
app/src/main/java/com/aeriotv/android/core/network/DispatcharrClient.kt	621	Couldn't read channel profile $profileId: HTTP ${response.status.value}	"Couldn't read channel profile $profileId: HTTP ${response.status.value}",
app/src/main/java/com/aeriotv/android/core/network/DispatcharrClient.kt	628	Server returned an unexpected channel-profile shape for id $profileId.	"Server returned an unexpected channel-profile shape for id $profileId.",
app/src/main/java/com/aeriotv/android/core/network/DispatcharrClient.kt	673	data	*   {"data": [{id, start_time (ISO 8601 UTC), end_time, title, sub_title,
app/src/main/java/com/aeriotv/android/core/network/DispatcharrClient.kt	692	Program detail failed: HTTP ${response.status.value}	throw DispatcharrError.Transport("Program detail failed: HTTP ${response.status.value}")
app/src/main/java/com/aeriotv/android/core/network/DispatcharrClient.kt	750	Programs-by-tvg-id failed: HTTP ${response.status.value}	throw DispatcharrError.Transport("Programs-by-tvg-id failed: HTTP ${response.status.value}")
app/src/main/java/com/aeriotv/android/core/network/DispatcharrClient.kt	798	EPG grid failed: HTTP ${response.status.value} ${response.status.description}	throw DispatcharrError.Transport("EPG grid failed: HTTP ${response.status.value} ${response.status.description}")
app/src/main/java/com/aeriotv/android/core/network/DispatcharrClient.kt	832	Current programs failed: HTTP ${response.status.value} ${response.status.description}	"Current programs failed: HTTP ${response.status.value} ${response.status.description}",
app/src/main/java/com/aeriotv/android/core/network/DispatcharrClient.kt	910	HTTP ${response.status.value} ${response.status.description} from $url	"HTTP ${response.status.value} ${response.status.description} from $url",
app/src/main/java/com/aeriotv/android/core/network/DispatcharrClient.kt	918	Unexpected response shape from $url: ${raw::class.simpleName}	"Unexpected response shape from $url: ${raw::class.simpleName}",
app/src/main/java/com/aeriotv/android/core/network/DispatcharrClient.kt	961	HTTP ${response.status.value} ${response.status.description} from $pageUrl	throw DispatcharrError.Transport("HTTP ${response.status.value} ${response.status.description} from $pageUrl")
app/src/main/java/com/aeriotv/android/core/network/DispatcharrClient.kt	981	Unexpected response shape from $pageUrl: ${raw::class.simpleName}	else -> throw DispatcharrError.UnexpectedResponse("Unexpected response shape from $pageUrl: ${raw::class.simpleName}")
app/src/main/java/com/aeriotv/android/core/network/DispatcharrClient.kt	994	$url: paginated envelope, server count=$reportedCount, fetched=${out.size}	"$url: paginated envelope, server count=$reportedCount, fetched=${out.size}",
app/src/main/java/com/aeriotv/android/core/network/DispatcharrClient.kt	1010	Dispatcharr rejected the api_key for $url (HTTP $code). 	"Dispatcharr rejected the api_key for $url (HTTP $code). " +
app/src/main/java/com/aeriotv/android/core/network/DispatcharrClient.kt	1011	Admin probably rotated it.	"Admin probably rotated it.",
app/src/main/java/com/aeriotv/android/core/network/DispatcharrClient.kt	1030	ApiKey $apiKey	header("Authorization", "ApiKey $apiKey")
app/src/main/java/com/aeriotv/android/core/network/DispatcharrClient.kt	1089	${baseUrl.trimEnd('/')}/proxy/ts/stream/$channelUuid	"${baseUrl.trimEnd('/')}/proxy/ts/stream/$channelUuid"
app/src/main/java/com/aeriotv/android/core/network/DispatcharrClient.kt	1179	native session minted id=${session.sessionId.take(8)} start=$startIso	android.util.Log.i("DispatcharrCatchup", "native session minted id=${session.sessionId.take(8)} start=$startIso")
app/src/main/java/com/aeriotv/android/core/network/DispatcharrClient.kt	1187	HTTP ${response.status.value} on catch-up session mint	CatchupSessionResult.Error("HTTP ${response.status.value} on catch-up session mint")
app/src/main/java/com/aeriotv/android/core/network/DispatcharrClient.kt	1189	catch-up session mint failed	}.getOrElse { CatchupSessionResult.Error(it.message ?: "catch-up session mint failed") }
app/src/main/java/com/aeriotv/android/core/network/DispatcharrClient.kt	1271	title	put("title", JsonPrimitive(title))
app/src/main/java/com/aeriotv/android/core/network/DispatcharrClient.kt	1272	description	put("description", JsonPrimitive(description))
app/src/main/java/com/aeriotv/android/core/network/DispatcharrClient.kt	1292	Recording create failed: HTTP ${response.status.value} ${response.status.description}	?: "Recording create failed: HTTP ${response.status.value} ${response.status.description}",
app/src/main/java/com/aeriotv/android/core/network/DispatcharrClient.kt	1322	title	put("title", JsonPrimitive(title))
app/src/main/java/com/aeriotv/android/core/network/DispatcharrClient.kt	1323	title_mode	put("title_mode", JsonPrimitive(titleMode))
app/src/main/java/com/aeriotv/android/core/network/DispatcharrClient.kt	1325	description	put("description", JsonPrimitive(description))
app/src/main/java/com/aeriotv/android/core/network/DispatcharrClient.kt	1326	description_mode	put("description_mode", JsonPrimitive(descriptionMode))
app/src/main/java/com/aeriotv/android/core/network/DispatcharrClient.kt	1339	Series rule create failed: HTTP ${response.status.value} ${response.status.description}	"Series rule create failed: HTTP ${response.status.value} ${response.status.description}",
app/src/main/java/com/aeriotv/android/core/network/DispatcharrClient.kt	1360	Series rule evaluate failed: HTTP ${response.status.value} ${response.status.description}	"Series rule evaluate failed: HTTP ${response.status.value} ${response.status.description}",
app/src/main/java/com/aeriotv/android/core/network/DispatcharrClient.kt	1406	title	put("title", JsonPrimitive(title))
app/src/main/java/com/aeriotv/android/core/network/DispatcharrClient.kt	1407	description	put("description", JsonPrimitive(description))
app/src/main/java/com/aeriotv/android/core/network/DispatcharrClient.kt	1423	Recording update failed: HTTP ${response.status.value} ${response.status.description}	"Recording update failed: HTTP ${response.status.value} ${response.status.description}",
app/src/main/java/com/aeriotv/android/core/network/DispatcharrClient.kt	1432	Load more	* and a "Load more" affordance lands when the user request comes.
app/src/main/java/com/aeriotv/android/core/network/DispatcharrClient.kt	1452	VOD movies fetch failed: HTTP ${response.status.value}	throw DispatcharrError.Transport("VOD movies fetch failed: HTTP ${response.status.value}")
app/src/main/java/com/aeriotv/android/core/network/DispatcharrClient.kt	1467	')?.takeIf { it.isNotBlank() && it != 	val rawNext = raw["next"]?.toString()?.trim('"')?.takeIf { it.isNotBlank() && it != "null" }
app/src/main/java/com/aeriotv/android/core/network/DispatcharrClient.kt	1506	VOD series $id fetch failed: HTTP ${response.status.value}	throw DispatcharrError.Transport("VOD series $id fetch failed: HTTP ${response.status.value}")
app/src/main/java/com/aeriotv/android/core/network/DispatcharrClient.kt	1516	VOD series fetch failed: HTTP ${response.status.value}	throw DispatcharrError.Transport("VOD series fetch failed: HTTP ${response.status.value}")
app/src/main/java/com/aeriotv/android/core/network/DispatcharrClient.kt	1531	')?.takeIf { it.isNotBlank() && it != 	val rawNext = raw["next"]?.toString()?.trim('"')?.takeIf { it.isNotBlank() && it != "null" }
app/src/main/java/com/aeriotv/android/core/network/DispatcharrClient.kt	1584	page_size=$pageSize	if (category.isBlank()) return "page_size=$pageSize"
app/src/main/java/com/aeriotv/android/core/network/DispatcharrClient.kt	1589	page_size=$pageSize&category=	return "page_size=$pageSize&category=" + java.net.URLEncoder.encode(typed, "UTF-8")
app/src/main/java/com/aeriotv/android/core/network/DispatcharrClient.kt	1653	Movie provider-info failed: HTTP ${response.status.value}	throw DispatcharrError.Transport("Movie provider-info failed: HTTP ${response.status.value}")
app/src/main/java/com/aeriotv/android/core/network/DispatcharrClient.kt	1677	Series provider-info failed: HTTP ${response.status.value}	throw DispatcharrError.Transport("Series provider-info failed: HTTP ${response.status.value}")
app/src/main/java/com/aeriotv/android/core/network/DispatcharrClient.kt	1726	Movie provider-media failed: HTTP ${response.status.value}	throw DispatcharrError.Transport("Movie provider-media failed: HTTP ${response.status.value}")
app/src/main/java/com/aeriotv/android/core/network/DispatcharrClient.kt	1786	Series episodes fetch failed: HTTP ${response.status.value}	throw DispatcharrError.Transport("Series episodes fetch failed: HTTP ${response.status.value}")
app/src/main/java/com/aeriotv/android/core/network/DispatcharrClient.kt	1833	${baseUrl.trimEnd('/')}/proxy/vod/episode/$episodeUuid	val base = "${baseUrl.trimEnd('/')}/proxy/vod/episode/$episodeUuid"
app/src/main/java/com/aeriotv/android/core/network/DispatcharrClient.kt	1836	m3u_account_id=$m3uAccountId	if (m3uAccountId != null) add("m3u_account_id=$m3uAccountId")
app/src/main/java/com/aeriotv/android/core/network/DispatcharrClient.kt	1838	$base?${params.joinToString(	val entry = if (params.isEmpty()) base else "$base?${params.joinToString("&")}"
app/src/main/java/com/aeriotv/android/core/network/DispatcharrClient.kt	1842	ApiKey $apiKey	.header("Authorization", "ApiKey $apiKey")
app/src/main/java/com/aeriotv/android/core/network/DispatcharrClient.kt	1882	${baseUrl.trimEnd('/')}/proxy/vod/movie/$movieUuid	val base = "${baseUrl.trimEnd('/')}/proxy/vod/movie/$movieUuid"
app/src/main/java/com/aeriotv/android/core/network/DispatcharrClient.kt	1885	m3u_account_id=$m3uAccountId	if (m3uAccountId != null) add("m3u_account_id=$m3uAccountId")
app/src/main/java/com/aeriotv/android/core/network/DispatcharrClient.kt	1887	$base?${params.joinToString(	return if (params.isEmpty()) base else "$base?${params.joinToString("&")}"
app/src/main/java/com/aeriotv/android/core/network/DispatcharrClient.kt	1911	ApiKey $apiKey	.header("Authorization", "ApiKey $apiKey")
app/src/main/java/com/aeriotv/android/core/network/DispatcharrClient.kt	1943	Remove Commercials failed: HTTP ${response.status.value} ${response.status.description}	"Remove Commercials failed: HTTP ${response.status.value} ${response.status.description}",
app/src/main/java/com/aeriotv/android/core/network/DispatcharrClient.kt	1960	Stop Recording failed: HTTP ${response.status.value} ${response.status.description}	"Stop Recording failed: HTTP ${response.status.value} ${response.status.description}",
app/src/main/java/com/aeriotv/android/core/network/DispatcharrClient.kt	2020	${baseUrl.trimEnd('/')}/proxy/ts/change_stream/$channelUuid	val url = "${baseUrl.trimEnd('/')}/proxy/ts/change_stream/$channelUuid"
app/src/main/java/com/aeriotv/android/core/network/DispatcharrClient.kt	2034	Switch Stream failed: HTTP ${response.status.value} ${response.status.description} body=$respBody	"Switch Stream failed: HTTP ${response.status.value} ${response.status.description} body=$respBody",
app/src/main/java/com/aeriotv/android/core/network/DispatcharrClient.kt	2059	${baseUrl.trimEnd('/')}/proxy/ts/status/$channelUuid	val url = "${baseUrl.trimEnd('/')}/proxy/ts/status/$channelUuid"
app/src/main/java/com/aeriotv/android/core/network/DispatcharrClient.kt	2063	status $channelUuid -> HTTP ${response.status.value}	android.util.Log.i("DispatcharrSwitch", "status $channelUuid -> HTTP ${response.status.value}")
app/src/main/java/com/aeriotv/android/core/network/DispatcharrClient.kt	2068	status $channelUuid -> stream_id=$sid	android.util.Log.i("DispatcharrSwitch", "status $channelUuid -> stream_id=$sid")
app/src/main/java/com/aeriotv/android/core/network/DispatcharrClient.kt	2083	${baseUrl.trimEnd('/')}/proxy/ts/status/$channelUuid	val url = "${baseUrl.trimEnd('/')}/proxy/ts/status/$channelUuid"
app/src/main/java/com/aeriotv/android/core/network/DispatcharrClient.kt	2087	status $channelUuid -> HTTP ${response.status.value}	android.util.Log.i("DispatcharrSwitch", "status $channelUuid -> HTTP ${response.status.value}")
app/src/main/java/com/aeriotv/android/core/network/DispatcharrClient.kt	2093	status $channelUuid -> url=$u stream_id=$sid	android.util.Log.i("DispatcharrSwitch", "status $channelUuid -> url=$u stream_id=$sid")
app/src/main/java/com/aeriotv/android/core/network/DispatcharrClient.kt	2098	Stream ended	* Live-session check behind the player's "Stream ended" card (see
app/src/main/java/com/aeriotv/android/core/network/DispatcharrClient.kt	2129	users/me HTTP ${me.status.value}	if (!me.status.isSuccess()) return no("users/me HTTP ${me.status.value}")
app/src/main/java/com/aeriotv/android/core/network/DispatcharrClient.kt	2137	$root/proxy/ts/status	val status = client.get("$root/proxy/ts/status") { applyAuth(apiKey) }
app/src/main/java/com/aeriotv/android/core/network/DispatcharrClient.kt	2138	proxy status HTTP ${status.status.value}	if (!status.status.isSuccess()) return no("proxy status HTTP ${status.status.value}")
app/src/main/java/com/aeriotv/android/core/network/DispatcharrClient.kt	2140	proxy status not readable	?: return no("proxy status not readable")
app/src/main/java/com/aeriotv/android/core/network/DispatcharrClient.kt	2141	proxy status has no channels	val channels = (statusObj["channels"] as? JsonArray) ?: return no("proxy status has no channels")
app/src/main/java/com/aeriotv/android/core/network/DispatcharrClient.kt	2172	Newer than ours, somewhere else	// "Newer than ours, somewhere else": either another channel, or
app/src/main/java/com/aeriotv/android/core/network/DispatcharrClient.kt	2184	sessions=$ourSessions channels=${ourChannels.size} counted=$counted 	val detail = "sessions=$ourSessions channels=${ourChannels.size} counted=$counted " +
app/src/main/java/com/aeriotv/android/core/network/DispatcharrClient.kt	2185	limit=$streamLimit newerElsewhere=$newerElsewhere 	"limit=$streamLimit newerElsewhere=$newerElsewhere " +
app/src/main/java/com/aeriotv/android/core/network/DispatcharrClient.kt	2186	ignoreSameChannel=${ignoreSameChannel ?: 	"ignoreSameChannel=${ignoreSameChannel ?: "unknown"}"
app/src/main/java/com/aeriotv/android/core/network/DispatcharrClient.kt	2215	Recording delete failed: HTTP ${response.status.value} ${response.status.description}	?: "Recording delete failed: HTTP ${response.status.value} ${response.status.description}",
app/src/main/java/com/aeriotv/android/core/network/DispatcharrClient.kt	2253	VOD change probe failed: HTTP ${response.status.value}	throw DispatcharrError.Transport("VOD change probe failed: HTTP ${response.status.value}")
app/src/main/java/com/aeriotv/android/core/network/DispatcharrClient.kt	2321	unexpected profile shape	*  into a misleading "unexpected profile shape" error. The caller
app/src/main/java/com/aeriotv/android/core/network/DispatcharrClient.kt	2465	1920x1080	/** e.g. "1920x1080"; fallback label slot when [quality] is absent. */
app/src/main/java/com/aeriotv/android/core/network/DispatcharrClient.kt	2554	Output Bitrate	/** ffmpeg output bitrate in kbps (the "Output Bitrate" the Dispatcharr UI shows). */
app/src/main/java/com/aeriotv/android/core/network/DispatcharrClient.kt	2595	Time when this source was last successfully refreshed	* "Time when this source was last successfully refreshed" (Dispatcharr's
app/src/main/java/com/aeriotv/android/core/network/DispatcharrClient.kt	2669	description	"description" -> description
app/src/main/java/com/aeriotv/android/core/network/DispatcharrClient.kt	2704	3000 Miles to Graceland	* MINUTES in `duration_secs` poisons it: "3000 Miles to Graceland" (125 min)
app/src/main/java/com/aeriotv/android/core/network/DispatcharrClient.kt	2851	description	?: customProperties?.stringField("description")
app/src/main/java/com/aeriotv/android/core/network/DispatcharrClient.kt	3150	title	return program?.stringField("title")
app/src/main/java/com/aeriotv/android/core/network/DispatcharrClient.kt	3151	title	?: customProperties?.stringField("title")
app/src/main/java/com/aeriotv/android/core/network/DispatcharrClient.kt	3158	description	return program?.stringField("description")
app/src/main/java/com/aeriotv/android/core/network/DispatcharrClient.kt	3159	description	?: customProperties?.stringField("description")
app/src/main/java/com/aeriotv/android/core/network/DispatcharrClient.kt	3218	Actor A	* ("Actor A, Actor B") OR a JSON array (["Actor A","Actor B"]). Returns the
app/src/main/java/com/aeriotv/android/core/network/DispatcharrClient.kt	3218	Actor A, Actor B	* ("Actor A, Actor B") OR a JSON array (["Actor A","Actor B"]). Returns the
app/src/main/java/com/aeriotv/android/core/network/DispatcharrClient.kt	3218	Actor B	* ("Actor A, Actor B") OR a JSON array (["Actor A","Actor B"]). Returns the
app/src/main/java/com/aeriotv/android/core/network/DispatcharrClient.kt	3244	Dummy EPG	// synthetic "Dummy EPG" channels emit a string (e.g.
app/src/main/java/com/aeriotv/android/core/network/DispatcharrClient.kt	3255	sub_title	@SerialName("sub_title")
app/src/main/java/com/aeriotv/android/core/network/DispatcharrImageAuthInterceptor.kt	41	ApiKey $key	.addHeader(HEADER_AUTHORIZATION, "ApiKey $key")
app/src/main/java/com/aeriotv/android/core/network/DispatcharrTokenStore.kt	106	JWT exp decode failed: ${t.message}	Log.w(TAG, "JWT exp decode failed: ${t.message}")
app/src/main/java/com/aeriotv/android/core/network/DispatcharrWarmupCoordinator.kt	101	capability probe pass failed: ${it.message}	.onFailure { Log.w(TAG, "capability probe pass failed: ${it.message}") }
app/src/main/java/com/aeriotv/android/core/network/DispatcharrWarmupCoordinator.kt	138	refresh failed for ${playlist.id.take(8)}: ${t.message}	Log.w(TAG, "refresh failed for ${playlist.id.take(8)}: ${t.message}")
app/src/main/java/com/aeriotv/android/core/network/DispatcharrWarmupCoordinator.kt	144	has password in Keychain	// the login phase behind a "has password in Keychain" check).
app/src/main/java/com/aeriotv/android/core/network/DispatcharrWarmupCoordinator.kt	152	login failed for ${playlist.id.take(8)}: ${t.message}	Log.w(TAG, "login failed for ${playlist.id.take(8)}: ${t.message}")
app/src/main/java/com/aeriotv/android/core/network/LanReachability.kt	79	Network callback registration failed	}.onFailure { Log.w(TAG, "Network callback registration failed", it) }
app/src/main/java/com/aeriotv/android/core/network/LanReachability.kt	150	LAN probe $baseUrl -> cellular-only transport, skipping HEAD (WAN)	Log.i(TAG, "LAN probe $baseUrl -> cellular-only transport, skipping HEAD (WAN)")
app/src/main/java/com/aeriotv/android/core/network/PlaylistFetcher.kt	81	The server accepted the request but returned no data (HTTP 204) from 	"The server accepted the request but returned no data (HTTP 204) from " +
app/src/main/java/com/aeriotv/android/core/network/PlaylistFetcher.kt	82	${LogSanitizer.redactUrl(url)}. That usually means it could not build 	"${LogSanitizer.redactUrl(url)}. That usually means it could not build " +
app/src/main/java/com/aeriotv/android/core/network/PlaylistFetcher.kt	86	The server returned an empty response from ${LogSanitizer.redactUrl(url)}.	"The server returned an empty response from ${LogSanitizer.redactUrl(url)}."
app/src/main/java/com/aeriotv/android/core/network/PlaylistFetcher.kt	101	HTTP ${response.status.value} ${response.status.description} from ${LogSanitizer.redactUrl(url)}	"HTTP ${response.status.value} ${response.status.description} from ${LogSanitizer.redactUrl(url)}",
app/src/main/java/com/aeriotv/android/core/network/PlaylistFetcher.kt	169	HTTP ${response.code} ${response.message} from ${LogSanitizer.redactUrl(url)}	"HTTP ${response.code} ${response.message} from ${LogSanitizer.redactUrl(url)}",
app/src/main/java/com/aeriotv/android/core/network/PlaylistFetcher.kt	183	Not enough free space to download this playlist: it needs about 	"Not enough free space to download this playlist: it needs about " +
app/src/main/java/com/aeriotv/android/core/network/PlaylistFetcher.kt	185	Free up some space and try again.	"Free up some space and try again.",
app/src/main/java/com/aeriotv/android/core/network/PlaylistFetcher.kt	210	Download stalled: only ${windowBytes / 1024}KB arrived in the 	"Download stalled: only ${windowBytes / 1024}KB arrived in the " +
app/src/main/java/com/aeriotv/android/core/network/PlaylistFetcher.kt	213	The server is barely responding; try again later.	"The server is barely responding; try again later.",
app/src/main/java/com/aeriotv/android/core/network/PlaylistFetcher.kt	231	The playlist download ended early (${total / 1_000_000}MB of 	"The playlist download ended early (${total / 1_000_000}MB of " +
app/src/main/java/com/aeriotv/android/core/network/PlaylistFetcher.kt	232	${expected / 1_000_000}MB). The connection dropped part-way 	"${expected / 1_000_000}MB). The connection dropped part-way " +
app/src/main/java/com/aeriotv/android/core/network/PlaylistFetcher.kt	273	HTTP ${response.status.value} ${response.status.description} from ${LogSanitizer.redactUrl(url)}	"HTTP ${response.status.value} ${response.status.description} from ${LogSanitizer.redactUrl(url)}",
app/src/main/java/com/aeriotv/android/core/network/PlaylistFetcher.kt	286	Not enough free space to download this playlist: it needs about 	"Not enough free space to download this playlist: it needs about " +
app/src/main/java/com/aeriotv/android/core/network/PlaylistFetcher.kt	288	Free up some space and try again.	"Free up some space and try again.",
app/src/main/java/com/aeriotv/android/core/network/PlaylistFetcher.kt	318	Download stalled: only ${windowBytes / 1024}KB arrived in the 	"Download stalled: only ${windowBytes / 1024}KB arrived in the " +
app/src/main/java/com/aeriotv/android/core/network/PlaylistFetcher.kt	321	The server is barely responding; try again later.	"The server is barely responding; try again later.",
app/src/main/java/com/aeriotv/android/core/network/PlaylistFetcher.kt	344	The playlist download ended early (${total / 1_000_000}MB of 	"The playlist download ended early (${total / 1_000_000}MB of " +
app/src/main/java/com/aeriotv/android/core/network/PlaylistFetcher.kt	345	${expected / 1_000_000}MB). The connection dropped part-way 	"${expected / 1_000_000}MB). The connection dropped part-way " +
app/src/main/java/com/aeriotv/android/core/network/TMDBService.kt	85	Known For	* One title in a person's "Known For" strip: display [title] plus the
app/src/main/java/com/aeriotv/android/core/network/TMDBService.kt	114	Known For	* block appended to the same request and ordered like TMDB's own "Known For"
app/src/main/java/com/aeriotv/android/core/network/TMDBService.kt	221	#1 Cheerleader Camp	* Split "#1 Cheerleader Camp (2010)" into "#1 Cheerleader Camp" + "2010".
app/src/main/java/com/aeriotv/android/core/network/TMDBService.kt	221	#1 Cheerleader Camp (2010)	* Split "#1 Cheerleader Camp (2010)" into "#1 Cheerleader Camp" + "2010".
app/src/main/java/com/aeriotv/android/core/network/TMDBService.kt	239	#1 Cheerleader Camp	* trips on a leading "#" et al., so "#1 Cheerleader Camp" gets a second
app/src/main/java/com/aeriotv/android/core/network/TMDBService.kt	240	1 Cheerleader Camp	* try as "1 Cheerleader Camp" if the first attempt finds nothing.
app/src/main/java/com/aeriotv/android/core/network/TMDBService.kt	253	api_key=${key.encodeURLParameter()}	if (!bearer) add("api_key=${key.encodeURLParameter()}")
app/src/main/java/com/aeriotv/android/core/network/TMDBService.kt	284	query=${cleaned.encodeURLParameter()}	add("query=${cleaned.encodeURLParameter()}")
app/src/main/java/com/aeriotv/android/core/network/TMDBService.kt	338	w500	suspend fun posterUrlForTitle(title: String, rawKey: String, size: String = "w500"): String? {
app/src/main/java/com/aeriotv/android/core/network/TMDBService.kt	349	query=${attempt.encodeURLParameter()}&include_adult=false	"query=${attempt.encodeURLParameter()}&include_adult=false",
app/src/main/java/com/aeriotv/android/core/network/TMDBService.kt	359	search '$title' -> ${path ?: 	Log.d(TAG, "search '$title' -> ${path ?: "no match"}")
app/src/main/java/com/aeriotv/android/core/network/TMDBService.kt	368	id:${if (isMovie) 	val cacheKey = "id:${if (isMovie) "movie" else "tv"}:$id"
app/src/main/java/com/aeriotv/android/core/network/TMDBService.kt	370	/${if (isMovie) 	val body = getJsonOrNull("/${if (isMovie) "movie" else "tv"}/$id", "", key)
app/src/main/java/com/aeriotv/android/core/network/TMDBService.kt	374	id $id (${if (isMovie) 	Log.d(TAG, "id $id (${if (isMovie) "movie" else "tv"}) -> ${path ?: "no match"}")
app/src/main/java/com/aeriotv/android/core/network/TMDBService.kt	453	season:$id:$seasonNumber	val cacheKey = "season:$id:$seasonNumber"
app/src/main/java/com/aeriotv/android/core/network/TMDBService.kt	455	/tv/$id/season/$seasonNumber	val body = getJsonOrNull("/tv/$id/season/$seasonNumber", "", key) ?: return null
app/src/main/java/com/aeriotv/android/core/network/TMDBService.kt	477	name	name = o["name"]?.jsonPrimitive?.contentOrNull?.takeIf { it.isNotBlank() },
app/src/main/java/com/aeriotv/android/core/network/TMDBService.kt	505	Known For	// combined_credits comes back in the same response, so the "Known For"
app/src/main/java/com/aeriotv/android/core/network/TMDBService.kt	529	query=${q.encodeURLParameter()}&include_adult=false	"query=${q.encodeURLParameter()}&include_adult=false",
app/src/main/java/com/aeriotv/android/core/network/TMDBService.kt	538	name	val name = o["name"]?.jsonPrimitive?.contentOrNull?.trim()?.takeIf { it.isNotEmpty() }
app/src/main/java/com/aeriotv/android/core/network/TMDBService.kt	568	name	val title = (o["title"] ?: o["name"])?.jsonPrimitive?.contentOrNull?.trim()
app/src/main/java/com/aeriotv/android/core/network/TMDBService.kt	568	title	val title = (o["title"] ?: o["name"])?.jsonPrimitive?.contentOrNull?.trim()
app/src/main/java/com/aeriotv/android/core/network/TMDBService.kt	609	/$kind/$id/recommendations	val body = getJsonOrNull("/$kind/$id/recommendations", "page=1", key) ?: return emptyList()
app/src/main/java/com/aeriotv/android/core/network/TMDBService.kt	609	page=1	val body = getJsonOrNull("/$kind/$id/recommendations", "page=1", key) ?: return emptyList()
app/src/main/java/com/aeriotv/android/core/network/TMDBService.kt	615	name	val title = (o["title"] ?: o["name"])?.jsonPrimitive?.contentOrNull
app/src/main/java/com/aeriotv/android/core/network/TMDBService.kt	615	title	val title = (o["title"] ?: o["name"])?.jsonPrimitive?.contentOrNull
app/src/main/java/com/aeriotv/android/core/network/TMDBService.kt	632	details-id:$kind:$normalizedTitle	val cacheKey = "details-id:$kind:$normalizedTitle"
app/src/main/java/com/aeriotv/android/core/network/TMDBService.kt	653	query=${attempt.encodeURLParameter()}&include_adult=false$extra	"query=${attempt.encodeURLParameter()}&include_adult=false$extra",
app/src/main/java/com/aeriotv/android/core/network/TMDBService.kt	661	details search '$title' -> ${found ?: 	Log.d(TAG, "details search '$title' -> ${found ?: "no match"}")
app/src/main/java/com/aeriotv/android/core/network/TMDBService.kt	714	name	val name = obj["name"]?.jsonPrimitive?.contentOrNull?.takeIf { it.isNotBlank() } ?: return null
app/src/main/java/com/aeriotv/android/core/network/TMDBService.kt	753	name	val name = field("name") ?: return@runCatching null
app/src/main/java/com/aeriotv/android/core/network/TMDBService.kt	766	Known For	* The person's "Known For" row, parsed from the `combined_credits.cast`
app/src/main/java/com/aeriotv/android/core/network/TMDBService.kt	792	name	val title = (o["title"] ?: o["name"])?.jsonPrimitive?.contentOrNull
app/src/main/java/com/aeriotv/android/core/network/TMDBService.kt	792	title	val title = (o["title"] ?: o["name"])?.jsonPrimitive?.contentOrNull
app/src/main/java/com/aeriotv/android/core/network/TmdbArtCache.kt	70	[TMDB-ART] load failed: ${it.message}	Log.w(TAG, "[TMDB-ART] load failed: ${it.message}")
app/src/main/java/com/aeriotv/android/core/network/TmdbArtCache.kt	76	[TMDB-ART] loaded ${rows.size} cached titles	Log.i(TAG, "[TMDB-ART] loaded ${rows.size} cached titles")
app/src/main/java/com/aeriotv/android/core/network/TmdbArtCache.kt	132	[TMDB-ART] save failed: ${it.message}	.onFailure { Log.w(TAG, "[TMDB-ART] save failed: ${it.message}") }
app/src/main/java/com/aeriotv/android/core/network/TmdbArtCache.kt	174	[TMDB-ART] enrich $kind: ${todo.size} of ${ordered.size} titles to resolve	Log.i(TAG, "[TMDB-ART] enrich $kind: ${todo.size} of ${ordered.size} titles to resolve")
app/src/main/java/com/aeriotv/android/core/network/XtreamCodesApi.kt	78	Unexpected EOF	// decoder then hit "Unexpected EOF" and On Demand fell back to a slow
app/src/main/java/com/aeriotv/android/core/network/XtreamCodesApi.kt	181	name	name = o.str("name").orEmpty(),
app/src/main/java/com/aeriotv/android/core/network/XtreamCodesApi.kt	209	name	name = o.str("name").orEmpty(),
app/src/main/java/com/aeriotv/android/core/network/XtreamCodesApi.kt	246	category_name	val name = o.str("category_name")?.takeIf { it.isNotBlank() } ?: id
app/src/main/java/com/aeriotv/android/core/network/XtreamCodesApi.kt	273	get_series_info	val body = fetchText(base, username, password, "get_series_info", "series_id" to seriesId.toString())
app/src/main/java/com/aeriotv/android/core/network/XtreamCodesApi.kt	273	series_id	val body = fetchText(base, username, password, "get_series_info", "series_id" to seriesId.toString())
app/src/main/java/com/aeriotv/android/core/network/XtreamCodesApi.kt	287	title	title = o.str("title")?.takeIf { it.isNotBlank() }
app/src/main/java/com/aeriotv/android/core/network/XtreamCodesApi.kt	288	Episode ${o.flexInt(	?: "Episode ${o.flexInt("episode_num") ?: id}",
app/src/main/java/com/aeriotv/android/core/network/XtreamCodesApi.kt	360	Channel $id	name = o.str("name")?.trim().orEmpty().ifBlank { "Channel $id" },
app/src/main/java/com/aeriotv/android/core/network/XtreamCodesApi.kt	360	name	name = o.str("name")?.trim().orEmpty().ifBlank { "Channel $id" },
app/src/main/java/com/aeriotv/android/core/network/XtreamCodesApi.kt	387	${base.trimEnd('/')}/live/${enc(username)}/${enc(password)}/$streamId.${ext.ifBlank { 	"${base.trimEnd('/')}/live/${enc(username)}/${enc(password)}/$streamId.${ext.ifBlank { "ts" }}"
app/src/main/java/com/aeriotv/android/core/network/XtreamCodesApi.kt	414	${base.trimEnd('/')}/movie/${enc(username)}/${enc(password)}/$streamId.${ext.ifBlank { 	"${base.trimEnd('/')}/movie/${enc(username)}/${enc(password)}/$streamId.${ext.ifBlank { "mp4" }}"
app/src/main/java/com/aeriotv/android/core/network/XtreamCodesApi.kt	417	${base.trimEnd('/')}/series/${enc(username)}/${enc(password)}/$episodeId.${ext.ifBlank { 	"${base.trimEnd('/')}/series/${enc(username)}/${enc(password)}/$episodeId.${ext.ifBlank { "mp4" }}"
app/src/main/java/com/aeriotv/android/core/network/XtreamCodesApi.kt	545	The server returned an empty response for $action.	if (snippet.isEmpty()) "The server returned an empty response for $action."
app/src/main/java/com/aeriotv/android/core/network/XtreamCodesApi.kt	546	The server returned an error for $action: $snippet	else "The server returned an error for $action: $snippet",
app/src/main/java/com/aeriotv/android/core/parser/M3UParser.kt	196	Unknown Channel	name = attrs["name"]?.ifBlank { null } ?: "Unknown Channel",
app/src/main/java/com/aeriotv/android/core/parser/M3UParser.kt	196	name	name = attrs["name"]?.ifBlank { null } ?: "Unknown Channel",
app/src/main/java/com/aeriotv/android/core/parser/M3UParser.kt	198	group-title	groupTitle = attrs["group-title"].orEmpty(),
app/src/main/java/com/aeriotv/android/core/parser/XMLTVParser.kt	254	title	"title" -> if (title.isEmpty() && trimmed.isNotEmpty()) title = trimmed
app/src/main/java/com/aeriotv/android/core/parser/XMLTVParser.kt	257	sub-title	"sub-title" -> if (subTitle.isEmpty() && trimmed.isNotEmpty()) subTitle = trimmed
app/src/main/java/com/aeriotv/android/core/parser/XMLTVParser.kt	265	programme	if (parser.name == "programme") {
app/src/main/java/com/aeriotv/android/core/pip/PipState.kt	111	enterPictureInPictureMode failed	}.onFailure { Log.w("PipState", "enterPictureInPictureMode failed", it) }
app/src/main/java/com/aeriotv/android/core/playback/AerioExoPlayerHolder.kt	287	[HOLDBACK] ch=${snapshot.channelName} stall ignored: stream switch or same-channel re-prime	Log.i(TAG, "[HOLDBACK] ch=${snapshot.channelName} stall ignored: stream switch or same-channel re-prime")
app/src/main/java/com/aeriotv/android/core/playback/AerioExoPlayerHolder.kt	300	[HOLDBACK] ch=${snapshot.channelName} stall ignored: feed below real time 	"[HOLDBACK] ch=${snapshot.channelName} stall ignored: feed below real time " +
app/src/main/java/com/aeriotv/android/core/playback/AerioExoPlayerHolder.kt	317	[HOLDBACK] ch=${snapshot.channelName} bursty feed 	"[HOLDBACK] ch=${snapshot.channelName} bursty feed " +
app/src/main/java/com/aeriotv/android/core/playback/AerioExoPlayerHolder.kt	318	(media ratio $ratioText, worst gap ${snapshot.worstGapMs} ms): 	"(media ratio $ratioText, worst gap ${snapshot.worstGapMs} ms): " +
app/src/main/java/com/aeriotv/android/core/playback/AerioExoPlayerHolder.kt	499	[HOLDBACK] resume gate armed ch=$currentChannelId reason=$reason: 	"[HOLDBACK] resume gate armed ch=$currentChannelId reason=$reason: " +
app/src/main/java/com/aeriotv/android/core/playback/AerioExoPlayerHolder.kt	501	worst gap ${tracer.worstGapMs()}ms, upstream rate 	"worst gap ${tracer.worstGapMs()}ms, upstream rate " +
app/src/main/java/com/aeriotv/android/core/playback/AerioExoPlayerHolder.kt	512	[HOLDBACK] resume gate released ch=$currentChannelId: $reason	Log.i(TAG, "[HOLDBACK] resume gate released ch=$currentChannelId: $reason")
app/src/main/java/com/aeriotv/android/core/playback/AerioExoPlayerHolder.kt	539	[HOLDBACK] resume gate target raised ${resumeGateLoggedTargetMs}ms -> ${target}ms 	"[HOLDBACK] resume gate target raised ${resumeGateLoggedTargetMs}ms -> ${target}ms " +
app/src/main/java/com/aeriotv/android/core/playback/AerioExoPlayerHolder.kt	540	ch=$currentChannelId (worst gap ${tracer.worstGapMs()}ms)	"ch=$currentChannelId (worst gap ${tracer.worstGapMs()}ms)",
app/src/main/java/com/aeriotv/android/core/playback/AerioExoPlayerHolder.kt	753	[RECOVER] re-prime skipped (reason=$reason): notice showing, waiting for Retry	Log.i(TAG, "[RECOVER] re-prime skipped (reason=$reason): notice showing, waiting for Retry")
app/src/main/java/com/aeriotv/android/core/playback/AerioExoPlayerHolder.kt	764	[FOLLOW] re-prime skipped (within ${reloadCooldownMs}ms cooldown)	Log.i(TAG, "[FOLLOW] re-prime skipped (within ${reloadCooldownMs}ms cooldown)")
app/src/main/java/com/aeriotv/android/core/playback/AerioExoPlayerHolder.kt	856	[SWITCH] kept connection (buffered ahead ${startBuffered - startPos}ms at switch)	Log.i(TAG, "[SWITCH] kept connection (buffered ahead ${startBuffered - startPos}ms at switch)")
app/src/main/java/com/aeriotv/android/core/playback/AerioExoPlayerHolder.kt	955	${SystemClock.elapsedRealtime() - switchAudioHoldAtMs}ms ($reason)	"${SystemClock.elapsedRealtime() - switchAudioHoldAtMs}ms ($reason)",
app/src/main/java/com/aeriotv/android/core/playback/AerioExoPlayerHolder.kt	965	[SWITCH] jumped to new stream at boundary +${result.boundaryOffsetMs}ms 	"[SWITCH] jumped to new stream at boundary +${result.boundaryOffsetMs}ms " +
app/src/main/java/com/aeriotv/android/core/playback/AerioExoPlayerHolder.kt	1014	Channel unavailable	// connection down and shows "Channel unavailable" before the waterfall
app/src/main/java/com/aeriotv/android/core/playback/AerioExoPlayerHolder.kt	1022	Channel is stopping	/** Same-url retries already spent on a "Channel is stopping" 503 this tune.
app/src/main/java/com/aeriotv/android/core/playback/AerioExoPlayerHolder.kt	1025	Channel is stopping	/** When the CURRENT run of "Channel is stopping" 503s began, so the wait is
app/src/main/java/com/aeriotv/android/core/playback/AerioExoPlayerHolder.kt	1046	Channel unavailable	*  reconnect, so the player UI can show "Channel unavailable" instead of an
app/src/main/java/com/aeriotv/android/core/playback/AerioExoPlayerHolder.kt	1052	Channel unavailable	*  unavailable overlay shows it so "Channel unavailable" stops hiding
app/src/main/java/com/aeriotv/android/core/playback/AerioExoPlayerHolder.kt	1119	State machine stuck	* goes "State machine stuck" and force-releases
app/src/main/java/com/aeriotv/android/core/playback/AerioExoPlayerHolder.kt	1191	[RECOVER] rebuild budget spent ($fullRebuildAttempts in 	"[RECOVER] rebuild budget spent ($fullRebuildAttempts in " +
app/src/main/java/com/aeriotv/android/core/playback/AerioExoPlayerHolder.kt	1192	${now - fullRebuildWindowStartMs}ms) reason=$reason; surfacing unavailable	"${now - fullRebuildWindowStartMs}ms) reason=$reason; surfacing unavailable",
app/src/main/java/com/aeriotv/android/core/playback/AerioExoPlayerHolder.kt	1207	[RECOVER] $reason; rebuilding player and surface ch=$currentChannelId 	"[RECOVER] $reason; rebuilding player and surface ch=$currentChannelId " +
app/src/main/java/com/aeriotv/android/core/playback/AerioExoPlayerHolder.kt	1208	attempt=$fullRebuildAttempts settle=${settleMs}ms	"attempt=$fullRebuildAttempts settle=${settleMs}ms",
app/src/main/java/com/aeriotv/android/core/playback/AerioExoPlayerHolder.kt	1210	$reason; rebuilding player and surface attempt=$fullRebuildAttempts	tracer.recover("$reason; rebuilding player and surface attempt=$fullRebuildAttempts")
app/src/main/java/com/aeriotv/android/core/playback/AerioExoPlayerHolder.kt	1359	player error	clearPauseStamp("player error")
app/src/main/java/com/aeriotv/android/core/playback/AerioExoPlayerHolder.kt	1375	This channel broadcasts MPEG-2 video (over-the-air TV), which 	"This channel broadcasts MPEG-2 video (over-the-air TV), which " +
app/src/main/java/com/aeriotv/android/core/playback/AerioExoPlayerHolder.kt	1376	this device can't decode. See the OTA / HDHomeRun section of 	"this device can't decode. See the OTA / HDHomeRun section of " +
app/src/main/java/com/aeriotv/android/core/playback/AerioExoPlayerHolder.kt	1377	the AerioTV GitHub README for a Dispatcharr Stream Profile 	"the AerioTV GitHub README for a Dispatcharr Stream Profile " +
app/src/main/java/com/aeriotv/android/core/playback/AerioExoPlayerHolder.kt	1381	${error.errorCodeName}: $it	?.let { "${error.errorCodeName}: $it" } ?: error.errorCodeName
app/src/main/java/com/aeriotv/android/core/playback/AerioExoPlayerHolder.kt	1391	[AUDIO-HEAL] sink failed (${error.errorCodeName}); rebuilding with stock context sink	Log.w(TAG, "[AUDIO-HEAL] sink failed (${error.errorCodeName}); rebuilding with stock context sink")
app/src/main/java/com/aeriotv/android/core/playback/AerioExoPlayerHolder.kt	1392	audio sink fallback (${error.errorCodeName})	tracer.recover("audio sink fallback (${error.errorCodeName})")
app/src/main/java/com/aeriotv/android/core/playback/AerioExoPlayerHolder.kt	1430	${gapEx.segName}+${gapEx.byteOffset}	val key = "${gapEx.segName}+${gapEx.byteOffset}"
app/src/main/java/com/aeriotv/android/core/playback/AerioExoPlayerHolder.kt	1449	[REWIND] buffer error ${error.errorCodeName}; re-entering at tail (retry $timeshiftErrorRetries)	Log.w(TAG, "[REWIND] buffer error ${error.errorCodeName}; re-entering at tail (retry $timeshiftErrorRetries)")
app/src/main/java/com/aeriotv/android/core/playback/AerioExoPlayerHolder.kt	1453	[REWIND] buffer error ${error.errorCodeName}; returning to live (nearHead=$nearHead retries=$timeshiftErrorRetries)	Log.w(TAG, "[REWIND] buffer error ${error.errorCodeName}; returning to live (nearHead=$nearHead retries=$timeshiftErrorRetries)")
app/src/main/java/com/aeriotv/android/core/playback/AerioExoPlayerHolder.kt	1475	[CATCHUP] ${error.errorCodeName} at tune-in; re-tuning (retry $catchupDecodeRetries)	Log.w(TAG, "[CATCHUP] ${error.errorCodeName} at tune-in; re-tuning (retry $catchupDecodeRetries)")
app/src/main/java/com/aeriotv/android/core/playback/AerioExoPlayerHolder.kt	1488	[CATCHUP] terminal error ${error.errorCodeName}; staying (no live re-prime)	Log.w(TAG, "[CATCHUP] terminal error ${error.errorCodeName}; staying (no live re-prime)")
app/src/main/java/com/aeriotv/android/core/playback/AerioExoPlayerHolder.kt	1506	State machine stuck	// pushed the Fire TV's ACodec into "State machine stuck" and cost
app/src/main/java/com/aeriotv/android/core/playback/AerioExoPlayerHolder.kt	1513	decoder death (MediaCodec flush)	"decoder death (MediaCodec flush)"
app/src/main/java/com/aeriotv/android/core/playback/AerioExoPlayerHolder.kt	1515	decoder death (${error.errorCodeName})	"decoder death (${error.errorCodeName})"
app/src/main/java/com/aeriotv/android/core/playback/AerioExoPlayerHolder.kt	1526	[RECOVER] decoder ${error.errorCodeName} at +${sinceTune}ms after tune; retrying same url once	Log.w(TAG, "[RECOVER] decoder ${error.errorCodeName} at +${sinceTune}ms after tune; retrying same url once")
app/src/main/java/com/aeriotv/android/core/playback/AerioExoPlayerHolder.kt	1527	decoder ${error.errorCodeName} at +${sinceTune}ms after tune; retrying same url once	tracer.recover("decoder ${error.errorCodeName} at +${sinceTune}ms after tune; retrying same url once")
app/src/main/java/com/aeriotv/android/core/playback/AerioExoPlayerHolder.kt	1547	Channel is stopping	// handleLive503 (wait out a "Channel is stopping" teardown, or walk
app/src/main/java/com/aeriotv/android/core/playback/AerioExoPlayerHolder.kt	1554	Channel Unavailable ... Retrying in 4s	// "Channel Unavailable ... Retrying in 4s" card.
app/src/main/java/com/aeriotv/android/core/playback/AerioExoPlayerHolder.kt	1561	[RETUNE] terminal error; re-priming onto reprobed url $fresh	Log.w(TAG, "[RETUNE] terminal error; re-priming onto reprobed url $fresh")
app/src/main/java/com/aeriotv/android/core/playback/AerioExoPlayerHolder.kt	1562	terminal error; re-priming onto reprobed url	tracer.recover("terminal error; re-priming onto reprobed url")
app/src/main/java/com/aeriotv/android/core/playback/AerioExoPlayerHolder.kt	1575	error:${error.errorCodeName}	if (!forceReload("error:${error.errorCodeName}")) markStreamUnavailable()
app/src/main/java/com/aeriotv/android/core/playback/AerioExoPlayerHolder.kt	1580	error:${error.errorCodeName}	if (!forceReload("error:${error.errorCodeName}")) markStreamUnavailable()
app/src/main/java/com/aeriotv/android/core/playback/AerioExoPlayerHolder.kt	1603	first video frame rendered ch=$currentChannelId (+${SystemClock.elapsedRealtime() - streamPrimedAtMs}ms)	Log.i(TAG, "first video frame rendered ch=$currentChannelId (+${SystemClock.elapsedRealtime() - streamPrimedAtMs}ms)")
app/src/main/java/com/aeriotv/android/core/playback/AerioExoPlayerHolder.kt	1671	[HOLDBACK] rebuilding player for start gate $startGateMs ms	Log.i(TAG, "[HOLDBACK] rebuilding player for start gate $startGateMs ms")
app/src/main/java/com/aeriotv/android/core/playback/AerioExoPlayerHolder.kt	1673	Player build pref changed (passthrough/buffer); rebuilding player	Log.i(TAG, "Player build pref changed (passthrough/buffer); rebuilding player")
app/src/main/java/com/aeriotv/android/core/playback/AerioExoPlayerHolder.kt	1676	Creating fresh ExoPlayer in holder	Log.i(TAG, "Creating fresh ExoPlayer in holder")
app/src/main/java/com/aeriotv/android/core/playback/AerioExoPlayerHolder.kt	2011	why doesn't Android support fMP4	*     "why doesn't Android support fMP4").
app/src/main/java/com/aeriotv/android/core/playback/AerioExoPlayerHolder.kt	2107	[REWIND] entered timeshift at $fromWallMs	Log.i(TAG, "[REWIND] entered timeshift at $fromWallMs")
app/src/main/java/com/aeriotv/android/core/playback/AerioExoPlayerHolder.kt	2139	[REWIND] entered timeshift at $segName+$byteOffset (wall $resumeWallMs)	Log.i(TAG, "[REWIND] entered timeshift at $segName+$byteOffset (wall $resumeWallMs)")
app/src/main/java/com/aeriotv/android/core/playback/AerioExoPlayerHolder.kt	2253	catchup	tracer.markTuneStart(title, "catchup")
app/src/main/java/com/aeriotv/android/core/playback/AerioExoPlayerHolder.kt	2272	loadfile	* mpv.command("loadfile", url). Pass [title] / [subtitle] /
app/src/main/java/com/aeriotv/android/core/playback/AerioExoPlayerHolder.kt	2314	[HOLDBACK] learned ${learnedEntry.ms}ms expired 	"[HOLDBACK] learned ${learnedEntry.ms}ms expired " +
app/src/main/java/com/aeriotv/android/core/playback/AerioExoPlayerHolder.kt	2315	(age ${learnedAgeMs / 60_000L}m), using base $LIVE_START_GATE_DEFAULT_MS ms	"(age ${learnedAgeMs / 60_000L}m), using base $LIVE_START_GATE_DEFAULT_MS ms",
app/src/main/java/com/aeriotv/android/core/playback/AerioExoPlayerHolder.kt	2321	[HOLDBACK] ch=${title ?: 	Log.i(TAG, "[HOLDBACK] ch=${title ?: "?"} start gate $startGateMs ms (learned $learnedGateMs ms)")
app/src/main/java/com/aeriotv/android/core/playback/AerioExoPlayerHolder.kt	2321	} start gate $startGateMs ms (learned $learnedGateMs ms)	Log.i(TAG, "[HOLDBACK] ch=${title ?: "?"} start gate $startGateMs ms (learned $learnedGateMs ms)")
app/src/main/java/com/aeriotv/android/core/playback/AerioExoPlayerHolder.kt	2327	playUrl called before acquireOrCreate and no context cached	Log.w(TAG, "playUrl called before acquireOrCreate and no context cached")
app/src/main/java/com/aeriotv/android/core/playback/AerioExoPlayerHolder.kt	2415	Dalvik/2.1.0 ...	// to the platform default ("Dalvik/2.1.0 ..."), which Xtream reseller
app/src/main/java/com/aeriotv/android/core/playback/AerioExoPlayerHolder.kt	2571	Unexpected IllegalArgumentException	* ERROR_CODE_IO_UNSPECIFIED ("Unexpected IllegalArgumentException") the user
app/src/main/java/com/aeriotv/android/core/playback/AerioExoPlayerHolder.kt	2587	GH#32: dropped request header with illegal name (len=${name.length}) for okhttp	Log.w(TAG, "GH#32: dropped request header with illegal name (len=${name.length}) for okhttp")
app/src/main/java/com/aeriotv/android/core/playback/AerioExoPlayerHolder.kt	2593	GH#32: stripped illegal char(s) from '$name' header value for okhttp	Log.w(TAG, "GH#32: stripped illegal char(s) from '$name' header value for okhttp")
app/src/main/java/com/aeriotv/android/core/playback/AerioExoPlayerHolder.kt	2733	Channel is stopping	// "Channel is stopping" retry.
app/src/main/java/com/aeriotv/android/core/playback/AerioExoPlayerHolder.kt	2751	ExoPlayer release failed	Log.w(TAG, "ExoPlayer release failed", t)
app/src/main/java/com/aeriotv/android/core/playback/AerioExoPlayerHolder.kt	2848	[STALL] starving: buffered ahead ${bufferAheadNowMs}ms, 	"[STALL] starving: buffered ahead ${bufferAheadNowMs}ms, " +
app/src/main/java/com/aeriotv/android/core/playback/AerioExoPlayerHolder.kt	2849	ingest quiet ${ingestStaleNowMs}ms ch=$currentChannelId	"ingest quiet ${ingestStaleNowMs}ms ch=$currentChannelId"
app/src/main/java/com/aeriotv/android/core/playback/AerioExoPlayerHolder.kt	2851	[STALL] fed: buffered ahead ${bufferAheadNowMs}ms ch=$currentChannelId	"[STALL] fed: buffered ahead ${bufferAheadNowMs}ms ch=$currentChannelId"
app/src/main/java/com/aeriotv/android/core/playback/AerioExoPlayerHolder.kt	2871	[STALL] playback stalled: state=${p.playbackState} 	"[STALL] playback stalled: state=${p.playbackState} " +
app/src/main/java/com/aeriotv/android/core/playback/AerioExoPlayerHolder.kt	2872	frozen=$playheadFrozen buffered ahead ${bufferAheadNowMs}ms, 	"frozen=$playheadFrozen buffered ahead ${bufferAheadNowMs}ms, " +
app/src/main/java/com/aeriotv/android/core/playback/AerioExoPlayerHolder.kt	2873	ingest quiet ${ingestStaleNowMs}ms ch=$currentChannelId; showing Reconnecting	"ingest quiet ${ingestStaleNowMs}ms ch=$currentChannelId; showing Reconnecting",
app/src/main/java/com/aeriotv/android/core/playback/AerioExoPlayerHolder.kt	2883	[STALL] cleared: playback advancing, buffered ahead ${bufferAheadNowMs}ms 	"[STALL] cleared: playback advancing, buffered ahead ${bufferAheadNowMs}ms " +
app/src/main/java/com/aeriotv/android/core/playback/AerioExoPlayerHolder.kt	2884	ch=$currentChannelId; hiding Reconnecting	"ch=$currentChannelId; hiding Reconnecting",
app/src/main/java/com/aeriotv/android/core/playback/AerioExoPlayerHolder.kt	2904	Channel unavailable	// if still no bytes, surface "Channel unavailable" instead of black.
app/src/main/java/com/aeriotv/android/core/playback/AerioExoPlayerHolder.kt	2924	[NO-DATA] live no bytes after ${deadMs}ms ch=$currentChannelId; surfacing unavailable	Log.w(TAG, "[NO-DATA] live no bytes after ${deadMs}ms ch=$currentChannelId; surfacing unavailable")
app/src/main/java/com/aeriotv/android/core/playback/AerioExoPlayerHolder.kt	2931	[NO-DATA] no bytes after reconnect ch=$currentChannelId (${deadMs}ms); surfacing unavailable	Log.w(TAG, "[NO-DATA] no bytes after reconnect ch=$currentChannelId (${deadMs}ms); surfacing unavailable")
app/src/main/java/com/aeriotv/android/core/playback/AerioExoPlayerHolder.kt	2971	Could not find corresponding native window for surface	// "Could not find corresponding native window for surface"
app/src/main/java/com/aeriotv/android/core/playback/AerioExoPlayerHolder.kt	2981	[RECOVER] surface dead; rebuilding (audio +${audioAdvancedMs}ms, 	"[RECOVER] surface dead; rebuilding (audio +${audioAdvancedMs}ms, " +
app/src/main/java/com/aeriotv/android/core/playback/AerioExoPlayerHolder.kt	2982	no first frame ch=$currentChannelId)	"no first frame ch=$currentChannelId)",
app/src/main/java/com/aeriotv/android/core/playback/AerioExoPlayerHolder.kt	2992	[BLACKSCREEN] still no frame after reload + recreate ch=$currentChannelId; giving up	Log.w(TAG, "[BLACKSCREEN] still no frame after reload + recreate ch=$currentChannelId; giving up")
app/src/main/java/com/aeriotv/android/core/playback/AerioExoPlayerHolder.kt	3041	stale=${staleMs}ms ingest-stale=${ingestStaleMs}ms	forceReload("stale=${staleMs}ms ingest-stale=${ingestStaleMs}ms")
app/src/main/java/com/aeriotv/android/core/playback/AerioExoPlayerHolder.kt	3079	[MPV-RELOAD] in-place reloads exhausted ($consecutiveReloads) 	"[MPV-RELOAD] in-place reloads exhausted ($consecutiveReloads) " +
app/src/main/java/com/aeriotv/android/core/playback/AerioExoPlayerHolder.kt	3080	ch=$currentChannelId reason=$reason; escalating to unavailable overlay	"ch=$currentChannelId reason=$reason; escalating to unavailable overlay",
app/src/main/java/com/aeriotv/android/core/playback/AerioExoPlayerHolder.kt	3090	[MPV-RELOAD] live stall reload ch=$currentChannelId reason=$reason attempt=$consecutiveReloads	Log.w(TAG, "[MPV-RELOAD] live stall reload ch=$currentChannelId reason=$reason attempt=$consecutiveReloads")
app/src/main/java/com/aeriotv/android/core/playback/AerioExoPlayerHolder.kt	3092	in-place reload reason=$reason attempt=$consecutiveReloads	tracer.recover("in-place reload reason=$reason attempt=$consecutiveReloads")
app/src/main/java/com/aeriotv/android/core/playback/AerioExoPlayerHolder.kt	3126	Channel is stopping, retry shortly	*  - "Channel is stopping, retry shortly": the previous session for this
app/src/main/java/com/aeriotv/android/core/playback/AerioExoPlayerHolder.kt	3166	(503 \"${info.reason}\" ${now - sameChannelReopenAtMs}ms after reopen; 	"(503 \"${info.reason}\" ${now - sameChannelReopenAtMs}ms after reopen; " +
app/src/main/java/com/aeriotv/android/core/playback/AerioExoPlayerHolder.kt	3203	${elapsedMs}ms / $stoppingRetries retries; surfacing unavailable	"${elapsedMs}ms / $stoppingRetries retries; surfacing unavailable",
app/src/main/java/com/aeriotv/android/core/playback/AerioExoPlayerHolder.kt	3220	then retrying same url ($attempt/${Dispatcharr503.MAX_STOPPING_RETRIES}, 	"then retrying same url ($attempt/${Dispatcharr503.MAX_STOPPING_RETRIES}, " +
app/src/main/java/com/aeriotv/android/core/playback/AerioExoPlayerHolder.kt	3233	Channel resources unavailable	// "No available streams", "Channel resources unavailable", a specific
app/src/main/java/com/aeriotv/android/core/playback/AerioExoPlayerHolder.kt	3298	[RECOVER] clean-end streak reset: ${sinceReconnect}ms of playback 	"[RECOVER] clean-end streak reset: ${sinceReconnect}ms of playback " +
app/src/main/java/com/aeriotv/android/core/playback/AerioExoPlayerHolder.kt	3299	since the last reconnect ch=$currentChannelId	"since the last reconnect ch=$currentChannelId",
app/src/main/java/com/aeriotv/android/core/playback/AerioExoPlayerHolder.kt	3310	[RECOVER] clean end ($source) #$streak ch=$currentChannelId; 	"[RECOVER] clean end ($source) #$streak ch=$currentChannelId; " +
app/src/main/java/com/aeriotv/android/core/playback/AerioExoPlayerHolder.kt	3340	[RECOVER] clean end #$streak: reconnecting ch=$currentChannelId	Log.i(TAG, "[RECOVER] clean end #$streak: reconnecting ch=$currentChannelId")
app/src/main/java/com/aeriotv/android/core/playback/AerioExoPlayerHolder.kt	3358	[RECOVER] stream end VERIFIED at the stream limit ch=$currentChannelId; stopping, waiting for Retry	Log.w(TAG, "[RECOVER] stream end VERIFIED at the stream limit ch=$currentChannelId; stopping, waiting for Retry")
app/src/main/java/com/aeriotv/android/core/playback/AerioExoPlayerHolder.kt	3389	[LIMIT] ${notice.kind} \"${notice.message}\"; stopping, waiting for Retry	Log.w(TAG, "[LIMIT] ${notice.kind} \"${notice.message}\"; stopping, waiting for Retry")
app/src/main/java/com/aeriotv/android/core/playback/AerioExoPlayerHolder.kt	3419	Channel is stopping	* watchdog's attempt cap. Used only by the "Channel is stopping" 503 path,
app/src/main/java/com/aeriotv/android/core/playback/AerioExoPlayerHolder.kt	3456	Channel unavailable	*  "Channel unavailable" (instead of an endless black screen) and stop the
app/src/main/java/com/aeriotv/android/core/playback/AerioExoPlayerHolder.kt	3468	Server: $it	_lastErrorText.value = serverReason?.let { "Server: $it" }
app/src/main/java/com/aeriotv/android/core/playback/AerioExoPlayerHolder.kt	3483	[BLACKSCREEN] no video frame after reload; recreating player ch=$currentChannelId	Log.w(TAG, "[BLACKSCREEN] no video frame after reload; recreating player ch=$currentChannelId")
app/src/main/java/com/aeriotv/android/core/playback/AerioExoPlayerHolder.kt	3567	ExoPlayer error: ${error.errorCodeName} (${error.errorCode})	Log.e(TAG, "ExoPlayer error: ${error.errorCodeName} (${error.errorCode})", error)
app/src/main/java/com/aeriotv/android/core/playback/AerioExoPlayerHolder.kt	3576	UNKNOWN($playbackState)	else -> "UNKNOWN($playbackState)"
app/src/main/java/com/aeriotv/android/core/playback/AerioExoPlayerHolder.kt	3578	ExoPlayer state -> $label	Log.i(TAG, "ExoPlayer state -> $label")
app/src/main/java/com/aeriotv/android/core/playback/AerioExoPlayerHolder.kt	3582	No Sound / no audio track	// debug log): "No Sound / no audio track" on some devices (e.g.
app/src/main/java/com/aeriotv/android/core/playback/AerioExoPlayerHolder.kt	3606	ExoPlayer audio: stream exposes NO audio track group	Log.w(TAG, "ExoPlayer audio: stream exposes NO audio track group")
app/src/main/java/com/aeriotv/android/core/playback/AerioExoPlayerHolder.kt	3626	ExoPlayer audio track g$g:$i -> ${f.sampleMimeType} 	"ExoPlayer audio track g$g:$i -> ${f.sampleMimeType} " +
app/src/main/java/com/aeriotv/android/core/playback/AerioExoPlayerHolder.kt	3627	codecs=${f.codecs} ${f.channelCount}ch ${f.sampleRate}Hz 	"codecs=${f.codecs} ${f.channelCount}ch ${f.sampleRate}Hz " +
app/src/main/java/com/aeriotv/android/core/playback/AerioExoPlayerHolder.kt	3628	support=$support selected=${group.isTrackSelected(i)}	"support=$support selected=${group.isTrackSelected(i)}",
app/src/main/java/com/aeriotv/android/core/playback/AerioExoPlayerHolder.kt	3668	FFmpeg extension renderer	if (decoderName.startsWith("ffmpeg", ignoreCase = true)) "FFmpeg extension renderer"
app/src/main/java/com/aeriotv/android/core/playback/AerioExoPlayerHolder.kt	3669	platform MediaCodec renderer	else "platform MediaCodec renderer"
app/src/main/java/com/aeriotv/android/core/playback/AerioExoPlayerHolder.kt	3670	audio renderer -> $renderer (decoder=$decoderName)	Log.i(TAG, "audio renderer -> $renderer (decoder=$decoderName)")
app/src/main/java/com/aeriotv/android/core/playback/AerioExoPlayerHolder.kt	3689	Channel Unavailable ... Retrying in 4s	// the "Channel Unavailable ... Retrying in 4s" card).
app/src/main/java/com/aeriotv/android/core/playback/AerioExoPlayerHolder.kt	3695	load error uri=${loadEventInfo.uri} 	"load error uri=${loadEventInfo.uri} " +
app/src/main/java/com/aeriotv/android/core/playback/AerioExoPlayerHolder.kt	3696	${error.javaClass.simpleName}: ${error.message}${causeChain(error)}	"${error.javaClass.simpleName}: ${error.message}${causeChain(error)}",
app/src/main/java/com/aeriotv/android/core/playback/AerioExoPlayerHolder.kt	3711	Unexpected IllegalArgumentException	*  ("Unexpected IllegalArgumentException"), whose own message hides the real
app/src/main/java/com/aeriotv/android/core/playback/AerioExoPlayerHolder.kt	3714	Unexpected char ... in <name> value: <value>	*  "Unexpected char ... in <name> value: <value>"), which may be a credential. */
app/src/main/java/com/aeriotv/android/core/playback/AerioExoPlayerHolder.kt	3735	video decoder -> $decoderName (init ${initializationDurationMs}ms)	Log.i(TAG_DIAG, "video decoder -> $decoderName (init ${initializationDurationMs}ms)")
app/src/main/java/com/aeriotv/android/core/playback/AerioExoPlayerHolder.kt	3744	audio decoder -> $decoderName	Log.i(TAG_DIAG, "audio decoder -> $decoderName")
app/src/main/java/com/aeriotv/android/core/playback/AerioExoPlayerHolder.kt	3754	video format -> ${format.sampleMimeType} ${format.width}x${format.height} 	"video format -> ${format.sampleMimeType} ${format.width}x${format.height} " +
app/src/main/java/com/aeriotv/android/core/playback/AerioExoPlayerHolder.kt	3755	@${format.frameRate}fps ${format.bitrate}bps codecs=${format.codecs}	"@${format.frameRate}fps ${format.bitrate}bps codecs=${format.codecs}",
app/src/main/java/com/aeriotv/android/core/playback/AerioExoPlayerHolder.kt	3766	audio format -> ${format.sampleMimeType} ${format.sampleRate}Hz 	"audio format -> ${format.sampleMimeType} ${format.sampleRate}Hz " +
app/src/main/java/com/aeriotv/android/core/playback/AerioExoPlayerHolder.kt	3767	${format.channelCount}ch ${format.bitrate}bps	"${format.channelCount}ch ${format.bitrate}bps",
app/src/main/java/com/aeriotv/android/core/playback/AerioExoPlayerHolder.kt	3776	dropped $droppedFrames frames over ${elapsedMs}ms	Log.w(TAG_DIAG, "dropped $droppedFrames frames over ${elapsedMs}ms")
app/src/main/java/com/aeriotv/android/core/playback/AerioExoPlayerHolder.kt	3787	audio underrun: bufferMs=$bufferSizeMs elapsedSinceFeed=${elapsedSinceLastFeedMs}ms	"audio underrun: bufferMs=$bufferSizeMs elapsedSinceFeed=${elapsedSinceLastFeedMs}ms",
app/src/main/java/com/aeriotv/android/core/playback/AerioExoPlayerHolder.kt	3795	video size -> ${videoSize.width}x${videoSize.height}	Log.i(TAG_DIAG, "video size -> ${videoSize.width}x${videoSize.height}")
app/src/main/java/com/aeriotv/android/core/playback/AerioExoPlayerHolder.kt	3918	already decided	/** How long one 503 stays "already decided" while its load error and the
app/src/main/java/com/aeriotv/android/core/playback/AerioExoPlayerHolder.kt	3930	Dalvik/2.1.0 ...	* ("Dalvik/2.1.0 ..."), which Xtream reseller panels' anti-restream
app/src/main/java/com/aeriotv/android/core/playback/AerioMediaPlaybackService.kt	46	Starting playback...	* browse, so it must NOT trigger a foreground "Starting playback..."
app/src/main/java/com/aeriotv/android/core/playback/AerioMediaPlaybackService.kt	105	Starting playback...	// rich notification REPLACES "Starting playback..." instead of leaving
app/src/main/java/com/aeriotv/android/core/playback/AerioMediaPlaybackService.kt	124	Unable to start service ... with null	// (JayK crash: "Unable to start service ... with null"). Stop quietly.
app/src/main/java/com/aeriotv/android/core/playback/AerioMediaPlaybackService.kt	150	startForeground not allowed from background; stopping	android.util.Log.w(TAG, "startForeground not allowed from background; stopping", e)
app/src/main/java/com/aeriotv/android/core/playback/AerioMediaPlaybackService.kt	317	Background playback	"Background playback",
app/src/main/java/com/aeriotv/android/core/playback/AerioMediaPlaybackService.kt	320	Ongoing notification while AerioTV plays audio in the background.	description = "Ongoing notification while AerioTV plays audio in the background."
app/src/main/java/com/aeriotv/android/core/playback/AerioMediaPlaybackService.kt	326	Now Playing	/** The live "Now Playing" notification: real channel + programme (or
app/src/main/java/com/aeriotv/android/core/playback/AerioMediaPlaybackService.kt	327	Casting to <TV>	*  "Casting to <TV>" while casting), tappable back into the app. Replaces the
app/src/main/java/com/aeriotv/android/core/playback/AerioMediaPlaybackService.kt	328	Starting playback...	*  old static "Starting playback..." placeholder that stuck + did nothing. */
app/src/main/java/com/aeriotv/android/core/playback/AerioMediaPlaybackService.kt	332	AerioTV	val title = com.aeriotv.android.core.pip.PipState.nowPlayingTitle.ifBlank { "AerioTV" }
app/src/main/java/com/aeriotv/android/core/playback/AerioMediaPlaybackService.kt	338	Casting to $device	if (!device.isNullOrBlank()) "Casting to $device" else "Casting"
app/src/main/java/com/aeriotv/android/core/playback/AerioMediaPlaybackService.kt	340	Live	com.aeriotv.android.core.pip.PipState.nowPlayingSubtitle.ifBlank { "Live" }
app/src/main/java/com/aeriotv/android/core/playback/AerioRenderers.kt	239	bitstream to receiver	// (audioPassthrough=false); if a "bitstream to receiver" option is ever
app/src/main/java/com/aeriotv/android/core/playback/AerioRenderers.kt	486	Dolby Vision without a DV decoder; decoding the HEVC base layer	"Dolby Vision without a DV decoder; decoding the HEVC base layer",
app/src/main/java/com/aeriotv/android/core/playback/AerioRenderers.kt	507	Dolby Vision Profile 7 is dual layer; decoding the HEVC base layer 	"Dolby Vision Profile 7 is dual layer; decoding the HEVC base layer " +
app/src/main/java/com/aeriotv/android/core/playback/AerioRenderers.kt	604	${format.sampleMimeType}/${format.sampleRate}/${format.id}	val key = "${format.sampleMimeType}/${format.sampleRate}/${format.id}"
app/src/main/java/com/aeriotv/android/core/playback/AutoBrowseTree.kt	225	$minutesLeft min left	if (minutesLeft < 60) return "$minutesLeft min left"
app/src/main/java/com/aeriotv/android/core/playback/AutoBrowseTree.kt	241	$count channels	subtitle = if (count == 1) "1 channel" else "$count channels",
app/src/main/java/com/aeriotv/android/core/playback/AutoBrowseTree.kt	241	1 channel	subtitle = if (count == 1) "1 channel" else "$count channels",
app/src/main/java/com/aeriotv/android/core/playback/AutoBrowseTree.kt	250	Open AerioTV on your phone to add a server	.setSubtitle("Open AerioTV on your phone to add a server")
app/src/main/java/com/aeriotv/android/core/playback/AutoBrowseTree.kt	333	ApiKey $key	mapOf("X-API-Key" to key, "Authorization" to "ApiKey $key")
app/src/main/java/com/aeriotv/android/core/playback/CatchupPlaybackResolver.kt	85	This channel has no catch-up archive.	Failure("This channel has no catch-up archive.")
app/src/main/java/com/aeriotv/android/core/playback/CatchupPlaybackResolver.kt	88	Catch-up needs an XC password on your Dispatcharr user. 	"Catch-up needs an XC password on your Dispatcharr user. " +
app/src/main/java/com/aeriotv/android/core/playback/CatchupPlaybackResolver.kt	89	Ask an admin to set one under Users in Dispatcharr.	"Ask an admin to set one under Users in Dispatcharr.",
app/src/main/java/com/aeriotv/android/core/playback/CatchupPlaybackResolver.kt	93	Catch-up is available on Dispatcharr and Xtream Codes sources.	Failure("Catch-up is available on Dispatcharr and Xtream Codes sources.")
app/src/main/java/com/aeriotv/android/core/playback/CatchupUrlBuilder.kt	122	/timeshift/${m.groupValues[1]}/${m.groupValues[2]}/$durationMin/$start/	"/timeshift/${m.groupValues[1]}/${m.groupValues[2]}/$durationMin/$start/",
app/src/main/java/com/aeriotv/android/core/playback/Dispatcharr503.kt	10	<reason>	* `{"error": "<reason>"}` (see its proxy views.py). The reasons fall into two
app/src/main/java/com/aeriotv/android/core/playback/Dispatcharr503.kt	13	Channel is stopping, retry shortly	*  - "Channel is stopping, retry shortly" plus a `Retry-After: 1` header. The
app/src/main/java/com/aeriotv/android/core/playback/Dispatcharr503.kt	18	Channel resources unavailable	*  - "No available streams for this channel", "Channel resources unavailable",
app/src/main/java/com/aeriotv/android/core/playback/Dispatcharr503.kt	71	Channel is stopping	/** Ceiling on the honored Retry-After. A "Channel is stopping" teardown on a
app/src/main/java/com/aeriotv/android/core/playback/Dispatcharr503.kt	130	Channel unavailable	return if (flat.isNotEmpty() && flat.length <= 200) flat else "Channel unavailable"
app/src/main/java/com/aeriotv/android/core/playback/Dispatcharr503.kt	137	\"error\"	val key = "\"error\""
app/src/main/java/com/aeriotv/android/core/playback/DispatcharrConnectionLimit.kt	12	Stream limit exceeded	*  - HTTP 429 whose JSON `error` starts with "Stream limit exceeded": the
app/src/main/java/com/aeriotv/android/core/playback/DispatcharrConnectionLimit.kt	53	Stream ended	title = "Stream ended",
app/src/main/java/com/aeriotv/android/core/playback/DispatcharrConnectionLimit.kt	54	This stream was stopped by the server. Press Retry to start it again.	message = "This stream was stopped by the server. Press Retry to start it again.",
app/src/main/java/com/aeriotv/android/core/playback/DispatcharrConnectionLimit.kt	57	Stream limit exceeded	private const val USER_LIMIT_PREFIX = "Stream limit exceeded"
app/src/main/java/com/aeriotv/android/core/playback/DispatcharrConnectionLimit.kt	59	All active M3U profiles have reached maximum connection limits	"All active M3U profiles have reached maximum connection limits"
app/src/main/java/com/aeriotv/android/core/playback/DispatcharrConnectionLimit.kt	75	Too many sessions playing	title = "Too many sessions playing",
app/src/main/java/com/aeriotv/android/core/playback/DispatcharrConnectionLimit.kt	80	Server is busy	title = "Server is busy",
app/src/main/java/com/aeriotv/android/core/playback/DispatcharrConnectionLimit.kt	81	All connections for this channel are in use right now. 	message = "All connections for this channel are in use right now. " +
app/src/main/java/com/aeriotv/android/core/playback/DispatcharrConnectionLimit.kt	82	Try again in a few minutes, or contact your server administrator.	"Try again in a few minutes, or contact your server administrator.",
app/src/main/java/com/aeriotv/android/core/playback/DispatcharrConnectionLimit.kt	95	Your account can play $devices at once, and they are all in use. 	return "Your account can play $devices at once, and they are all in use. " +
app/src/main/java/com/aeriotv/android/core/playback/DispatcharrConnectionLimit.kt	96	Stop something that is playing, or contact your server administrator.	"Stop something that is playing, or contact your server administrator."
app/src/main/java/com/aeriotv/android/core/playback/Live503LoadErrorPolicy.kt	19	Channel is stopping	* decides between waiting out a "Channel is stopping" teardown and walking to
app/src/main/java/com/aeriotv/android/core/playback/LiveStreamFailover.kt	78	Trying another stream...	/** Live loading status for the player overlay ("Trying another stream...",
app/src/main/java/com/aeriotv/android/core/playback/LiveStreamFailover.kt	79	Channel unavailable. Retrying...	*  "Reconnecting...", "Channel unavailable. Retrying..."), null otherwise. */
app/src/main/java/com/aeriotv/android/core/playback/LiveStreamFailover.kt	170	[FAILOVER] channel=$channelName firstByte in ${ttfb}ms; learning	Log.i(TAG, "[FAILOVER] channel=$channelName firstByte in ${ttfb}ms; learning")
app/src/main/java/com/aeriotv/android/core/playback/LiveStreamFailover.kt	178	[FAILOVER] channel=$channelName recovered on stream 	"[FAILOVER] channel=$channelName recovered on stream " +
app/src/main/java/com/aeriotv/android/core/playback/LiveStreamFailover.kt	179	id=${activeStreamId ?: 	"id=${activeStreamId ?: "unknown"} after ${ms}ms",
app/src/main/java/com/aeriotv/android/core/playback/LiveStreamFailover.kt	206	Channel unavailable. Retrying...	_statusText.value = "Channel unavailable. Retrying..."
app/src/main/java/com/aeriotv/android/core/playback/LiveStreamFailover.kt	210	Server: $reason. Trying another stream...	_statusText.value = "Server: $reason. Trying another stream..."
app/src/main/java/com/aeriotv/android/core/playback/LiveStreamFailover.kt	218	Channel is stopping	*  shown while a "Channel is stopping" 503 is waited out). */
app/src/main/java/com/aeriotv/android/core/playback/LiveStreamFailover.kt	270	[FAILOVER] channel=$channelName silent-start budget ${budgetMs}ms 	"[FAILOVER] channel=$channelName silent-start budget ${budgetMs}ms " +
app/src/main/java/com/aeriotv/android/core/playback/LiveStreamFailover.kt	272	${if (firstAttempt) 	"${if (firstAttempt) "first attempt" else "walk step"})",
app/src/main/java/com/aeriotv/android/core/playback/LiveStreamFailover.kt	298	[FAILOVER] channel=$channelName no bytes for ${silentMs}ms 	"[FAILOVER] channel=$channelName no bytes for ${silentMs}ms " +
app/src/main/java/com/aeriotv/android/core/playback/LiveStreamFailover.kt	308	[FAILOVER] channel=$channelName no bytes for ${silentMs}ms 	"[FAILOVER] channel=$channelName no bytes for ${silentMs}ms " +
app/src/main/java/com/aeriotv/android/core/playback/LiveStreamFailover.kt	326	[FAILOVER] channel=$channelName stream list unavailable; staying on the retry path	Log.i(TAG, "[FAILOVER] channel=$channelName stream list unavailable; staying on the retry path")
app/src/main/java/com/aeriotv/android/core/playback/LiveStreamFailover.kt	332	[FAILOVER] channel=$channelName single stream; staying on the retry path	Log.i(TAG, "[FAILOVER] channel=$channelName single stream; staying on the retry path")
app/src/main/java/com/aeriotv/android/core/playback/LiveStreamFailover.kt	335	where are we	// Seed "where are we" once. /status is only trustworthy before any
app/src/main/java/com/aeriotv/android/core/playback/LiveStreamFailover.kt	350	[FAILOVER] channel=$channelName exhausted ${ids.size} streams	Log.w(TAG, "[FAILOVER] channel=$channelName exhausted ${ids.size} streams")
app/src/main/java/com/aeriotv/android/core/playback/LiveStreamFailover.kt	351	Channel unavailable. Retrying...	_statusText.value = "Channel unavailable. Retrying..."
app/src/main/java/com/aeriotv/android/core/playback/LiveStreamFailover.kt	361	[FAILOVER] channel=$channelName change_stream to id=$target failed: ${t.message}	Log.w(TAG, "[FAILOVER] channel=$channelName change_stream to id=$target failed: ${t.message}")
app/src/main/java/com/aeriotv/android/core/playback/LiveStreamFailover.kt	370	Server: $it. Trying another stream...	?.let { "Server: $it. Trying another stream..." }
app/src/main/java/com/aeriotv/android/core/playback/LiveStreamFailover.kt	371	Trying another stream...	?: "Trying another stream..."
app/src/main/java/com/aeriotv/android/core/playback/LiveStreamFailover.kt	374	[FAILOVER] channel=$channelName stream $step/${ids.size} id=$target 	"[FAILOVER] channel=$channelName stream $step/${ids.size} id=$target " +
app/src/main/java/com/aeriotv/android/core/playback/LiveStreamFailover.kt	375	reason=${serverReason ?: 	"reason=${serverReason ?: "no bytes within the ${budgetMs}ms silent-start budget"}",
app/src/main/java/com/aeriotv/android/core/playback/PlaybackTrace.kt	145	[TUNE] press ch=$channelName	Log.i(TAG, "[TUNE] press ch=$channelName")
app/src/main/java/com/aeriotv/android/core/playback/PlaybackTrace.kt	199	[TUNE] playUrl ch=$channelName +${sincePress(n)}ms url-kind=$kind	Log.i(TAG, "[TUNE] playUrl ch=$channelName +${sincePress(n)}ms url-kind=$kind")
app/src/main/java/com/aeriotv/android/core/playback/PlaybackTrace.kt	205	[TUNE] open +${sincePress(openAtMs)}ms	Log.i(TAG, "[TUNE] open +${sincePress(openAtMs)}ms")
app/src/main/java/com/aeriotv/android/core/playback/PlaybackTrace.kt	250	[TUNE] firstByte +${sincePress(n)}ms	Log.i(TAG, "[TUNE] firstByte +${sincePress(n)}ms")
app/src/main/java/com/aeriotv/android/core/playback/PlaybackTrace.kt	302	${format.frameRate}	val fps = if (format.frameRate > 0f) "${format.frameRate}" else "?"
app/src/main/java/com/aeriotv/android/core/playback/PlaybackTrace.kt	305	[TUNE] format ${format.width}x${format.height} $fps ${format.sampleMimeType} 	"[TUNE] format ${format.width}x${format.height} $fps ${format.sampleMimeType} " +
app/src/main/java/com/aeriotv/android/core/playback/PlaybackTrace.kt	306	dec=${videoDecoderName ?: 	"dec=${videoDecoderName ?: "?"}",
app/src/main/java/com/aeriotv/android/core/playback/PlaybackTrace.kt	314	[TUNE] ready +${sincePress(readyAtMs)}ms	Log.i(TAG, "[TUNE] ready +${sincePress(readyAtMs)}ms")
app/src/main/java/com/aeriotv/android/core/playback/PlaybackTrace.kt	346	${sincePress(stamp)}	fun d(stamp: Long): String = if (stamp == 0L) "n/a" else "${sincePress(stamp)}"
app/src/main/java/com/aeriotv/android/core/playback/PlaybackTrace.kt	349	[TUNE] press->firstFrame ${total}ms ch=$channelName | 	"[TUNE] press->firstFrame ${total}ms ch=$channelName | " +
app/src/main/java/com/aeriotv/android/core/playback/PlaybackTrace.kt	350	playUrl=${d(playUrlAtMs)} open=${d(openAtMs)} firstByte=${d(firstByteAtMs)} 	"playUrl=${d(playUrlAtMs)} open=${d(openAtMs)} firstByte=${d(firstByteAtMs)} " +
app/src/main/java/com/aeriotv/android/core/playback/PlaybackTrace.kt	351	ready=${d(readyAtMs)} frame=${d(firstFrameAtMs)}	"ready=${d(readyAtMs)} frame=${d(firstFrameAtMs)}",
app/src/main/java/com/aeriotv/android/core/playback/PlaybackTrace.kt	368	[STALL] at +${n - firstFrameAtMs}ms pos=${pos}ms buffered=${buffered}ms 	"[STALL] at +${n - firstFrameAtMs}ms pos=${pos}ms buffered=${buffered}ms " +
app/src/main/java/com/aeriotv/android/core/playback/PlaybackTrace.kt	369	liveOffset=${liveOffsetMs(player)}ms ch=$channelName	"liveOffset=${liveOffsetMs(player)}ms ch=$channelName",
app/src/main/java/com/aeriotv/android/core/playback/PlaybackTrace.kt	471	[PERF] ch=$channelName stalls=$stallCount dropped=+$droppedDelta($droppedTotal) 	"[PERF] ch=$channelName stalls=$stallCount dropped=+$droppedDelta($droppedTotal) " +
app/src/main/java/com/aeriotv/android/core/playback/PlaybackTrace.kt	472	buffered=${buffered}ms liveOffset=${liveOffsetMs(p)}ms 	"buffered=${buffered}ms liveOffset=${liveOffsetMs(p)}ms " +
app/src/main/java/com/aeriotv/android/core/playback/PlaybackTrace.kt	473	bw=${bitrateEstimateBps / 1000}kbps pos=${p.currentPosition}ms 	"bw=${bitrateEstimateBps / 1000}kbps pos=${p.currentPosition}ms " +
app/src/main/java/com/aeriotv/android/core/playback/PlaybackTrace.kt	474	.format(render.fps)}fps maxGap=${render.maxGapMs}ms 	"render=${"%.1f".format(render.fps)}fps maxGap=${render.maxGapMs}ms " +
app/src/main/java/com/aeriotv/android/core/playback/PlaybackTrace.kt	475	procOffset=${render.procOffsetUs}us	"procOffset=${render.procOffsetUs}us",
app/src/main/java/com/aeriotv/android/core/playback/PlaybackTrace.kt	478	[FEED] ${kbps}kbps avg over 30s, worst gap ${worstGap}ms without bytes	Log.i(TAG, "[FEED] ${kbps}kbps avg over 30s, worst gap ${worstGap}ms without bytes")
app/src/main/java/com/aeriotv/android/core/playback/PlaybackTrace.kt	608	[JUDDER] max frame gap ${gapMs}ms ($judderGaps gaps > ${thresholdMs}ms) 	"[JUDDER] max frame gap ${gapMs}ms ($judderGaps gaps > ${thresholdMs}ms) " +
app/src/main/java/com/aeriotv/android/core/playback/PlaybackTrace.kt	609	fps=$judderFps/s pos=${pos}ms	"fps=$judderFps/s pos=${pos}ms",
app/src/main/java/com/aeriotv/android/core/playback/PlaybackTrace.kt	636	[RECOVER] $what ch=$channelName	Log.w(TAG, "[RECOVER] $what ch=$channelName")
app/src/main/java/com/aeriotv/android/core/playback/PlaybackTrace.kt	711	[JUDDER] audio underrun buffer=${bufferSizeMs}ms sinceFeed=${elapsedSinceLastFeedMs}ms 	"[JUDDER] audio underrun buffer=${bufferSizeMs}ms sinceFeed=${elapsedSinceLastFeedMs}ms " +
app/src/main/java/com/aeriotv/android/core/playback/PlaybackTrace.kt	712	bytes=$bufferSize ch=$channelName	"bytes=$bufferSize ch=$channelName",
app/src/main/java/com/aeriotv/android/core/playback/StreamEndVerifier.kt	43	no Dispatcharr session check available	val h = hook ?: return Verdict(false, "no Dispatcharr session check available")
app/src/main/java/com/aeriotv/android/core/playback/StreamEndVerifier.kt	45	session check failed: ${it.message}	.getOrElse { Verdict(false, "session check failed: ${it.message}") }
app/src/main/java/com/aeriotv/android/core/preferences/AppPreferences.kt	39	aerio_prefs	name = "aerio_prefs",
app/src/main/java/com/aeriotv/android/core/preferences/AppPreferences.kt	41	Default Live TV View	// One-time cleanup. "Default Live TV View" used to be a Drive-synced pref,
app/src/main/java/com/aeriotv/android/core/preferences/AppPreferences.kt	192	Rounded corners in List view	* Settings > Appearance > "Rounded corners in List view". Channel logos
app/src/main/java/com/aeriotv/android/core/preferences/AppPreferences.kt	208	Rounded corners in Guide view	* Settings > Appearance > "Rounded corners in Guide view". Covers ONLY the
app/src/main/java/com/aeriotv/android/core/preferences/AppPreferences.kt	241	Show program badges	* Per-badge visibility under the master "Show program badges" switch
app/src/main/java/com/aeriotv/android/core/preferences/AppPreferences.kt	356	follow form-factor default	* Either "list" or "guide", or empty for "follow form-factor default".
app/src/main/java/com/aeriotv/android/core/preferences/AppPreferences.kt	477	key  action	* Remote hint strip (Logan 2026-09-11): the single "key  action" line
app/src/main/java/com/aeriotv/android/core/preferences/AppPreferences.kt	557	titleAZ	val moviesSortOrder: Flow<String> = store.data.map { it[KEY_MOVIES_SORT_ORDER] ?: "titleAZ" }
app/src/main/java/com/aeriotv/android/core/preferences/AppPreferences.kt	559	titleAZ	val seriesSortOrder: Flow<String> = store.data.map { it[KEY_SERIES_SORT_ORDER] ?: "titleAZ" }
app/src/main/java/com/aeriotv/android/core/preferences/AppPreferences.kt	561	title	val dvrSortOrder: Flow<String> = store.data.map { it[KEY_DVR_SORT_ORDER] ?: "title" }
app/src/main/java/com/aeriotv/android/core/preferences/AppPreferences.kt	585	Apple TV Channel Flip	* turned "Apple TV Channel Flip" off and has never customized the
app/src/main/java/com/aeriotv/android/core/preferences/AppPreferences.kt	890	Default Group	* GH #81: the user's explicit "Default Group" for Live TV, per playlist.
app/src/main/java/com/aeriotv/android/core/preferences/AppPreferences.kt	892	Last used	* collection token, or a provider group name). Empty string = "Last used",
app/src/main/java/com/aeriotv/android/core/preferences/AppPreferences.kt	912	Recently Watched	* Whether the synthetic "Recently Watched" group is shown, per playlist.
app/src/main/java/com/aeriotv/android/core/preferences/AppPreferences.kt	1040	Guide Window	* directions; the Settings > Network "Guide Window" picker is gone and
app/src/main/java/com/aeriotv/android/core/preferences/AppPreferences.kt	1115	Don't Show Again	* "Don't Show Again" button on the soft-limit performance warning;
app/src/main/java/com/aeriotv/android/core/preferences/AppPreferences.kt	1272	Last synced 5 min ago	// timestamps drive the UI's "Last synced 5 min ago" caption.
app/src/main/java/com/aeriotv/android/core/preferences/AppPreferences.kt	1789	show the tab optimistically	* the set means "show the tab optimistically".
app/src/main/java/com/aeriotv/android/core/preferences/AppPreferences.kt	1894	Keep device awake during recording	* iOS DVR Settings "Keep device awake during recording" toggle. Default
app/src/main/java/com/aeriotv/android/core/preferences/AppPreferences.kt	1923	Recently Watched	/** Per-playlist "Recently Watched" group visibility (see [recentGroupVisible]). */
app/src/main/java/com/aeriotv/android/core/preferences/AppPreferences.kt	1935	ui_show_program_subtitles	val KEY_SHOW_PROGRAM_SUBTITLES = booleanPreferencesKey("ui_show_program_subtitles")
app/src/main/java/com/aeriotv/android/core/preferences/AppPreferences.kt	1978	player_card_show_program_subtitle	booleanPreferencesKey("player_card_show_program_subtitle")
app/src/main/java/com/aeriotv/android/core/preferences/AppPreferences.kt	1980	player_card_show_program_description	booleanPreferencesKey("player_card_show_program_description")
app/src/main/java/com/aeriotv/android/core/preferences/HiddenTitlesStore.kt	19	aerio_hidden_titles	private val Context.hiddenTitlesDataStore: DataStore<Preferences> by preferencesDataStore(name = "aerio_hidden_titles")
app/src/main/java/com/aeriotv/android/core/preferences/LiveFirstByteLearner.kt	25	aerio_first_byte_prefs	name = "aerio_first_byte_prefs",
app/src/main/java/com/aeriotv/android/core/preferences/VodLearnedStreamStore.kt	25	aerio_vod_learned_streams	name = "aerio_vod_learned_streams",
app/src/main/java/com/aeriotv/android/core/preferences/VodLibrarySnapshotStore.kt	82	v1|${p.id}|${p.urlString}|${p.username ?: 	"v1|${p.id}|${p.urlString}|${p.username ?: ""}|${p.apiKey?.hashCode() ?: 0}"
app/src/main/java/com/aeriotv/android/core/preferences/VodLibrarySnapshotStore.kt	82	}|${p.apiKey?.hashCode() ?: 0}	"v1|${p.id}|${p.urlString}|${p.username ?: ""}|${p.apiKey?.hashCode() ?: 0}"
app/src/main/java/com/aeriotv/android/core/preferences/VodLibrarySnapshotStore.kt	103	snapshot unreadable: ${it.message}	.onFailure { Log.w(TAG, "snapshot unreadable: ${it.message}") }
app/src/main/java/com/aeriotv/android/core/preferences/VodLibrarySnapshotStore.kt	118	snapshot save failed: ${it.message}	}.onFailure { Log.w(TAG, "snapshot save failed: ${it.message}") }
app/src/main/java/com/aeriotv/android/core/preferences/VodLibrarySnapshotStore.kt	128	snapshot delete failed: ${it.message}	.onFailure { Log.w(TAG, "snapshot delete failed: ${it.message}") }
app/src/main/java/com/aeriotv/android/core/preferences/VodVersionSelectionStore.kt	24	aerio_vod_version_selections	name = "aerio_vod_version_selections",
app/src/main/java/com/aeriotv/android/core/preferences/VodVersionSelectionStore.kt	105	$playlistId|${itemType.key}|$itemId	"$playlistId|${itemType.key}|$itemId"
app/src/main/java/com/aeriotv/android/core/preferences/WatchlistStore.kt	19	aerio_watchlist	private val Context.watchlistDataStore: DataStore<Preferences> by preferencesDataStore(name = "aerio_watchlist")
app/src/main/java/com/aeriotv/android/core/remote/RemoteControlHints.kt	13	key  action	* One "key  action" reminder for the on-screen hint strip. [key] is the
app/src/main/java/com/aeriotv/android/core/remote/RemoteControlHints.kt	14	Hold Left	* button as printed on the remote ("Hold Left", "Play/Pause"), [action] is
app/src/main/java/com/aeriotv/android/core/remote/RemoteControlHints.kt	22	program info	PlayerRemoteAction.SHOW_PROGRAM_INFO -> "program info"
app/src/main/java/com/aeriotv/android/core/remote/RemoteControlHints.kt	23	player controls	PlayerRemoteAction.TOGGLE_CONTROLS -> "player controls"
app/src/main/java/com/aeriotv/android/core/remote/RemoteControlHints.kt	25	the channel list	PlayerRemoteAction.CHANNEL_LIST -> "the channel list"
app/src/main/java/com/aeriotv/android/core/remote/RemoteControlHints.kt	26	recently watched channels	PlayerRemoteAction.RECENT_CHANNELS -> "recently watched channels"
app/src/main/java/com/aeriotv/android/core/remote/RemoteControlHints.kt	28	the previous channel	PlayerRemoteAction.LAST_CHANNEL -> "the previous channel"
app/src/main/java/com/aeriotv/android/core/remote/RemoteControlHints.kt	29	the TV guide	PlayerRemoteAction.MINIMIZE_TO_GUIDE -> "the TV guide"
app/src/main/java/com/aeriotv/android/core/remote/RemoteControlHints.kt	33	Select: X  ·  Hold: Y	/** The player's Select line, compressed: "Select: X  ·  Hold: Y".
app/src/main/java/com/aeriotv/android/core/remote/RemoteControlHints.kt	39	Select: $it	short?.let { add("Select: $it") }
app/src/main/java/com/aeriotv/android/core/remote/RemoteControlHints.kt	40	Hold Select: $it	long?.let { add("Hold Select: $it") }
app/src/main/java/com/aeriotv/android/core/remote/RemoteControlHints.kt	60	Left = channel list	add("Left = channel list")
app/src/main/java/com/aeriotv/android/core/remote/RemoteControlHints.kt	61	Left again = groups	add("Left again = groups")
app/src/main/java/com/aeriotv/android/core/remote/RemoteControlHints.kt	63	Left = $it	playerPhrase(left)?.let { add("Left = $it") }
app/src/main/java/com/aeriotv/android/core/remote/RemoteControlHints.kt	65	Right = $it	playerPhrase(right)?.let { add("Right = $it") }
app/src/main/java/com/aeriotv/android/core/remote/RemoteControlHints.kt	71	browse earlier programs	GuideRemoteAction.TIMELINE_BACK -> "browse earlier programs"
app/src/main/java/com/aeriotv/android/core/remote/RemoteControlHints.kt	72	browse later programs	GuideRemoteAction.TIMELINE_FORWARD -> "browse later programs"
app/src/main/java/com/aeriotv/android/core/remote/RemoteControlHints.kt	73	jump to the group pills	GuideRemoteAction.FOCUS_GROUP_PILLS -> "jump to the group pills"
app/src/main/java/com/aeriotv/android/core/remote/RemoteControlHints.kt	74	page channels up	GuideRemoteAction.PAGE_UP -> "page channels up"
app/src/main/java/com/aeriotv/android/core/remote/RemoteControlHints.kt	75	page channels down	GuideRemoteAction.PAGE_DOWN -> "page channels down"
app/src/main/java/com/aeriotv/android/core/remote/RemoteControlHints.kt	76	jump to now	GuideRemoteAction.JUMP_TO_NOW -> "jump to now"
app/src/main/java/com/aeriotv/android/core/remote/RemoteControlHints.kt	77	jump to a day and time	GuideRemoteAction.JUMP_TO_DAY -> "jump to a day and time"
app/src/main/java/com/aeriotv/android/core/remote/RemoteControlHints.kt	78	jump to the top channel	GuideRemoteAction.JUMP_TO_TOP -> "jump to the top channel"
app/src/main/java/com/aeriotv/android/core/remote/RemoteControlHints.kt	79	return to the player	GuideRemoteAction.RESUME_PLAYER -> "return to the player"
app/src/main/java/com/aeriotv/android/core/remote/RemoteControlHints.kt	86	Hold left on remote to $it.	?.let { "Hold left on remote to $it." }
app/src/main/java/com/aeriotv/android/core/remote/RemoteControlHints.kt	97	group pills	GuideRemoteAction.FOCUS_GROUP_PILLS -> "group pills"
app/src/main/java/com/aeriotv/android/core/remote/RemoteControlHints.kt	98	page up	GuideRemoteAction.PAGE_UP -> "page up"
app/src/main/java/com/aeriotv/android/core/remote/RemoteControlHints.kt	99	page down	GuideRemoteAction.PAGE_DOWN -> "page down"
app/src/main/java/com/aeriotv/android/core/remote/RemoteControlHints.kt	101	jump to	GuideRemoteAction.JUMP_TO_DAY -> "jump to"
app/src/main/java/com/aeriotv/android/core/remote/RemoteControlHints.kt	102	top channel	GuideRemoteAction.JUMP_TO_TOP -> "top channel"
app/src/main/java/com/aeriotv/android/core/remote/RemoteControlHints.kt	107	Hold Left = X	/** Terse form for the compact combined guide nav chip: "Hold Left = X". */
app/src/main/java/com/aeriotv/android/core/remote/RemoteControlHints.kt	110	Hold Left = $it	?.let { "Hold Left = $it" }
app/src/main/java/com/aeriotv/android/core/remote/RemoteControlHints.kt	113	key action	// The remote hint STRIP (Logan 2026-09-11). One line of "key action"
app/src/main/java/com/aeriotv/android/core/remote/RemoteControlHints.kt	123	Hold OK	RemoteSlot.OK_LONG -> "Hold OK"
app/src/main/java/com/aeriotv/android/core/remote/RemoteControlHints.kt	125	Hold Up	RemoteSlot.UP_LONG -> "Hold Up"
app/src/main/java/com/aeriotv/android/core/remote/RemoteControlHints.kt	127	Hold Down	RemoteSlot.DOWN_LONG -> "Hold Down"
app/src/main/java/com/aeriotv/android/core/remote/RemoteControlHints.kt	129	Hold Left	RemoteSlot.LEFT_LONG -> "Hold Left"
app/src/main/java/com/aeriotv/android/core/remote/RemoteControlHints.kt	131	Hold Right	RemoteSlot.RIGHT_LONG -> "Hold Right"
app/src/main/java/com/aeriotv/android/core/remote/RemoteControlHints.kt	133	Fast Forward	RemoteSlot.FFWD -> "Fast Forward"
app/src/main/java/com/aeriotv/android/core/remote/RemoteControlHints.kt	135	Channel Up	RemoteSlot.CHANNEL_UP -> "Channel Up"
app/src/main/java/com/aeriotv/android/core/remote/RemoteControlHints.kt	136	Channel Down	RemoteSlot.CHANNEL_DOWN -> "Channel Down"
app/src/main/java/com/aeriotv/android/core/remote/RemoteControlHints.kt	142	Group pills	GuideRemoteAction.FOCUS_GROUP_PILLS -> if (sidebarGroups) "Groups" else "Group pills"
app/src/main/java/com/aeriotv/android/core/remote/RemoteControlHints.kt	143	Earlier programs	GuideRemoteAction.TIMELINE_BACK -> "Earlier programs"
app/src/main/java/com/aeriotv/android/core/remote/RemoteControlHints.kt	144	Later programs	GuideRemoteAction.TIMELINE_FORWARD -> "Later programs"
app/src/main/java/com/aeriotv/android/core/remote/RemoteControlHints.kt	145	Page up	GuideRemoteAction.PAGE_UP -> "Page up"
app/src/main/java/com/aeriotv/android/core/remote/RemoteControlHints.kt	146	Page down	GuideRemoteAction.PAGE_DOWN -> "Page down"
app/src/main/java/com/aeriotv/android/core/remote/RemoteControlHints.kt	148	Jump to day	GuideRemoteAction.JUMP_TO_DAY -> "Jump to day"
app/src/main/java/com/aeriotv/android/core/remote/RemoteControlHints.kt	149	Top channel	GuideRemoteAction.JUMP_TO_TOP -> "Top channel"
app/src/main/java/com/aeriotv/android/core/remote/RemoteControlHints.kt	151	Close mini	GuideRemoteAction.CLOSE_MINI_PLAYER -> "Close mini"
app/src/main/java/com/aeriotv/android/core/remote/RemoteControlHints.kt	152	Program info	GuideRemoteAction.PROGRAM_INFO -> "Program info"
app/src/main/java/com/aeriotv/android/core/remote/RemoteControlHints.kt	153	Program menu	GuideRemoteAction.PROGRAM_MENU -> "Program menu"
app/src/main/java/com/aeriotv/android/core/remote/RemoteControlHints.kt	162	Player controls	PlayerRemoteAction.TOGGLE_CONTROLS -> "Player controls"
app/src/main/java/com/aeriotv/android/core/remote/RemoteControlHints.kt	163	Program info	PlayerRemoteAction.SHOW_PROGRAM_INFO -> "Program info"
app/src/main/java/com/aeriotv/android/core/remote/RemoteControlHints.kt	165	Channel list	PlayerRemoteAction.CHANNEL_LIST -> "Channel list"
app/src/main/java/com/aeriotv/android/core/remote/RemoteControlHints.kt	166	Recent channels	PlayerRemoteAction.RECENT_CHANNELS -> "Recent channels"
app/src/main/java/com/aeriotv/android/core/remote/RemoteControlHints.kt	168	Previous channel	PlayerRemoteAction.LAST_CHANNEL -> "Previous channel"
app/src/main/java/com/aeriotv/android/core/remote/RemoteControlHints.kt	169	TV Guide	PlayerRemoteAction.MINIMIZE_TO_GUIDE -> "TV Guide"
app/src/main/java/com/aeriotv/android/core/remote/RemoteControlHints.kt	170	Channel up	PlayerRemoteAction.CHANNEL_UP -> "Channel up"
app/src/main/java/com/aeriotv/android/core/remote/RemoteControlHints.kt	171	Channel down	PlayerRemoteAction.CHANNEL_DOWN -> "Channel down"
app/src/main/java/com/aeriotv/android/core/remote/RemoteControlHints.kt	172	Play or pause	PlayerRemoteAction.PLAY_PAUSE -> "Play or pause"
app/src/main/java/com/aeriotv/android/core/remote/RemoteControlHints.kt	173	Seek forward	PlayerRemoteAction.SEEK_FORWARD -> "Seek forward"
app/src/main/java/com/aeriotv/android/core/remote/RemoteControlHints.kt	174	Seek back	PlayerRemoteAction.SEEK_BACKWARD -> "Seek back"
app/src/main/java/com/aeriotv/android/core/remote/RemoteControlHints.kt	176	Jump to live	PlayerRemoteAction.JUMP_TO_LIVE -> "Jump to live"
app/src/main/java/com/aeriotv/android/core/remote/RemoteControlHints.kt	177	Subtitles	PlayerRemoteAction.SUBTITLES -> "Subtitles"
app/src/main/java/com/aeriotv/android/core/remote/RemoteControlHints.kt	179	Aspect ratio	PlayerRemoteAction.ASPECT_RATIO -> "Aspect ratio"
app/src/main/java/com/aeriotv/android/core/remote/RemoteControlHints.kt	181	Sleep timer	PlayerRemoteAction.SLEEP_TIMER -> "Sleep timer"
app/src/main/java/com/aeriotv/android/core/remote/RemoteControlHints.kt	221	Double Back	add(RemoteHint(if (miniActive) "Double Back" else "Back", "Top channel"))
app/src/main/java/com/aeriotv/android/core/remote/RemoteControlHints.kt	221	Top channel	add(RemoteHint(if (miniActive) "Double Back" else "Back", "Top channel"))
app/src/main/java/com/aeriotv/android/core/remote/RemoteControlHints.kt	227	Close mini	add(RemoteHint(slotLabel(it), "Close mini"))
app/src/main/java/com/aeriotv/android/core/remote/RemoteControlHints.kt	298	Mini player	add(RemoteHint("Back", if (catchupMode) "Exit" else "Mini player"))
app/src/main/java/com/aeriotv/android/core/remote/RemoteControlHints.kt	303	Back twice	if (!catchupMode) add(RemoteHint("Back twice", "Close"))
app/src/main/java/com/aeriotv/android/core/remote/RemoteControlHints.kt	305	Back twice	// one pair more than the shared cap rather than dropping "Back twice".
app/src/main/java/com/aeriotv/android/core/remote/RemoteControlMap.kt	63	audioTracks	SUBTITLES("subtitles"), AUDIO_TRACKS("audioTracks"),
app/src/main/java/com/aeriotv/android/core/remote/RemoteControlMap.kt	63	subtitles	SUBTITLES("subtitles"), AUDIO_TRACKS("audioTracks"),
app/src/main/java/com/aeriotv/android/core/security/SafeUrlInterceptor.kt	73	Blocked image fetch ($reason)	Log.w(TAG, "Blocked image fetch ($reason)")
app/src/main/java/com/aeriotv/android/core/security/SafeUrlInterceptor.kt	77	Image URL not allowed: $reason	throwable = SecurityException("Image URL not allowed: $reason"),
app/src/main/java/com/aeriotv/android/core/sync/DriveAppDataClient.kt	47	name = '$fileName' and trashed = false	.addQueryParameter("q", "name = '$fileName' and trashed = false")
app/src/main/java/com/aeriotv/android/core/sync/DriveAppDataClient.kt	57	findFileId $fileName -> HTTP ${resp.code}: ${resp.body?.string()}	Log.w(TAG, "findFileId $fileName -> HTTP ${resp.code}: ${resp.body?.string()}")
app/src/main/java/com/aeriotv/android/core/sync/DriveAppDataClient.kt	64	findFileId $fileName threw: ${it.message}	}.onFailure { Log.w(TAG, "findFileId $fileName threw: ${it.message}", it) }
app/src/main/java/com/aeriotv/android/core/sync/DriveAppDataClient.kt	104	upload $fileName FAILED: ${it.message}	}.onFailure { Log.w(TAG, "upload $fileName FAILED: ${it.message}", it) }
app/src/main/java/com/aeriotv/android/core/sync/DriveAppDataClient.kt	105	upload $fileName OK -> id=$it	.onSuccess { Log.i(TAG, "upload $fileName OK -> id=$it") }
app/src/main/java/com/aeriotv/android/core/sync/DriveAppDataClient.kt	116	Unexpected header: Content-Type	// headers with IllegalArgumentException("Unexpected header: Content-Type").
app/src/main/java/com/aeriotv/android/core/sync/DriveAppDataClient.kt	130	create $fileName failed: HTTP ${resp.code} $body	if (!resp.isSuccessful) error("create $fileName failed: HTTP ${resp.code} $body")
app/src/main/java/com/aeriotv/android/core/sync/DriveAppDataClient.kt	133	create $fileName: missing id in response	?: error("create $fileName: missing id in response")
app/src/main/java/com/aeriotv/android/core/sync/DriveAppDataClient.kt	146	update $fileId failed: HTTP ${resp.code} $body	error("update $fileId failed: HTTP ${resp.code} $body")
app/src/main/java/com/aeriotv/android/core/sync/DriveAppDataClient.kt	161	delete $fileId failed: HTTP ${resp.code}	error("delete $fileId failed: HTTP ${resp.code}")
app/src/main/java/com/aeriotv/android/core/sync/DriveAppDataClient.kt	171	files(id,name,modifiedTime)	.addQueryParameter("fields", "files(id,name,modifiedTime)")
app/src/main/java/com/aeriotv/android/core/sync/DriveAppDataClient.kt	186	name	val name = o["name"]?.jsonPrimitive?.content ?: return@mapNotNull null
app/src/main/java/com/aeriotv/android/core/sync/DriveSyncManager.kt	31	Clear Drive Data	*   - clearRemote() — Settings > "Clear Drive Data" hook.
app/src/main/java/com/aeriotv/android/core/sync/DriveSyncManager.kt	72	Sync Now	* worker and Settings "Sync Now" use the untracked [pullAll] so a routine
app/src/main/java/com/aeriotv/android/core/sync/DriveSyncManager.kt	195	pushAll: categories=${enabled.map { it.name }}	Log.i(TAG, "pushAll: categories=${enabled.map { it.name }}")
app/src/main/java/com/aeriotv/android/core/sync/DriveSyncManager.kt	229	Nothing in Drive yet	* "Nothing in Drive yet" detail instead of Failed -- a fresh account
app/src/main/java/com/aeriotv/android/core/sync/DriveSyncManager.kt	243	Nothing in Drive yet	PullOutcome.NoRemote -> updateRestoreStep(category, RestoreStepState.Done, "Nothing in Drive yet")
app/src/main/java/com/aeriotv/android/core/sync/DriveSyncManager.kt	244	Couldn't restore	PullOutcome.Failed -> updateRestoreStep(category, RestoreStepState.Failed, "Couldn't restore")
app/src/main/java/com/aeriotv/android/core/sync/DriveSyncManager.kt	295	${Build.MANUFACTURER} ${Build.MODEL}	device = "${Build.MANUFACTURER} ${Build.MODEL}".trim(),
app/src/main/java/com/aeriotv/android/core/sync/DriveSyncWorker.kt	41	Master sync disabled — skipping	Log.i(TAG, "Master sync disabled — skipping")
app/src/main/java/com/aeriotv/android/core/sync/DriveSyncWorker.kt	49	No Drive token (not signed in / consent needed) — skipping	Log.i(TAG, "No Drive token (not signed in / consent needed) — skipping")
app/src/main/java/com/aeriotv/android/core/sync/DriveSyncWorker.kt	67	Skipping push: no pull completed on this install yet	Log.i(TAG, "Skipping push: no pull completed on this install yet")
app/src/main/java/com/aeriotv/android/core/sync/DriveSyncWorker.kt	72	Periodic sync done: ${pushed.size}↑ ${pulled.size}↓ failures=$failures	Log.i(TAG, "Periodic sync done: ${pushed.size}↑ ${pulled.size}↓ failures=$failures")
app/src/main/java/com/aeriotv/android/core/sync/DriveSyncWorker.kt	75	Periodic sync threw	Log.w(TAG, "Periodic sync threw", t)
app/src/main/java/com/aeriotv/android/core/sync/GoogleDriveAuth.kt	24	Sign in with Google	*      modern "Sign in with Google" branded sheet that picks one of the
app/src/main/java/com/aeriotv/android/core/sync/GoogleDriveAuth.kt	26	Signed in as you@example.com	*      token so the UI can render "Signed in as you@example.com".
app/src/main/java/com/aeriotv/android/core/sync/GoogleDriveAuth.kt	47	Drive Sync OAuth client id is not configured.	throw IllegalStateException("Drive Sync OAuth client id is not configured.")
app/src/main/java/com/aeriotv/android/core/sync/GoogleDriveAuth.kt	58	Unexpected credential type ${cred::class.java.simpleName}	Log.w(TAG, "Unexpected credential type ${cred::class.java.simpleName}")
app/src/main/java/com/aeriotv/android/core/sync/GoogleDriveAuth.kt	64	GoogleId token parse failed	Log.w(TAG, "GoogleId token parse failed", e)
app/src/main/java/com/aeriotv/android/core/sync/GoogleDriveAuth.kt	113	extractAccessToken failed	}.onFailure { Log.w(TAG, "extractAccessToken failed", it) }
app/src/main/java/com/aeriotv/android/core/sync/GoogleDriveAuth.kt	123	clearCredentialState failed	}.onFailure { Log.w(TAG, "clearCredentialState failed", it) }
app/src/main/java/com/aeriotv/android/core/sync/SyncCategory.kt	15	Playlists & Servers	displayName = "Playlists & Servers",
app/src/main/java/com/aeriotv/android/core/sync/SyncCategory.kt	16	M3U URLs, Dispatcharr servers, Xtream credentials (server-side only)	subtitle = "M3U URLs, Dispatcharr servers, Xtream credentials (server-side only)",
app/src/main/java/com/aeriotv/android/core/sync/SyncCategory.kt	21	Watch Progress	displayName = "Watch Progress",
app/src/main/java/com/aeriotv/android/core/sync/SyncCategory.kt	22	Resume points for movies, episodes, and recordings	subtitle = "Resume points for movies, episodes, and recordings",
app/src/main/java/com/aeriotv/android/core/sync/SyncCategory.kt	27	Reminders	displayName = "Reminders",
app/src/main/java/com/aeriotv/android/core/sync/SyncCategory.kt	28	Scheduled program reminders	subtitle = "Scheduled program reminders",
app/src/main/java/com/aeriotv/android/core/sync/SyncCategory.kt	33	Favorites	displayName = "Favorites",
app/src/main/java/com/aeriotv/android/core/sync/SyncCategory.kt	34	Favorite channels + your manual order	subtitle = "Favorite channels + your manual order",
app/src/main/java/com/aeriotv/android/core/sync/SyncCategory.kt	39	Watchlist	displayName = "Watchlist",
app/src/main/java/com/aeriotv/android/core/sync/SyncCategory.kt	40	Movies and TV shows you saved for later, plus titles you hid	subtitle = "Movies and TV shows you saved for later, plus titles you hid",
app/src/main/java/com/aeriotv/android/core/sync/SyncCategory.kt	45	App Preferences	displayName = "App Preferences",
app/src/main/java/com/aeriotv/android/core/sync/SyncCategory.kt	46	Theme, appearance mode, accent color, default tab, hidden groups, palette overrides	subtitle = "Theme, appearance mode, accent color, default tab, hidden groups, palette overrides",
app/src/main/java/com/aeriotv/android/core/sync/SyncCategory.kt	51	Credentials	displayName = "Credentials",
app/src/main/java/com/aeriotv/android/core/sync/SyncCategory.kt	52	Server passwords + API keys (Drive AppData is private to the app)	subtitle = "Server passwords + API keys (Drive AppData is private to the app)",
app/src/main/java/com/aeriotv/android/core/sync/SyncCategory.kt	57	syncCategory.$storageSuffix	fun enabledStorageKey(): String = "syncCategory.$storageSuffix"
app/src/main/java/com/aeriotv/android/core/timeshift/TimeshiftBufferStore.kt	22	Go Live	* the growing buffer (see [TimeshiftDataSource]); "Go Live" returns to
app/src/main/java/com/aeriotv/android/core/timeshift/TimeshiftBufferStore.kt	88	session start dir=${dir.name} channel=$channelName depthMs=$depthMs	Log.i(TAG, "session start dir=${dir.name} channel=$channelName depthMs=$depthMs")
app/src/main/java/com/aeriotv/android/core/timeshift/TimeshiftBufferStore.kt	572	gap marker at $name+$currentBytes	Log.i("TimeshiftBuffer", "gap marker at $name+$currentBytes")
app/src/main/java/com/aeriotv/android/core/timeshift/TimeshiftBufferStore.kt	667	splice overlap trimmed (${discardedBytes + p} bytes)	Log.i("TimeshiftBuffer", "splice overlap trimmed (${discardedBytes + p} bytes)")
app/src/main/java/com/aeriotv/android/core/timeshift/TimeshiftBufferStore.kt	692	discarding ${discardedBytes + packetStart} bytes	"discarding ${discardedBytes + packetStart} bytes",
app/src/main/java/com/aeriotv/android/core/timeshift/TimeshiftBufferStore.kt	712	splice clock moved to pid ${packetPid(merged, packetStart)}; 	"splice clock moved to pid ${packetPid(merged, packetStart)}; " +
app/src/main/java/com/aeriotv/android/core/timeshift/TimeshiftBufferStore.kt	714	${discardedBytes + packetStart} bytes	"${discardedBytes + packetStart} bytes",
app/src/main/java/com/aeriotv/android/core/timeshift/TimeshiftBufferStore.kt	735	($discardedBytes bytes); splicing with a gap	"($discardedBytes bytes); splicing with a gap",
app/src/main/java/com/aeriotv/android/core/timeshift/TimeshiftBufferStore.kt	745	$discardedBytes bytes / ${elapsed}ms; splicing with a gap	"$discardedBytes bytes / ${elapsed}ms; splicing with a gap",
app/src/main/java/com/aeriotv/android/core/timeshift/TimeshiftBufferStore.kt	880	session ${sessionDir.name} dropped $dropped chunk(s)	Log.w("TimeshiftBuffer", "session ${sessionDir.name} dropped $dropped chunk(s)")
app/src/main/java/com/aeriotv/android/core/timeshift/TimeshiftController.kt	67	ghost streams until manually killed in the Dispatcharr GUI	* ("ghost streams until manually killed in the Dispatcharr GUI"), and
app/src/main/java/com/aeriotv/android/core/timeshift/TimeshiftController.kt	231	adopted retained buffer for $channelName	Log.i(TAG, "adopted retained buffer for $channelName")
app/src/main/java/com/aeriotv/android/core/timeshift/TimeshiftController.kt	254	buffering started for $channelName	Log.i(TAG, "buffering started for $channelName")
app/src/main/java/com/aeriotv/android/core/timeshift/TimeshiftController.kt	298	retention evicted ${oldest.value.channelName}	Log.i(TAG, "retention evicted ${oldest.value.channelName}")
app/src/main/java/com/aeriotv/android/core/timeshift/TimeshiftController.kt	302	keeping $chName live (${retained.size} retained)	Log.i(TAG, "keeping $chName live (${retained.size} retained)")
app/src/main/java/com/aeriotv/android/core/timeshift/TimeshiftController.kt	337	empty response	endReason = "empty response"
app/src/main/java/com/aeriotv/android/core/timeshift/TimeshiftController.kt	352	retained fill error for ${session.channelName}: $t	Log.w(TAG, "retained fill error for ${session.channelName}: $t")
app/src/main/java/com/aeriotv/android/core/timeshift/TimeshiftController.kt	360	retained fill gave up for ${session.channelName}	Log.w(TAG, "retained fill gave up for ${session.channelName}")
app/src/main/java/com/aeriotv/android/core/timeshift/TimeshiftController.kt	367	retained fill started for ${session.channelName}	Log.i(TAG, "retained fill started for ${session.channelName}")
app/src/main/java/com/aeriotv/android/core/timeshift/TimeshiftController.kt	379	[RETAIN] released ${session.channelName}: $reason	Log.i(TAG, "[RETAIN] released ${session.channelName}: $reason")
app/src/main/java/com/aeriotv/android/core/timeshift/TimeshiftController.kt	400	released retained buffer ${session.writer.sessionDir.name}	Log.i(TAG, "released retained buffer ${session.writer.sessionDir.name}")
app/src/main/java/com/aeriotv/android/core/timeshift/TimeshiftController.kt	413	Stop All	/** Indicator dialog "Stop All", and the app-background policy: retained
app/src/main/java/com/aeriotv/android/core/timeshift/TimeshiftController.kt	487	fill stream error: $t	if (fillJob?.isActive == true) Log.w(TAG, "fill stream error: $t")
app/src/main/java/com/aeriotv/android/core/timeshift/TimeshiftController.kt	621	released buffer ${w.sessionDir.name}	Log.i(TAG, "released buffer ${w.sessionDir.name}")
app/src/main/java/com/aeriotv/android/core/timeshift/TimeshiftDataSources.kt	62	live source open host=$openHost	Log.i(TAG, "live source open host=$openHost")
app/src/main/java/com/aeriotv/android/core/timeshift/TimeshiftDataSources.kt	71	live source first bytes +${SystemClock.elapsedRealtime() - openAtMs}ms	Log.i(TAG, "live source first bytes +${SystemClock.elapsedRealtime() - openAtMs}ms")
app/src/main/java/com/aeriotv/android/core/timeshift/TimeshiftDataSources.kt	102	live source closed after ${SystemClock.elapsedRealtime() - openAtMs}ms 	"live source closed after ${SystemClock.elapsedRealtime() - openAtMs}ms " +
app/src/main/java/com/aeriotv/android/core/timeshift/TimeshiftDataSources.kt	103	with 0 bytes received (host=$openHost) - connection opened but never 	"with 0 bytes received (host=$openHost) - connection opened but never " +
app/src/main/java/com/aeriotv/android/core/timeshift/TimeshiftDataSources.kt	138	timeshift gap at $segName+$byteOffset	) : java.io.FileNotFoundException("timeshift gap at $segName+$byteOffset")
app/src/main/java/com/aeriotv/android/core/timeshift/TimeshiftDataSources.kt	165	$SCHEME://buffer?fromWallMs=$fromWallMs	Uri.parse("$SCHEME://buffer?fromWallMs=$fromWallMs")
app/src/main/java/com/aeriotv/android/core/timeshift/TimeshiftDataSources.kt	172	$SCHEME://buffer?fromWallMs=$wallMs&atSeg=$segName&atOff=$byteOffset	"$SCHEME://buffer?fromWallMs=$wallMs&atSeg=$segName&atOff=$byteOffset",
app/src/main/java/com/aeriotv/android/core/timeshift/TimeshiftDataSources.kt	200	timeshift buffer empty	if (segments.isEmpty()) throw IOException("timeshift buffer empty")
app/src/main/java/com/aeriotv/android/core/tv/HomeChannelsPublisher.kt	35	Top Channels	*  - A "Top Channels" preview channel: up to [MAX_CHANNEL_CARDS] cards,
app/src/main/java/com/aeriotv/android/core/tv/HomeChannelsPublisher.kt	41	Continue Watching	*    (tvOS "Continue Watching" section), deep linking
app/src/main/java/com/aeriotv/android/core/tv/HomeChannelsPublisher.kt	50	name — current programme	* Divergence from tvOS, on purpose: no "name — current programme" subtitle on
app/src/main/java/com/aeriotv/android/core/tv/HomeChannelsPublisher.kt	119	publishNow failed	.onFailure { android.util.Log.w(TAG, "publishNow failed", it) }
app/src/main/java/com/aeriotv/android/core/tv/HomeChannelsPublisher.kt	171	A resource failed to call AbstractCursor.close	// "A resource failed to call AbstractCursor.close" burst on the
app/src/main/java/com/aeriotv/android/core/tv/HomeChannelsPublisher.kt	209	Channel $it	?.let { builder.setEpisodeTitle("Channel $it") }
app/src/main/java/com/aeriotv/android/core/tv/HomeChannelsPublisher.kt	263	?episode=${if (isEpisode) 1 else 0}	"?episode=${if (isEpisode) 1 else 0}",
app/src/main/java/com/aeriotv/android/core/tv/HomeChannelsPublisher.kt	290	Top Channels	/** Our own "Top Channels" preview channel, or null when it has not been
app/src/main/java/com/aeriotv/android/core/tv/HomeChannelsPublisher.kt	319	Top Channels	private const val CHANNEL_DISPLAY_NAME = "Top Channels"
app/src/main/java/com/aeriotv/android/core/tv/TvActionMenuDialog.kt	44	Multiview full	* dimmed (e.g. a "Multiview full" state).
app/src/main/java/com/aeriotv/android/core/tv/TvActionMenuDialog.kt	113	Cancel	label = "Cancel",
app/src/main/java/com/aeriotv/android/core/tv/TvMenuGuard.kt	15	Program Info	* item (e.g. "Program Info") gains focus. When the user finally lifts
app/src/main/java/com/aeriotv/android/core/tv/TvQrLinkDialog.kt	123	QR code for $title	contentDescription = "QR code for $title",
app/src/main/java/com/aeriotv/android/core/tv/TvQrLinkDialog.kt	145	Close	SettingsDialogTextButton(label = "Close", onClick = onDismiss)
app/src/main/java/com/aeriotv/android/core/ui/ArtworkCorners.kt	12	Rounded corners on logos and artwork	* Settings > Appearance > "Rounded corners on logos and artwork".
app/src/main/java/com/aeriotv/android/core/ui/ArtworkCorners.kt	27	Rounded corners in List view	*  - "Rounded corners in List view" (default ON, today's behavior) covers the
app/src/main/java/com/aeriotv/android/core/ui/ArtworkCorners.kt	31	Rounded corners in Guide view	*  - "Rounded corners in Guide view" (default OFF) covers ONLY the guide rail
app/src/main/java/com/aeriotv/android/core/ui/ChannelBadge.kt	341	NBC Sports NOW HD	// width from the name ("NBC Sports NOW HD" truncated).
app/src/main/java/com/aeriotv/android/core/ui/ClockFormat.kt	47	7:30pm	/** Guide header labels: "7:30pm" / "19:30". */
app/src/main/java/com/aeriotv/android/core/ui/EpgBadges.kt	43	Show program badges	* TV level from the per-device-type "Show program badges" setting; the badge
app/src/main/java/com/aeriotv/android/core/ui/EpgBadges.kt	56	leave the tab and come back	// re-subcompose, which is exactly the "leave the tab and come back" bug
app/src/main/java/com/aeriotv/android/core/ui/EpgBadges.kt	68	[Der Tote im Heizungsraum] ...	* the sub-title in square brackets ("[Der Tote im Heizungsraum] ..."), which
app/src/main/java/com/aeriotv/android/core/ui/EpgBadges.kt	174	S3 E5	/** A small neutral outlined "S3 E5" pill. Renders nothing when [label] is null. */
app/src/main/java/com/aeriotv/android/core/ui/ProgramArtSlot.kt	138	Rounded corners in Guide view	* passes "Rounded corners in Guide view", so the program art there rounds
app/src/main/java/com/aeriotv/android/core/ui/ProgramArtSlot.kt	153	artWidth	val width by animateDpAsState(targetValue = target, animationSpec = tween(140), label = "artWidth")
app/src/main/java/com/aeriotv/android/core/ui/SkipIntervals.kt	64	Back $seconds seconds	fun backLabel(seconds: Int = backSeconds.value): String = "Back $seconds seconds"
app/src/main/java/com/aeriotv/android/core/ui/SkipIntervals.kt	65	Forward $seconds seconds	fun forwardLabel(seconds: Int = forwardSeconds.value): String = "Forward $seconds seconds"
app/src/main/java/com/aeriotv/android/core/ui/SkipIntervals.kt	110	Forward$seconds	name = if (back) "Replay$seconds" else "Forward$seconds",
app/src/main/java/com/aeriotv/android/core/ui/SkipIntervals.kt	110	Replay$seconds	name = if (back) "Replay$seconds" else "Forward$seconds",
app/src/main/java/com/aeriotv/android/core/ui/TvListView.kt	11	Default Live TV View	* whose stored "Default Live TV View" is "list" (the stored value is never
app/src/main/java/com/aeriotv/android/core/update/PackageReplacedReceiver.kt	75	reschedule ${entity.reminderKey} failed	.onFailure { Log.w(TAG, "reschedule ${entity.reminderKey} failed", it) }
app/src/main/java/com/aeriotv/android/core/update/UpdateManager.kt	37	Install unknown apps	* "Install unknown apps" Settings grant when needed, then commits a
app/src/main/java/com/aeriotv/android/core/update/UpdateManager.kt	52	Install unknown apps	* Re-evaluate the "Install unknown apps" grant. Called on every app
app/src/main/java/com/aeriotv/android/core/update/UpdateManager.kt	92	Install unknown apps	/** Bounced to the "Install unknown apps" Settings toggle; the grant can
app/src/main/java/com/aeriotv/android/feature/cast/CastControls.kt	135	Control a TV	* Shared with MainScaffold's floating "Control a TV" button (task #255): the
app/src/main/java/com/aeriotv/android/feature/cast/CastControls.kt	220	Cast to	title = { Text(if (connected) "Casting" else "Cast to") },
app/src/main/java/com/aeriotv/android/feature/cast/CastControls.kt	220	Casting	title = { Text(if (connected) "Casting" else "Cast to") },
app/src/main/java/com/aeriotv/android/feature/cast/CastControls.kt	226	Searching for devices...	Text("Searching for devices...")
app/src/main/java/com/aeriotv/android/feature/cast/CastControls.kt	252	AerioTV on TV	"AerioTV on TV",
app/src/main/java/com/aeriotv/android/feature/cast/CastControls.kt	257	Plays in the AerioTV app on the TV: no phone processing, full quality.	"Plays in the AerioTV app on the TV: no phone processing, full quality.",
app/src/main/java/com/aeriotv/android/feature/cast/CastControls.kt	264	Other devices	"Other devices",
app/src/main/java/com/aeriotv/android/feature/cast/CastControls.kt	275	Enter the code shown on ${companionConn.name ?: 	Text("Enter the code shown on ${companionConn.name ?: "the TV"}")
app/src/main/java/com/aeriotv/android/feature/cast/CastControls.kt	281	6-digit code	label = { Text("6-digit code") },
app/src/main/java/com/aeriotv/android/feature/cast/CastControls.kt	286	Cancel	TextButton(onClick = { companionRemote?.disconnect() }) { Text("Cancel") }
app/src/main/java/com/aeriotv/android/feature/cast/CastControls.kt	290	Pair	) { Text("Pair") }
app/src/main/java/com/aeriotv/android/feature/cast/CastControls.kt	294	Connecting to ${companionConn.name ?: 	Text("Connecting to ${companionConn.name ?: "TV"}...")
app/src/main/java/com/aeriotv/android/feature/cast/CastControls.kt	314	AerioTV Remote	"AerioTV Remote",
app/src/main/java/com/aeriotv/android/feature/cast/CastControls.kt	329	Stop casting	}) { Text("Stop casting") }
app/src/main/java/com/aeriotv/android/feature/cast/CastControls.kt	333	Disconnect TV	}) { Text("Disconnect TV") }
app/src/main/java/com/aeriotv/android/feature/cast/CastControls.kt	334	Close	else -> TextButton(onClick = onDismiss) { Text("Close") }
app/src/main/java/com/aeriotv/android/feature/cast/CastControls.kt	338	Close	{ TextButton(onClick = onDismiss) { Text("Close") } }
app/src/main/java/com/aeriotv/android/feature/cast/CastRemoteSheet.kt	112	Casting to	/** "Casting to" (Cast) vs "Controlling" (LAN companion remote). */
app/src/main/java/com/aeriotv/android/feature/cast/CastRemoteSheet.kt	113	Casting to	statusVerb: String = "Casting to",
app/src/main/java/com/aeriotv/android/feature/cast/CastRemoteSheet.kt	116	Switching to <channel>	*  reads "Switching to <channel>" until the receiver reports PLAYING. */
app/src/main/java/com/aeriotv/android/feature/cast/CastRemoteSheet.kt	118	Stop casting	/** Label for the stop action: "Stop casting" for Cast, "Disconnect" for the
app/src/main/java/com/aeriotv/android/feature/cast/CastRemoteSheet.kt	120	Stop casting	stopLabel: String = "Stop casting",
app/src/main/java/com/aeriotv/android/feature/cast/CastRemoteSheet.kt	161	Switching to $it	text = switchingTo?.let { "Switching to $it" }
app/src/main/java/com/aeriotv/android/feature/cast/CastRemoteSheet.kt	162	Nothing playing	?: channelTitle.ifBlank { "Nothing playing" },
app/src/main/java/com/aeriotv/android/feature/cast/CastRemoteSheet.kt	181	$statusVerb ${deviceName ?: 	text = "$statusVerb ${deviceName ?: "your TV"}",
app/src/main/java/com/aeriotv/android/feature/cast/CastRemoteSheet.kt	240	-${formatBehindLive(behindMs)} behind live	"-${formatBehindLive(behindMs)} behind live"
app/src/main/java/com/aeriotv/android/feature/cast/CastRemoteSheet.kt	273	Channel down	RemoteButton(Icons.Filled.KeyboardArrowDown, "Channel down", onChannelDown)
app/src/main/java/com/aeriotv/android/feature/cast/CastRemoteSheet.kt	301	Channel up	RemoteButton(Icons.Filled.KeyboardArrowUp, "Channel up", onChannelUp)
app/src/main/java/com/aeriotv/android/feature/cast/CastRemoteSheet.kt	329	Switch Stream	OptionRow(Icons.Filled.SwapHoriz, "Switch Stream", null) {
app/src/main/java/com/aeriotv/android/feature/cast/CastRemoteSheet.kt	334	Audio Track	OptionRow(Icons.Outlined.MusicNote, "Audio Track", remoteState.audio.firstOrNull { it.selected }?.label) {
app/src/main/java/com/aeriotv/android/feature/cast/CastRemoteSheet.kt	338	Off	OptionRow(Icons.Filled.Subtitles, "Subtitles", if (remoteState.textOff) "Off" else remoteState.text.firstOrNull { it.selected }?.label ?: "On") {
app/src/main/java/com/aeriotv/android/feature/cast/CastRemoteSheet.kt	338	On	OptionRow(Icons.Filled.Subtitles, "Subtitles", if (remoteState.textOff) "Off" else remoteState.text.firstOrNull { it.selected }?.label ?: "On") {
app/src/main/java/com/aeriotv/android/feature/cast/CastRemoteSheet.kt	338	Subtitles	OptionRow(Icons.Filled.Subtitles, "Subtitles", if (remoteState.textOff) "Off" else remoteState.text.firstOrNull { it.selected }?.label ?: "On") {
app/src/main/java/com/aeriotv/android/feature/cast/CastRemoteSheet.kt	342	Playback Speed	OptionRow(Icons.Filled.Speed, "Playback Speed", speedLabel(remoteState.speed)) {
app/src/main/java/com/aeriotv/android/feature/cast/CastRemoteSheet.kt	346	Video Scale	OptionRow(Icons.Outlined.AspectRatio, "Video Scale", remoteState.aspect.label) {
app/src/main/java/com/aeriotv/android/feature/cast/CastRemoteSheet.kt	349	Sleep Timer	OptionRow(Icons.Filled.Timer, "Sleep Timer", null) {
app/src/main/java/com/aeriotv/android/feature/cast/CastRemoteSheet.kt	353	Stream Info	OptionRow(Icons.Filled.Info, "Stream Info", null) {
app/src/main/java/com/aeriotv/android/feature/cast/CastRemoteSheet.kt	357	Audio Only	OptionRow(Icons.Filled.VideocamOff, "Audio Only", if (remoteState.audioOnly) "On" else "Off") {
app/src/main/java/com/aeriotv/android/feature/cast/CastRemoteSheet.kt	363	Leaves the TV playing	OptionRow(Icons.Filled.LinkOff, "Disconnect", "Leaves the TV playing") {
app/src/main/java/com/aeriotv/android/feature/cast/CastRemoteSheet.kt	376	Sleep Timer	text = "Sleep Timer",
app/src/main/java/com/aeriotv/android/feature/cast/CastRemoteSheet.kt	406	Stream Info	text = "Stream Info",
app/src/main/java/com/aeriotv/android/feature/cast/CastTransportCard.kt	43	Select a Channel	*    appears. With nothing playing yet it reads "Select a Channel", and the
app/src/main/java/com/aeriotv/android/feature/cast/CastTransportCard.kt	97	[Cast] card ${if (active) 	Log.i(TAG, "[Cast] card ${if (active) "show" else "hide"}")
app/src/main/java/com/aeriotv/android/feature/cast/CastTransportCard.kt	104	[Cast] card hide	DisposableEffect(Unit) { onDispose { Log.i(TAG, "[Cast] card hide") } }
app/src/main/java/com/aeriotv/android/feature/cast/CastTransportCard.kt	163	[Remote] X: stop + close	Log.i(TAG, "[Remote] X: stop + close")
app/src/main/java/com/aeriotv/android/feature/cast/CastTransportCard.kt	167	[Cast] stop: session ended, no local resume	Log.i(TAG, "[Cast] stop: session ended, no local resume")
app/src/main/java/com/aeriotv/android/feature/cast/CastTransportCard.kt	176	[Remote] disconnect, TV keeps playing	Log.i(TAG, "[Remote] disconnect, TV keeps playing")
app/src/main/java/com/aeriotv/android/feature/cast/CastTransportCard.kt	194	Switching to $switchingTo	switchingTo != null -> "Switching to $switchingTo"
app/src/main/java/com/aeriotv/android/feature/cast/CastTransportCard.kt	196	Casting to ${deviceName ?: 	else -> "Casting to ${deviceName ?: "your TV"}"
app/src/main/java/com/aeriotv/android/feature/cast/CastTransportCard.kt	203	Casting to ${deviceName ?: 	switchingTo != null -> "Casting to ${deviceName ?: "your TV"}"
app/src/main/java/com/aeriotv/android/feature/cast/CastTransportCard.kt	204	Select a Channel	!hasContent -> "Select a Channel"
app/src/main/java/com/aeriotv/android/feature/cast/CastTransportCard.kt	205	Controlling ${deviceName ?: 	isCompanion -> "Controlling ${deviceName ?: "TV"}"
app/src/main/java/com/aeriotv/android/feature/cast/CastTransportCard.kt	211	Stop casting	stopDescription = if (isCompanion) "Stop playback" else "Stop casting",
app/src/main/java/com/aeriotv/android/feature/cast/CastTransportCard.kt	211	Stop playback	stopDescription = if (isCompanion) "Stop playback" else "Stop casting",
app/src/main/java/com/aeriotv/android/feature/cast/CastTransportCard.kt	213	[Cast] card tap	Log.i(TAG, "[Cast] card tap")
app/src/main/java/com/aeriotv/android/feature/cast/CastTransportCard.kt	244	Casting to	statusVerb = if (isCompanion) "Controlling" else "Casting to",
app/src/main/java/com/aeriotv/android/feature/cast/CastTransportCard.kt	245	Stop casting	stopLabel = if (isCompanion) "Stop" else "Stop casting",
app/src/main/java/com/aeriotv/android/feature/cast/companion/CompanionPairingOverlay.kt	50	Companion Remote	"Companion Remote",
app/src/main/java/com/aeriotv/android/feature/cast/companion/CompanionPairingOverlay.kt	56	Enter this code on your phone to control this TV	"Enter this code on your phone to control this TV",
app/src/main/java/com/aeriotv/android/feature/channels/ChannelListScreen.kt	213	Catch-up is unavailable for this programme.	t.message ?: "Catch-up is unavailable for this programme.",
app/src/main/java/com/aeriotv/android/feature/channels/ChannelListScreen.kt	434	Search channels	placeholder = { Text("Search channels") },
app/src/main/java/com/aeriotv/android/feature/channels/ChannelListScreen.kt	444	Clear search	contentDescription = "Clear search",
app/src/main/java/com/aeriotv/android/feature/channels/ChannelListScreen.kt	511	Manage groups	"Manage groups"
app/src/main/java/com/aeriotv/android/feature/channels/ChannelListScreen.kt	513	Manage groups (${hiddenGroups.size} hidden)	"Manage groups (${hiddenGroups.size} hidden)",
app/src/main/java/com/aeriotv/android/feature/channels/ChannelListScreen.kt	848	Sort channels	contentDescription = "Sort channels",
app/src/main/java/com/aeriotv/android/feature/channels/ChannelListScreen.kt	854	Sort channels	contentDescription = "Sort channels",
app/src/main/java/com/aeriotv/android/feature/channels/ChannelListScreen.kt	864	Sort channels	contentDescription = "Sort channels",
app/src/main/java/com/aeriotv/android/feature/channels/ChannelListScreen.kt	1055	${channel.name} live recording	title = "${channel.name} live recording",
app/src/main/java/com/aeriotv/android/feature/channels/ChannelListScreen.kt	1072	Movies HD	// groupTitle ("Sports", "Movies HD", "Kids", "News" etc.) is passed as a
app/src/main/java/com/aeriotv/android/feature/channels/ChannelListScreen.kt	1246	Catch-up available	contentDescription = "Catch-up available",
app/src/main/java/com/aeriotv/android/feature/channels/ChannelListScreen.kt	1354	Expand schedule	contentDescription = if (isExpanded) "Collapse" else "Expand schedule",
app/src/main/java/com/aeriotv/android/feature/channels/ChannelListScreen.kt	1375	Add to Favorites	if (isFavorite) "Remove from Favorites" else "Add to Favorites",
app/src/main/java/com/aeriotv/android/feature/channels/ChannelListScreen.kt	1375	Remove from Favorites	if (isFavorite) "Remove from Favorites" else "Add to Favorites",
app/src/main/java/com/aeriotv/android/feature/channels/ChannelListScreen.kt	1383	Add to Collection…	TvMenuAction("Add to Collection…", Icons.Outlined.Folder) {
app/src/main/java/com/aeriotv/android/feature/channels/ChannelListScreen.kt	1392	Remove from ${active.name}	"Remove from ${active.name}",
app/src/main/java/com/aeriotv/android/feature/channels/ChannelListScreen.kt	1402	Remove from All Collections	"Remove from All Collections",
app/src/main/java/com/aeriotv/android/feature/channels/ChannelListScreen.kt	1411	Program Info	TvMenuAction("Program Info", Icons.Outlined.Info) {
app/src/main/java/com/aeriotv/android/feature/channels/ChannelListScreen.kt	1431	Record from Now	if (nowProgramme != null) "Record from Now" else "Record",
app/src/main/java/com/aeriotv/android/feature/channels/ChannelListScreen.kt	1453	Add to Favorites	if (isFavorite) "Remove from Favorites" else "Add to Favorites",
app/src/main/java/com/aeriotv/android/feature/channels/ChannelListScreen.kt	1453	Remove from Favorites	if (isFavorite) "Remove from Favorites" else "Add to Favorites",
app/src/main/java/com/aeriotv/android/feature/channels/ChannelListScreen.kt	1458	Add to Multiview	add(TvMenuAction(if (inMultiview) "Remove from Multiview" else "Add to Multiview", Icons.Outlined.GridView) { toggle() })
app/src/main/java/com/aeriotv/android/feature/channels/ChannelListScreen.kt	1458	Remove from Multiview	add(TvMenuAction(if (inMultiview) "Remove from Multiview" else "Add to Multiview", Icons.Outlined.GridView) { toggle() })
app/src/main/java/com/aeriotv/android/feature/channels/ChannelListScreen.kt	1461	Add Channel to Collection	add(TvMenuAction("Add Channel to Collection", Icons.Outlined.Folder) { cm.onOpenPicker(channel.id, channel.name, -1, 0L) })
app/src/main/java/com/aeriotv/android/feature/channels/ChannelListScreen.kt	1464	Remove from ${active.name}	add(TvMenuAction("Remove from ${active.name}", Icons.Outlined.Folder, destructive = true) { cm.onRemoveMember(active.id, channel.id) })
app/src/main/java/com/aeriotv/android/feature/channels/ChannelListScreen.kt	1466	Remove from All Collections	add(TvMenuAction("Remove from All Collections", Icons.Outlined.Folder, destructive = true) { cm.onRemoveFromAll(channel.id) })
app/src/main/java/com/aeriotv/android/feature/channels/ChannelListScreen.kt	1470	Program Info	add(TvMenuAction("Program Info", Icons.Outlined.Info) {
app/src/main/java/com/aeriotv/android/feature/channels/ChannelListScreen.kt	1475	Record from Now	add(TvMenuAction(if (nowProgramme != null) "Record from Now" else "Record", Icons.Outlined.FiberManualRecord) { recordFromMenu() })
app/src/main/java/com/aeriotv/android/feature/channels/ChannelListScreen.kt	1616	new messages	// "new messages" separator.
app/src/main/java/com/aeriotv/android/feature/channels/ChannelListScreen.kt	1643	Previously aired	text = "Previously aired",
app/src/main/java/com/aeriotv/android/feature/channels/ChannelListScreen.kt	1724	Catch-up available	contentDescription = "Catch-up available",
app/src/main/java/com/aeriotv/android/feature/channels/ChannelListScreen.kt	1796	Program Info	add(TvMenuAction("Program Info", Icons.Outlined.Info) { onTap() })
app/src/main/java/com/aeriotv/android/feature/channels/ChannelListScreen.kt	1799	Cancel Reminder	if (isReminderSet) "Cancel Reminder" else "Set Reminder",
app/src/main/java/com/aeriotv/android/feature/channels/ChannelListScreen.kt	1799	Set Reminder	if (isReminderSet) "Cancel Reminder" else "Set Reminder",
app/src/main/java/com/aeriotv/android/feature/channels/ChannelListScreen.kt	1804	Reminder cancelled.	Toast.makeText(context, "Reminder cancelled.", Toast.LENGTH_SHORT).show()
app/src/main/java/com/aeriotv/android/feature/channels/ChannelListScreen.kt	1813	Reminder set.	Toast.makeText(context, "Reminder set.", Toast.LENGTH_SHORT).show()
app/src/main/java/com/aeriotv/android/feature/collections/ChannelCollectionsUi.kt	71	New Collection	* "New Collection"; the new collection starts with the pressed channel
app/src/main/java/com/aeriotv/android/feature/collections/ChannelCollectionsUi.kt	79	New Collection	name = name.trim().ifEmpty { "New Collection" },
app/src/main/java/com/aeriotv/android/feature/collections/ChannelCollectionsUi.kt	102	Add to Collection	/** Add-or-remove the channel (the "Add to Collection" picker rows). */
app/src/main/java/com/aeriotv/android/feature/collections/ChannelCollectionsUi.kt	119	Remove from <name>	/** Remove the channel from one collection ("Remove from <name>"). */
app/src/main/java/com/aeriotv/android/feature/collections/ChannelCollectionsUi.kt	130	Remove from All Collections	/** Remove the channel from every collection ("Remove from All Collections"). */
app/src/main/java/com/aeriotv/android/feature/collections/ChannelCollectionsUi.kt	148	Remove from <name>	* channel is in X -> "Remove from <name>"; viewing NO collection and the
app/src/main/java/com/aeriotv/android/feature/collections/ChannelCollectionsUi.kt	149	Remove from All Collections	* channel is in at least one -> "Remove from All Collections"; viewing X but
app/src/main/java/com/aeriotv/android/feature/collections/ChannelCollectionsUi.kt	280	Move to Back	if (atEnd) "Move to Front" else "Move to Back",
app/src/main/java/com/aeriotv/android/feature/collections/ChannelCollectionsUi.kt	280	Move to Front	if (atEnd) "Move to Front" else "Move to Back",
app/src/main/java/com/aeriotv/android/feature/collections/ChannelCollectionsUi.kt	287	Delete Collection	TvMenuAction("Delete Collection", destructive = true) { onDelete() },
app/src/main/java/com/aeriotv/android/feature/collections/ChannelCollectionsUi.kt	300	Move to Back	text = { Text(if (atEnd) "Move to Front" else "Move to Back") },
app/src/main/java/com/aeriotv/android/feature/collections/ChannelCollectionsUi.kt	300	Move to Front	text = { Text(if (atEnd) "Move to Front" else "Move to Back") },
app/src/main/java/com/aeriotv/android/feature/collections/ChannelCollectionsUi.kt	310	Delete Collection	text = { Text("Delete Collection", color = MaterialTheme.colorScheme.error) },
app/src/main/java/com/aeriotv/android/feature/collections/ChannelCollectionsUi.kt	322	Add to Collection	* The "Add to Collection" picker + the chained "New Collection" name dialog
app/src/main/java/com/aeriotv/android/feature/collections/ChannelCollectionsUi.kt	322	New Collection	* The "Add to Collection" picker + the chained "New Collection" name dialog
app/src/main/java/com/aeriotv/android/feature/collections/ChannelCollectionsUi.kt	326	New Collection	* matching iOS -- it is not a persistent multi-select); "New Collection"
app/src/main/java/com/aeriotv/android/feature/collections/ChannelCollectionsUi.kt	345	New Collection…	// (activate = { onDismiss(); onClick() }), so a "New Collection…" click
app/src/main/java/com/aeriotv/android/feature/collections/ChannelCollectionsUi.kt	359	Add to Collection	title = "Add to Collection",
app/src/main/java/com/aeriotv/android/feature/collections/ChannelCollectionsUi.kt	365	✓ ${c.name}	TvMenuAction(if (member) "✓ ${c.name}" else c.name) {
app/src/main/java/com/aeriotv/android/feature/collections/ChannelCollectionsUi.kt	370	New Collection…	add(TvMenuAction("New Collection…") { naming = true })
app/src/main/java/com/aeriotv/android/feature/collections/ChannelCollectionsUi.kt	378	Add to Collection	title = { Text("Add to Collection") },
app/src/main/java/com/aeriotv/android/feature/collections/ChannelCollectionsUi.kt	402	New Collection…	text = "New Collection…",
app/src/main/java/com/aeriotv/android/feature/collections/ChannelCollectionsUi.kt	411	Cancel	TextButton(onClick = onClose) { Text("Cancel") }
app/src/main/java/com/aeriotv/android/feature/collections/ChannelCollectionsUi.kt	418	New Collection	title = { Text("New Collection") },
app/src/main/java/com/aeriotv/android/feature/collections/ChannelCollectionsUi.kt	422	Name the collection and choose where its pill appears 	"Name the collection and choose where its pill appears " +
app/src/main/java/com/aeriotv/android/feature/collections/ChannelCollectionsUi.kt	423	in the Live TV row.	"in the Live TV row.",
app/src/main/java/com/aeriotv/android/feature/collections/ChannelCollectionsUi.kt	429	Name	placeholder = { Text("Name") },
app/src/main/java/com/aeriotv/android/feature/collections/ChannelCollectionsUi.kt	443	Add at Beginning	) { Text("Add at Beginning") }
app/src/main/java/com/aeriotv/android/feature/collections/ChannelCollectionsUi.kt	449	Add at End	) { Text("Add at End") }
app/src/main/java/com/aeriotv/android/feature/collections/ChannelCollectionsUi.kt	452	Cancel	TextButton(onClick = onClose) { Text("Cancel") }
app/src/main/java/com/aeriotv/android/feature/dvr/DvrMediaTabContent.kt	105	Newest First	Newest("newest", "Newest First"), Oldest("oldest", "Oldest First"),
app/src/main/java/com/aeriotv/android/feature/dvr/DvrMediaTabContent.kt	105	Oldest First	Newest("newest", "Newest First"), Oldest("oldest", "Oldest First"),
app/src/main/java/com/aeriotv/android/feature/dvr/DvrMediaTabContent.kt	106	Channel	Title("title", "Title A to Z"), Channel("channel", "Channel");
app/src/main/java/com/aeriotv/android/feature/dvr/DvrMediaTabContent.kt	106	Title A to Z	Title("title", "Title A to Z"), Channel("channel", "Channel");
app/src/main/java/com/aeriotv/android/feature/dvr/DvrMediaTabContent.kt	106	channel	Title("title", "Title A to Z"), Channel("channel", "Channel");
app/src/main/java/com/aeriotv/android/feature/dvr/DvrMediaTabContent.kt	106	title	Title("title", "Title A to Z"), Channel("channel", "Channel");
app/src/main/java/com/aeriotv/android/feature/dvr/DvrMediaTabContent.kt	111	Kids	enum class DvrKind(val label: String) { Movies("Movies"), TVShows("TV Shows"), Sports("Sports"), News("News"), Kids("Kids"), Other("Other") }
app/src/main/java/com/aeriotv/android/feature/dvr/DvrMediaTabContent.kt	111	Movies	enum class DvrKind(val label: String) { Movies("Movies"), TVShows("TV Shows"), Sports("Sports"), News("News"), Kids("Kids"), Other("Other") }
app/src/main/java/com/aeriotv/android/feature/dvr/DvrMediaTabContent.kt	111	News	enum class DvrKind(val label: String) { Movies("Movies"), TVShows("TV Shows"), Sports("Sports"), News("News"), Kids("Kids"), Other("Other") }
app/src/main/java/com/aeriotv/android/feature/dvr/DvrMediaTabContent.kt	111	Other	enum class DvrKind(val label: String) { Movies("Movies"), TVShows("TV Shows"), Sports("Sports"), News("News"), Kids("Kids"), Other("Other") }
app/src/main/java/com/aeriotv/android/feature/dvr/DvrMediaTabContent.kt	111	Sports	enum class DvrKind(val label: String) { Movies("Movies"), TVShows("TV Shows"), Sports("Sports"), News("News"), Kids("Kids"), Other("Other") }
app/src/main/java/com/aeriotv/android/feature/dvr/DvrMediaTabContent.kt	111	TV Shows	enum class DvrKind(val label: String) { Movies("Movies"), TVShows("TV Shows"), Sports("Sports"), News("News"), Kids("Kids"), Other("Other") }
app/src/main/java/com/aeriotv/android/feature/dvr/DvrMediaTabContent.kt	177	\\p{Mn}+	val t = Normalizer.normalize(stripQualityPrefix(title), Normalizer.Form.NFD).replace(Regex("\\p{Mn}+"), "")
app/src/main/java/com/aeriotv/android/feature/dvr/DvrMediaTabContent.kt	213	title	val sortWire by settingsVm.dvrSortOrder.collectAsStateWithLifecycle(initialValue = "title")
app/src/main/java/com/aeriotv/android/feature/dvr/DvrMediaTabContent.kt	306	This recording is not playable yet.	?: toast("This recording is not playable yet.")
app/src/main/java/com/aeriotv/android/feature/dvr/DvrMediaTabContent.kt	308	This recording has no playable file yet.	else toast("This recording has no playable file yet.")
app/src/main/java/com/aeriotv/android/feature/dvr/DvrMediaTabContent.kt	325	Recording	channelName = channelName(rec), title = rec.title.ifBlank { "Recording" },
app/src/main/java/com/aeriotv/android/feature/dvr/DvrMediaTabContent.kt	336	This device	location = if (rec.source == DvrViewModel.Source.Local) "This device" else (playlistState.playlist?.name?.takeIf { it.isNotBlank() } ?: "Dispatcharr"),
app/src/main/java/com/aeriotv/android/feature/dvr/DvrMediaTabContent.kt	350	Program Info	add(com.aeriotv.android.core.tv.TvMenuAction("Program Info") { showInfo(rec) })
app/src/main/java/com/aeriotv/android/feature/dvr/DvrMediaTabContent.kt	354	Watch from Beginning	add(com.aeriotv.android.core.tv.TvMenuAction("Watch from Beginning") { playFromStart(rec) })
app/src/main/java/com/aeriotv/android/feature/dvr/DvrMediaTabContent.kt	356	Save failed: ${it.message}	add(com.aeriotv.android.core.tv.TvMenuAction("Save to Device") { scope.launch { viewModel.saveToDevice(rec).onFailure { toast("Save failed: ${it.message}") }.onSuccess { toast("Saving to device") } } })
app/src/main/java/com/aeriotv/android/feature/dvr/DvrMediaTabContent.kt	356	Save to Device	add(com.aeriotv.android.core.tv.TvMenuAction("Save to Device") { scope.launch { viewModel.saveToDevice(rec).onFailure { toast("Save failed: ${it.message}") }.onSuccess { toast("Saving to device") } } })
app/src/main/java/com/aeriotv/android/feature/dvr/DvrMediaTabContent.kt	356	Saving to device	add(com.aeriotv.android.core.tv.TvMenuAction("Save to Device") { scope.launch { viewModel.saveToDevice(rec).onFailure { toast("Save failed: ${it.message}") }.onSuccess { toast("Saving to device") } } })
app/src/main/java/com/aeriotv/android/feature/dvr/DvrMediaTabContent.kt	358	Comskip failed: ${it.message}	add(com.aeriotv.android.core.tv.TvMenuAction("Remove Commercials") { scope.launch { viewModel.applyComskip(rec).onFailure { toast("Comskip failed: ${it.message}") }.onSuccess { toast("Comskip started") } } })
app/src/main/java/com/aeriotv/android/feature/dvr/DvrMediaTabContent.kt	358	Comskip started	add(com.aeriotv.android.core.tv.TvMenuAction("Remove Commercials") { scope.launch { viewModel.applyComskip(rec).onFailure { toast("Comskip failed: ${it.message}") }.onSuccess { toast("Comskip started") } } })
app/src/main/java/com/aeriotv/android/feature/dvr/DvrMediaTabContent.kt	358	Remove Commercials	add(com.aeriotv.android.core.tv.TvMenuAction("Remove Commercials") { scope.launch { viewModel.applyComskip(rec).onFailure { toast("Comskip failed: ${it.message}") }.onSuccess { toast("Comskip started") } } })
app/src/main/java/com/aeriotv/android/feature/dvr/DvrMediaTabContent.kt	364	Start at Live	add(com.aeriotv.android.core.tv.TvMenuAction("Start at Live") { jumpToLive(rec) })
app/src/main/java/com/aeriotv/android/feature/dvr/DvrMediaTabContent.kt	365	Watch from Beginning	add(com.aeriotv.android.core.tv.TvMenuAction("Watch from Beginning") { playFromStart(rec) })
app/src/main/java/com/aeriotv/android/feature/dvr/DvrMediaTabContent.kt	368	Stop Recording	add(com.aeriotv.android.core.tv.TvMenuAction("Stop Recording") { scope.launch { viewModel.stopRecording(rec).onFailure { toast("Stop failed: ${it.message}") } } })
app/src/main/java/com/aeriotv/android/feature/dvr/DvrMediaTabContent.kt	368	Stop failed: ${it.message}	add(com.aeriotv.android.core.tv.TvMenuAction("Stop Recording") { scope.launch { viewModel.stopRecording(rec).onFailure { toast("Stop failed: ${it.message}") } } })
app/src/main/java/com/aeriotv/android/feature/dvr/DvrMediaTabContent.kt	372	Edit Recording	if (isServer && canManageDvr) add(com.aeriotv.android.core.tv.TvMenuAction("Edit Recording") { pendingEdit = rec })
app/src/main/java/com/aeriotv/android/feature/dvr/DvrMediaTabContent.kt	374	Cancel Recording	add(com.aeriotv.android.core.tv.TvMenuAction("Cancel Recording", destructive = true) { pendingDelete = rec })
app/src/main/java/com/aeriotv/android/feature/dvr/DvrMediaTabContent.kt	377	Delete from Device	// A local row's bytes are on this device: "Delete from Device"
app/src/main/java/com/aeriotv/android/feature/dvr/DvrMediaTabContent.kt	379	Delete from Device	add(com.aeriotv.android.core.tv.TvMenuAction(if (isServer) "Delete from Server" else "Delete from Device", destructive = true) { pendingDelete = rec })
app/src/main/java/com/aeriotv/android/feature/dvr/DvrMediaTabContent.kt	379	Delete from Server	add(com.aeriotv.android.core.tv.TvMenuAction(if (isServer) "Delete from Server" else "Delete from Device", destructive = true) { pendingDelete = rec })
app/src/main/java/com/aeriotv/android/feature/dvr/DvrMediaTabContent.kt	397	No Recordings	Text("No Recordings", fontSize = 18.sp, fontWeight = FontWeight.SemiBold, color = MaterialTheme.colorScheme.onBackground)
app/src/main/java/com/aeriotv/android/feature/dvr/DvrMediaTabContent.kt	399	Record a program from the guide or Live TV.	Text("Record a program from the guide or Live TV.", fontSize = 13.sp.subtext(), color = MaterialTheme.colorScheme.onSurfaceVariant)
app/src/main/java/com/aeriotv/android/feature/dvr/DvrMediaTabContent.kt	449	Continue Watching	if (continueWatching.isNotEmpty() && continueWatching.all { it.effectiveStatus(now) == DvrViewModel.Recording.Status.Recording }) "Recording Now" else "Continue Watching",
app/src/main/java/com/aeriotv/android/feature/dvr/DvrMediaTabContent.kt	449	Recording Now	if (continueWatching.isNotEmpty() && continueWatching.all { it.effectiveStatus(now) == DvrViewModel.Recording.Status.Recording }) "Recording Now" else "Continue Watching",
app/src/main/java/com/aeriotv/android/feature/dvr/DvrMediaTabContent.kt	452	Recently Recorded	PageDeck("Recently Recorded", if (recentRecordings.size > 1) recentRecordings else emptyList(), { it.id }, recentCard),
app/src/main/java/com/aeriotv/android/feature/dvr/DvrMediaTabContent.kt	467	All Recordings	headerTitle = if (isSearching) "Results" else "All Recordings",
app/src/main/java/com/aeriotv/android/feature/dvr/DvrMediaTabContent.kt	487	Search recordings	searchPlaceholder = "Search recordings",
app/src/main/java/com/aeriotv/android/feature/dvr/DvrMediaTabContent.kt	497	No Recordings	else Text("No Recordings", color = MaterialTheme.colorScheme.onSurfaceVariant)
app/src/main/java/com/aeriotv/android/feature/dvr/DvrMediaTabContent.kt	529	Invalid recording id.	if (id <= 0) { toast("Invalid recording id."); return@EditRecordingSheet }
app/src/main/java/com/aeriotv/android/feature/dvr/DvrMediaTabContent.kt	532	Recording updated.	.fold(onSuccess = { toast("Recording updated.") }, onFailure = { toast("Update failed: ${it.message ?: it::class.simpleName}") })
app/src/main/java/com/aeriotv/android/feature/dvr/DvrMediaTabContent.kt	532	Update failed: ${it.message ?: it::class.simpleName}	.fold(onSuccess = { toast("Recording updated.") }, onFailure = { toast("Update failed: ${it.message ?: it::class.simpleName}") })
app/src/main/java/com/aeriotv/android/feature/dvr/DvrMediaTabContent.kt	544	Cancel Recording	scheduledNow -> "Cancel Recording"
app/src/main/java/com/aeriotv/android/feature/dvr/DvrMediaTabContent.kt	545	Delete from Server	rec.source == DvrViewModel.Source.Server -> "Delete from Server"
app/src/main/java/com/aeriotv/android/feature/dvr/DvrMediaTabContent.kt	546	Delete from Device	else -> "Delete from Device"
app/src/main/java/com/aeriotv/android/feature/dvr/DvrMediaTabContent.kt	553	Cancel the scheduled recording of \"${rec.title}\"?	scheduledNow -> "Cancel the scheduled recording of \"${rec.title}\"?"
app/src/main/java/com/aeriotv/android/feature/dvr/DvrMediaTabContent.kt	555	Delete \"${rec.title}\" from the Dispatcharr server? This cannot be undone.	"Delete \"${rec.title}\" from the Dispatcharr server? This cannot be undone."
app/src/main/java/com/aeriotv/android/feature/dvr/DvrMediaTabContent.kt	556	Delete \"${rec.title}\" from this device? This cannot be undone.	else -> "Delete \"${rec.title}\" from this device? This cannot be undone."
app/src/main/java/com/aeriotv/android/feature/dvr/DvrMediaTabContent.kt	563	Delete failed: ${it.message}	scope.launch { viewModel.deleteRecording(target).onFailure { toast("Delete failed: ${it.message}") } }
app/src/main/java/com/aeriotv/android/feature/dvr/DvrMediaTabContent.kt	564	Cancel Recording	}) { Text(if (scheduledNow) "Cancel Recording" else "Delete", color = MaterialTheme.colorScheme.error) }
app/src/main/java/com/aeriotv/android/feature/dvr/DvrMediaTabContent.kt	564	Delete	}) { Text(if (scheduledNow) "Cancel Recording" else "Delete", color = MaterialTheme.colorScheme.error) }
app/src/main/java/com/aeriotv/android/feature/dvr/DvrMediaTabContent.kt	566	Keep	dismissButton = { TextButton(onClick = { pendingDelete = null }) { Text("Keep") } },
app/src/main/java/com/aeriotv/android/feature/dvr/DvrMediaTabContent.kt	608	REC	Text("REC", fontSize = 9.sp, fontWeight = FontWeight.Black, color = Color(0xFFFF4757))
app/src/main/java/com/aeriotv/android/feature/dvr/DvrMediaTabContent.kt	653	Recording now	Text("Recording now", fontSize = 11.sp, fontWeight = FontWeight.Bold, color = Color(0xFFFF4757))
app/src/main/java/com/aeriotv/android/feature/dvr/DvrMediaTabContent.kt	663	Watch from Start	HeroPill("Watch from Start", Icons.Filled.PlayArrow, primary = true, onPrimary)
app/src/main/java/com/aeriotv/android/feature/dvr/DvrMediaTabContent.kt	664	Jump to Live	HeroRound(Icons.Filled.Sensors, "Jump to Live", onSecondary)
app/src/main/java/com/aeriotv/android/feature/dvr/DvrMediaTabContent.kt	666	Stop Recording	if (canManage) HeroRound(Icons.Filled.Stop, "Stop Recording", onStop)
app/src/main/java/com/aeriotv/android/feature/dvr/DvrMediaTabContent.kt	669	Play from Beginning	if (progress > 0f) HeroRound(Icons.Filled.Replay, "Play from Beginning", onSecondary)
app/src/main/java/com/aeriotv/android/feature/dvr/DvrMediaTabContent.kt	765	Sep 5 1:36 AM to 2:00 AM	// tvOS DVRHero metaParts: channel, "Sep 5 1:36 AM to 2:00 AM", S/E or duration.
app/src/main/java/com/aeriotv/android/feature/dvr/DvrMediaTabContent.kt	771	Watch from Start	add(com.aeriotv.android.feature.movies.tv.TvHeroButton("Watch from Start", Icons.Filled.PlayArrow, primary = true, id = "Primary") { armHero(); onPlayFromStart(rec) })
app/src/main/java/com/aeriotv/android/feature/dvr/DvrMediaTabContent.kt	772	Jump to Live	add(com.aeriotv.android.feature.movies.tv.TvHeroButton("Jump to Live", Icons.Filled.Sensors, id = "JumpToLive") { armHero(); onJumpToLive(rec) })
app/src/main/java/com/aeriotv/android/feature/dvr/DvrMediaTabContent.kt	775	Stop Recording	add(com.aeriotv.android.feature.movies.tv.TvHeroButton("Stop Recording", Icons.Filled.Stop, id = "Stop") { onStop(rec) })
app/src/main/java/com/aeriotv/android/feature/dvr/DvrMediaTabContent.kt	779	Play from Beginning	if (progress > 0f) add(com.aeriotv.android.feature.movies.tv.TvHeroButton("Play from Beginning", Icons.Filled.Replay, id = "FromStart") { armHero(); onPlayFromStart(rec) })
app/src/main/java/com/aeriotv/android/feature/dvr/DvrMediaTabContent.kt	786	Recording	key = rec.id, title = rec.title.ifBlank { "Recording" }, artUrl = rec.backdropUrl ?: rec.posterUrl, logoUrl = channelLogo(rec),
app/src/main/java/com/aeriotv/android/feature/dvr/DvrMediaTabContent.kt	788	Continue watching	// The "Continue watching" label moved OFF the banner card and into the
app/src/main/java/com/aeriotv/android/feature/dvr/DvrMediaTabContent.kt	789	Recording now	// section header over the hero (Logan 2026-09-11); "Recording now"
app/src/main/java/com/aeriotv/android/feature/dvr/DvrMediaTabContent.kt	791	Recording now	eyebrow = if (recording) "Recording now" else null,
app/src/main/java/com/aeriotv/android/feature/dvr/DvrMediaTabContent.kt	809	Recording	title = rec.title.ifBlank { "Recording" }, meta = meta, artUrl = rec.backdropUrl ?: rec.posterUrl, logoUrl = channelLogo(rec),
app/src/main/java/com/aeriotv/android/feature/dvr/DvrMediaTabContent.kt	847	Recording Now	// (line 423): every hero page capturing now reads "Recording Now".
app/src/main/java/com/aeriotv/android/feature/dvr/DvrMediaTabContent.kt	851	Recording Now	heroRecs.all { it.effectiveStatus(now) == DvrViewModel.Recording.Status.Recording } -> "Recording Now"
app/src/main/java/com/aeriotv/android/feature/dvr/DvrMediaTabContent.kt	852	Continue Watching	else -> "Continue Watching"
app/src/main/java/com/aeriotv/android/feature/dvr/DvrMediaTabContent.kt	862	Recording Now	shelf("Recording Now", recordingNow) { onPlay(it) },
app/src/main/java/com/aeriotv/android/feature/dvr/DvrMediaTabContent.kt	864	Recent Recordings	shelf("Recent Recordings", if (recentRecordings.size > 1) recentRecordings else emptyList()) { onPlay(it) },
app/src/main/java/com/aeriotv/android/feature/dvr/DvrMediaTabContent.kt	866	All Recordings	headerTitle = if (isSearching) "Results" else "All Recordings",
app/src/main/java/com/aeriotv/android/feature/dvr/DvrMediaTabContent.kt	877	Search recordings	searchPlaceholder = "Search recordings",
app/src/main/java/com/aeriotv/android/feature/dvr/DvrMediaTabContent.kt	881	  \u2713	com.aeriotv.android.core.tv.TvMenuAction(if (o == sortOrder) o.label + "  \u2713" else o.label) { onSort(o) }
app/src/main/java/com/aeriotv/android/feature/dvr/DvrMediaTabContent.kt	898	No Recordings	else Text("No Recordings", color = MaterialTheme.colorScheme.onSurfaceVariant)
app/src/main/java/com/aeriotv/android/feature/dvr/DvrRecordingsCache.kt	40	v1|${p.id}|${p.urlString}|${p.username ?: 	"v1|${p.id}|${p.urlString}|${p.username ?: ""}|${p.apiKey?.hashCode() ?: 0}"
app/src/main/java/com/aeriotv/android/feature/dvr/DvrRecordingsCache.kt	40	}|${p.apiKey?.hashCode() ?: 0}	"v1|${p.id}|${p.urlString}|${p.username ?: ""}|${p.apiKey?.hashCode() ?: 0}"
app/src/main/java/com/aeriotv/android/feature/dvr/DvrRecordingsCache.kt	49	cache unreadable: ${it.message}	.onFailure { Log.w(TAG, "cache unreadable: ${it.message}") }
app/src/main/java/com/aeriotv/android/feature/dvr/DvrRecordingsCache.kt	67	cache save failed: ${it.message}	}.onFailure { Log.w(TAG, "cache save failed: ${it.message}") }
app/src/main/java/com/aeriotv/android/feature/dvr/DvrTabContent.kt	86	DVR tab	* DVR tab. Mirrors iOS MyRecordingsView (project_aeriotv_ios_canon.md "DVR tab"):
app/src/main/java/com/aeriotv/android/feature/dvr/DvrTabContent.kt	87	My Recordings	* "My Recordings" title, three filter chips with counts (Scheduled / Recording /
app/src/main/java/com/aeriotv/android/feature/dvr/DvrTabContent.kt	161	My Recordings	text = "My Recordings",
app/src/main/java/com/aeriotv/android/feature/dvr/DvrTabContent.kt	172	Needs Dispatcharr	// "Needs Dispatcharr" is about SERVER SCHEDULING only. On-device
app/src/main/java/com/aeriotv/android/feature/dvr/DvrTabContent.kt	184	DVR needs Dispatcharr	title = "DVR needs Dispatcharr",
app/src/main/java/com/aeriotv/android/feature/dvr/DvrTabContent.kt	185	Switch to a Dispatcharr playlist in Settings to schedule recordings.	body = "Switch to a Dispatcharr playlist in Settings to schedule recordings.",
app/src/main/java/com/aeriotv/android/feature/dvr/DvrTabContent.kt	202	Scheduled (${state.scheduledCount})	label = "Scheduled (${state.scheduledCount})",
app/src/main/java/com/aeriotv/android/feature/dvr/DvrTabContent.kt	209	Recording (${state.recordingCount})	label = "Recording (${state.recordingCount})",
app/src/main/java/com/aeriotv/android/feature/dvr/DvrTabContent.kt	216	Completed (${state.completedCount})	label = "Completed (${state.completedCount})",
app/src/main/java/com/aeriotv/android/feature/dvr/DvrTabContent.kt	259	Clear All	text = "Clear All",
app/src/main/java/com/aeriotv/android/feature/dvr/DvrTabContent.kt	271	Clear All	text = "Clear All",
app/src/main/java/com/aeriotv/android/feature/dvr/DvrTabContent.kt	288	Couldn't load recordings: $err	text = "Couldn't load recordings: $err",
app/src/main/java/com/aeriotv/android/feature/dvr/DvrTabContent.kt	301	Schedule a recording from the TV guide to get started.	"Schedule a recording from the TV guide to get started."
app/src/main/java/com/aeriotv/android/feature/dvr/DvrTabContent.kt	303	Nothing recording right now	"Nothing recording right now" to
app/src/main/java/com/aeriotv/android/feature/dvr/DvrTabContent.kt	304	Recordings in progress will show up here.	"Recordings in progress will show up here."
app/src/main/java/com/aeriotv/android/feature/dvr/DvrTabContent.kt	307	Finished recordings will show up here, ready to play.	"Finished recordings will show up here, ready to play."
app/src/main/java/com/aeriotv/android/feature/dvr/DvrTabContent.kt	373	This recording has no playable file yet.	"This recording has no playable file yet.",
app/src/main/java/com/aeriotv/android/feature/dvr/DvrTabContent.kt	388	Saving \"${rec.title}\" to device…	"Saving \"${rec.title}\" to device…",
app/src/main/java/com/aeriotv/android/feature/dvr/DvrTabContent.kt	395	Save to Device failed: ${t.message ?: t::class.simpleName}	"Save to Device failed: ${t.message ?: t::class.simpleName}",
app/src/main/java/com/aeriotv/android/feature/dvr/DvrTabContent.kt	408	Remove Commercials started.	"Remove Commercials started.",
app/src/main/java/com/aeriotv/android/feature/dvr/DvrTabContent.kt	415	Remove Commercials failed: ${t.message ?: t::class.simpleName}	"Remove Commercials failed: ${t.message ?: t::class.simpleName}",
app/src/main/java/com/aeriotv/android/feature/dvr/DvrTabContent.kt	428	Recording stopped.	"Recording stopped.",
app/src/main/java/com/aeriotv/android/feature/dvr/DvrTabContent.kt	435	Stop Recording failed: ${t.message ?: t::class.simpleName}	"Stop Recording failed: ${t.message ?: t::class.simpleName}",
app/src/main/java/com/aeriotv/android/feature/dvr/DvrTabContent.kt	455	Invalid recording id.	Toast.makeText(context, "Invalid recording id.", Toast.LENGTH_SHORT).show()
app/src/main/java/com/aeriotv/android/feature/dvr/DvrTabContent.kt	467	Recording updated.	Toast.makeText(context, "Recording updated.", Toast.LENGTH_SHORT).show()
app/src/main/java/com/aeriotv/android/feature/dvr/DvrTabContent.kt	472	Update failed: ${t.message ?: t::class.simpleName}	"Update failed: ${t.message ?: t::class.simpleName}",
app/src/main/java/com/aeriotv/android/feature/dvr/DvrTabContent.kt	485	Delete recording?	title = { Text("Delete recording?") },
app/src/main/java/com/aeriotv/android/feature/dvr/DvrTabContent.kt	488	This removes \"${rec.title}\" 	"This removes \"${rec.title}\" " +
app/src/main/java/com/aeriotv/android/feature/dvr/DvrTabContent.kt	492	from your Dispatcharr server. The file is gone after this.	"from your Dispatcharr server. The file is gone after this."
app/src/main/java/com/aeriotv/android/feature/dvr/DvrTabContent.kt	501	Recording deleted.	Toast.makeText(context, "Recording deleted.", Toast.LENGTH_SHORT).show()
app/src/main/java/com/aeriotv/android/feature/dvr/DvrTabContent.kt	506	Delete failed: ${t.message ?: t::class.simpleName}	"Delete failed: ${t.message ?: t::class.simpleName}",
app/src/main/java/com/aeriotv/android/feature/dvr/DvrTabContent.kt	512	Delete	}) { Text("Delete", color = MaterialTheme.colorScheme.error) }
app/src/main/java/com/aeriotv/android/feature/dvr/DvrTabContent.kt	515	Cancel	TextButton(onClick = { pendingDelete = null }) { Text("Cancel") }
app/src/main/java/com/aeriotv/android/feature/dvr/DvrTabContent.kt	526	Clear all completed?	title = { Text("Clear all completed?") },
app/src/main/java/com/aeriotv/android/feature/dvr/DvrTabContent.kt	530	This removes all ${state.completedCount} completed 	"This removes all ${state.completedCount} completed " +
app/src/main/java/com/aeriotv/android/feature/dvr/DvrTabContent.kt	531	recordings. Server-side recordings are deleted on 	"recordings. Server-side recordings are deleted on " +
app/src/main/java/com/aeriotv/android/feature/dvr/DvrTabContent.kt	532	your Dispatcharr server; local recordings have 	"your Dispatcharr server; local recordings have " +
app/src/main/java/com/aeriotv/android/feature/dvr/DvrTabContent.kt	533	their files removed from this device. This can't 	"their files removed from this device. This can't " +
app/src/main/java/com/aeriotv/android/feature/dvr/DvrTabContent.kt	536	This removes every completed recording saved on this 	"This removes every completed recording saved on this " +
app/src/main/java/com/aeriotv/android/feature/dvr/DvrTabContent.kt	537	device. Recordings on your Dispatcharr server are 	"device. Recordings on your Dispatcharr server are " +
app/src/main/java/com/aeriotv/android/feature/dvr/DvrTabContent.kt	538	left alone. This can't be undone.	"left alone. This can't be undone."
app/src/main/java/com/aeriotv/android/feature/dvr/DvrTabContent.kt	550	Deleted $n recordings.	"Deleted $n recordings.",
app/src/main/java/com/aeriotv/android/feature/dvr/DvrTabContent.kt	557	Clear All partially failed: ${t.message ?: t::class.simpleName}	"Clear All partially failed: ${t.message ?: t::class.simpleName}",
app/src/main/java/com/aeriotv/android/feature/dvr/DvrTabContent.kt	564	Delete All	Text("Delete All", color = MaterialTheme.colorScheme.error)
app/src/main/java/com/aeriotv/android/feature/dvr/DvrTabContent.kt	568	Cancel	TextButton(onClick = { pendingClearAll = false }) { Text("Cancel") }
app/src/main/java/com/aeriotv/android/feature/dvr/DvrTabContent.kt	702	${dateFmt.format(Date(rec.startMillis))} at 	val dateLabel = "${dateFmt.format(Date(rec.startMillis))} at " +
app/src/main/java/com/aeriotv/android/feature/dvr/DvrTabContent.kt	703	${timeFmt.format(Date(rec.startMillis))} – ${timeFmt.format(Date(rec.endMillis))}	"${timeFmt.format(Date(rec.startMillis))} – ${timeFmt.format(Date(rec.endMillis))}"
app/src/main/java/com/aeriotv/android/feature/dvr/DvrTabContent.kt	731	Start at Live	// deliberate "Start at Live" menu choice). Other rows no-op
app/src/main/java/com/aeriotv/android/feature/dvr/DvrTabContent.kt	810	Hold OK for options	text = "Hold OK for options",
app/src/main/java/com/aeriotv/android/feature/dvr/DvrTabContent.kt	849	Local	val label = if (isLocal) "Local" else "Server"
app/src/main/java/com/aeriotv/android/feature/dvr/DvrTabContent.kt	849	Server	val label = if (isLocal) "Local" else "Server"
app/src/main/java/com/aeriotv/android/feature/dvr/DvrTabContent.kt	918	Save to Device	add(TvMenuAction("Save to Device", Icons.Outlined.Download) { onSaveToDevice() })
app/src/main/java/com/aeriotv/android/feature/dvr/DvrTabContent.kt	921	Remove Commercials	add(TvMenuAction("Remove Commercials", Icons.Outlined.ContentCut) { onRemoveCommercials() })
app/src/main/java/com/aeriotv/android/feature/dvr/DvrTabContent.kt	933	Start at Live	add(TvMenuAction("Start at Live", Icons.Outlined.PlayArrow) { onWatchLive() })
app/src/main/java/com/aeriotv/android/feature/dvr/DvrTabContent.kt	934	Watch from Beginning	add(TvMenuAction("Watch from Beginning", Icons.Outlined.SkipPrevious) { onWatchFromBeginning() })
app/src/main/java/com/aeriotv/android/feature/dvr/DvrTabContent.kt	937	Stop Recording	if (canManage) add(TvMenuAction("Stop Recording", Icons.Outlined.Stop) { onStopRecording() })
app/src/main/java/com/aeriotv/android/feature/dvr/DvrTabContent.kt	944	Delete from Server	isServer -> "Delete from Server"
app/src/main/java/com/aeriotv/android/feature/dvr/DvrTabContent.kt	947	Delete from Device	else -> "Delete from Device"
app/src/main/java/com/aeriotv/android/feature/dvr/DvrViewModel.kt	105	Watch Live	* surfaces a "Watch Live" action when a server recording is
app/src/main/java/com/aeriotv/android/feature/dvr/DvrViewModel.kt	190	Scheduled (0)	* ("Scheduled (0)"). Bucketing by time: future = Scheduled, inside the
app/src/main/java/com/aeriotv/android/feature/dvr/DvrViewModel.kt	212	records to this device only	*  "records to this device only" hint. Resolved off activePlaylist() in
app/src/main/java/com/aeriotv/android/feature/dvr/DvrViewModel.kt	300	m:	val k = (if (isMovie) "m:" else "t:") + title.lowercase()
app/src/main/java/com/aeriotv/android/feature/dvr/DvrViewModel.kt	300	t:	val k = (if (isMovie) "m:" else "t:") + title.lowercase()
app/src/main/java/com/aeriotv/android/feature/dvr/DvrViewModel.kt	563	no server destination	// gates the "no server destination" hint; canRecordToServer is now
app/src/main/java/com/aeriotv/android/feature/dvr/DvrViewModel.kt	679	listRecordings failed	Log.w(TAG, "listRecordings failed", t)
app/src/main/java/com/aeriotv/android/feature/dvr/DvrViewModel.kt	719	Failed to delete $failures of ${targets.size}	throw IllegalStateException("Failed to delete $failures of ${targets.size}")
app/src/main/java/com/aeriotv/android/feature/dvr/DvrViewModel.kt	798	Invalid local recording id: ${recording.id}	?: throw IllegalStateException("Invalid local recording id: ${recording.id}")
app/src/main/java/com/aeriotv/android/feature/dvr/DvrViewModel.kt	813	Active source is not Dispatcharr-backed.	throw IllegalStateException("Active source is not Dispatcharr-backed.")
app/src/main/java/com/aeriotv/android/feature/dvr/DvrViewModel.kt	816	Invalid server recording id: ${recording.id}	?: throw IllegalStateException("Invalid server recording id: ${recording.id}")
app/src/main/java/com/aeriotv/android/feature/dvr/DvrViewModel.kt	852	Active source is not Dispatcharr-backed.	return Result.failure(IllegalStateException("Active source is not Dispatcharr-backed."))
app/src/main/java/com/aeriotv/android/feature/dvr/DvrViewModel.kt	883	Active source is not Dispatcharr-backed.	return Result.failure(IllegalStateException("Active source is not Dispatcharr-backed."))
app/src/main/java/com/aeriotv/android/feature/dvr/DvrViewModel.kt	901	Recording (N)	// "Recording (N)" pill + red row appear immediately, instead of
app/src/main/java/com/aeriotv/android/feature/dvr/DvrViewModel.kt	934	Active source is not Dispatcharr-backed.	return Result.failure(IllegalStateException("Active source is not Dispatcharr-backed."))
app/src/main/java/com/aeriotv/android/feature/dvr/DvrViewModel.kt	959	Remove Commercials	* recording. Mirrors iOS contextMenu "Remove Commercials" (MyRecordingsView
app/src/main/java/com/aeriotv/android/feature/dvr/DvrViewModel.kt	966	Remove Commercials is server-only.	return Result.failure(IllegalStateException("Remove Commercials is server-only."))
app/src/main/java/com/aeriotv/android/feature/dvr/DvrViewModel.kt	971	Active source is not Dispatcharr-backed.	return Result.failure(IllegalStateException("Active source is not Dispatcharr-backed."))
app/src/main/java/com/aeriotv/android/feature/dvr/DvrViewModel.kt	974	Invalid recording id.	?: return Result.failure(IllegalStateException("Invalid recording id."))
app/src/main/java/com/aeriotv/android/feature/dvr/DvrViewModel.kt	989	Stop Recording	* Mirrors iOS contextMenu "Stop Recording" (MyRecordingsView line 332-336).
app/src/main/java/com/aeriotv/android/feature/dvr/DvrViewModel.kt	993	Stop Recording is server-only.	return Result.failure(IllegalStateException("Stop Recording is server-only."))
app/src/main/java/com/aeriotv/android/feature/dvr/DvrViewModel.kt	998	Active source is not Dispatcharr-backed.	return Result.failure(IllegalStateException("Active source is not Dispatcharr-backed."))
app/src/main/java/com/aeriotv/android/feature/dvr/DvrViewModel.kt	1001	Invalid recording id.	?: return Result.failure(IllegalStateException("Invalid recording id."))
app/src/main/java/com/aeriotv/android/feature/dvr/DvrViewModel.kt	1021	Save to Device is for server recordings.	return Result.failure(IllegalStateException("Save to Device is for server recordings."))
app/src/main/java/com/aeriotv/android/feature/dvr/DvrViewModel.kt	1024	This recording has no file to download yet.	?: return Result.failure(IllegalStateException("This recording has no file to download yet."))
app/src/main/java/com/aeriotv/android/feature/dvr/DvrViewModel.kt	1028	Active source is not Dispatcharr-backed.	?: return Result.failure(IllegalStateException("Active source is not Dispatcharr-backed."))
app/src/main/java/com/aeriotv/android/feature/dvr/DvrViewModel.kt	1061	Recording N	* schedules arrive with a generic "Recording N" title and no description.
app/src/main/java/com/aeriotv/android/feature/dvr/DvrViewModel.kt	1075	Recording $rawId	val genericTitle = r.title.isBlank() || r.title == "Recording $rawId"
app/src/main/java/com/aeriotv/android/feature/dvr/DvrViewModel.kt	1099	Recording $rawId	val genericTitle = r.title.isBlank() || r.title == "Recording $rawId"
app/src/main/java/com/aeriotv/android/feature/dvr/DvrViewModel.kt	1206	retain pill after Completed	* is the load-bearing half of the "retain pill after Completed" fix: it
app/src/main/java/com/aeriotv/android/feature/dvr/DvrViewModel.kt	1293	Recording $id	title = title.ifBlank { "Recording $id" },
app/src/main/java/com/aeriotv/android/feature/dvr/DvrViewModel.kt	1306	sub_title	subTitle = str(program, "sub_title") ?: str(cp, "sub_title"),
app/src/main/java/com/aeriotv/android/feature/dvr/DvrViewModel.kt	1313	${w.toInt()}x${h.toInt()}	if (w != null && h != null && w > 0 && h > 0) "${w.toInt()}x${h.toInt()}" else null
app/src/main/java/com/aeriotv/android/feature/dvr/DvrViewModel.kt	1339	resolveRecordingUrl: rejected cross-origin file_url (host mismatch)	android.util.Log.w("DvrViewModel", "resolveRecordingUrl: rejected cross-origin file_url (host mismatch)")
app/src/main/java/com/aeriotv/android/feature/dvr/EditRecordingSheet.kt	81	Edit Recording	text = "Edit Recording",
app/src/main/java/com/aeriotv/android/feature/dvr/EditRecordingSheet.kt	90	Title	label = { Text("Title") },
app/src/main/java/com/aeriotv/android/feature/dvr/EditRecordingSheet.kt	101	Description	label = { Text("Description") },
app/src/main/java/com/aeriotv/android/feature/dvr/EditRecordingSheet.kt	108	Extra Pre-Roll	SectionHeader("Extra Pre-Roll")
app/src/main/java/com/aeriotv/android/feature/dvr/EditRecordingSheet.kt	111	Extra Post-Roll	SectionHeader("Extra Post-Roll")
app/src/main/java/com/aeriotv/android/feature/dvr/EditRecordingSheet.kt	124	Will record	text = "Will record",
app/src/main/java/com/aeriotv/android/feature/dvr/EditRecordingSheet.kt	129	${timeFmt.format(Date(newStart))} – ${timeFmt.format(Date(newEnd))}	text = "${timeFmt.format(Date(newStart))} – ${timeFmt.format(Date(newEnd))}",
app/src/main/java/com/aeriotv/android/feature/dvr/EditRecordingSheet.kt	141	Cancel	Text("Cancel", color = MaterialTheme.colorScheme.onSurfaceVariant)
app/src/main/java/com/aeriotv/android/feature/dvr/EditRecordingSheet.kt	174	+$mins min	val label = if (mins == 0) "No change" else "+$mins min"
app/src/main/java/com/aeriotv/android/feature/dvr/EditRecordingSheet.kt	174	No change	val label = if (mins == 0) "No change" else "+$mins min"
app/src/main/java/com/aeriotv/android/feature/dvr/LocalRecordingService.kt	47	Record from Now	* scoped down to "Record from Now" (iOS doesn't support scheduled local
app/src/main/java/com/aeriotv/android/feature/dvr/LocalRecordingService.kt	53	Recording <title>	*      "Recording <title>" notification.
app/src/main/java/com/aeriotv/android/feature/dvr/LocalRecordingService.kt	80	Keep device awake during recording	* the "Keep device awake during recording" DVR setting (default ON, iOS
app/src/main/java/com/aeriotv/android/feature/dvr/LocalRecordingService.kt	128	Recording	val title = intent.getStringExtra(EXTRA_TITLE) ?: "Recording"
app/src/main/java/com/aeriotv/android/feature/dvr/LocalRecordingService.kt	144	Recording	val title = intent.getStringExtra(EXTRA_TITLE) ?: "Recording"
app/src/main/java/com/aeriotv/android/feature/dvr/LocalRecordingService.kt	181	Recording…	val notif = buildNotification(title, "Recording…")
app/src/main/java/com/aeriotv/android/feature/dvr/LocalRecordingService.kt	186	Keep device awake during recording	// "Keep device awake during recording" toggle on. Bounded to
app/src/main/java/com/aeriotv/android/feature/dvr/LocalRecordingService.kt	200	Custom folder unwritable - falling back to app default	Log.w(TAG, "Custom folder unwritable - falling back to app default")
app/src/main/java/com/aeriotv/android/feature/dvr/LocalRecordingService.kt	203	App default folder unwritable - aborting	Log.w(TAG, "App default folder unwritable - aborting")
app/src/main/java/com/aeriotv/android/feature/dvr/LocalRecordingService.kt	209	Recording -> ${sink.displayPath} until ${Date(deadline)}	Log.i(TAG, "Recording -> ${sink.displayPath} until ${Date(deadline)}")
app/src/main/java/com/aeriotv/android/feature/dvr/LocalRecordingService.kt	216	ApiKey $apiKey	.header("Authorization", "ApiKey $apiKey")
app/src/main/java/com/aeriotv/android/feature/dvr/LocalRecordingService.kt	223	HTTP ${response.code} fetching $streamUrl	throw IllegalStateException("HTTP ${response.code} fetching $streamUrl")
app/src/main/java/com/aeriotv/android/feature/dvr/LocalRecordingService.kt	225	empty body	val body = response.body ?: throw IllegalStateException("empty body")
app/src/main/java/com/aeriotv/android/feature/dvr/LocalRecordingService.kt	240	Recording $status: $bytesWritten bytes	Log.i(TAG, "Recording $status: $bytesWritten bytes")
app/src/main/java/com/aeriotv/android/feature/dvr/LocalRecordingService.kt	242	Recording aborted	Log.w(TAG, "Recording aborted", t)
app/src/main/java/com/aeriotv/android/feature/dvr/LocalRecordingService.kt	263	Couldn't persist local recording row	}.onFailure { Log.w(TAG, "Couldn't persist local recording row", it) }
app/src/main/java/com/aeriotv/android/feature/dvr/LocalRecordingService.kt	277	Recording exceeded duration + 5s grace - force-stopping	Log.w(TAG, "Recording exceeded duration + 5s grace - force-stopping")
app/src/main/java/com/aeriotv/android/feature/dvr/LocalRecordingService.kt	313	Saving to device…	startForegroundCompat(buildNotification(title, "Saving to device…"))
app/src/main/java/com/aeriotv/android/feature/dvr/LocalRecordingService.kt	329	No writable folder for download - aborting	Log.w(TAG, "No writable folder for download - aborting")
app/src/main/java/com/aeriotv/android/feature/dvr/LocalRecordingService.kt	334	Save to Device -> ${sink.displayPath}	Log.i(TAG, "Save to Device -> ${sink.displayPath}")
app/src/main/java/com/aeriotv/android/feature/dvr/LocalRecordingService.kt	341	ApiKey $apiKey	.header("Authorization", "ApiKey $apiKey")
app/src/main/java/com/aeriotv/android/feature/dvr/LocalRecordingService.kt	348	empty body	val body = response.body ?: throw IllegalStateException("empty body")
app/src/main/java/com/aeriotv/android/feature/dvr/LocalRecordingService.kt	376	Save to Device $status: $bytesWritten bytes (declared len check applied)	Log.i(TAG, "Save to Device $status: $bytesWritten bytes (declared len check applied)")
app/src/main/java/com/aeriotv/android/feature/dvr/LocalRecordingService.kt	378	Save to Device aborted	Log.w(TAG, "Save to Device aborted", t)
app/src/main/java/com/aeriotv/android/feature/dvr/LocalRecordingService.kt	401	Couldn't persist downloaded recording	}.onFailure { Log.w(TAG, "Couldn't persist downloaded recording", it) }
app/src/main/java/com/aeriotv/android/feature/dvr/LocalRecordingService.kt	420	Save to device failed	.setContentText(if (success) "Saved to device" else "Save to device failed")
app/src/main/java/com/aeriotv/android/feature/dvr/LocalRecordingService.kt	420	Saved to device	.setContentText(if (success) "Saved to device" else "Save to device failed")
app/src/main/java/com/aeriotv/android/feature/dvr/LocalRecordingService.kt	442	WakeLock acquired (timeout=${timeoutMs}ms)	Log.i(TAG, "WakeLock acquired (timeout=${timeoutMs}ms)")
app/src/main/java/com/aeriotv/android/feature/dvr/LocalRecordingService.kt	449	WakeLock release failed	.onFailure { Log.w(TAG, "WakeLock release failed", it) }
app/src/main/java/com/aeriotv/android/feature/dvr/LocalRecordingService.kt	609	Local recordings	"Local recordings",
app/src/main/java/com/aeriotv/android/feature/dvr/LocalRecordingService.kt	612	Ongoing notification while AerioTV is recording a channel to local storage.	description = "Ongoing notification while AerioTV is recording a channel to local storage."
app/src/main/java/com/aeriotv/android/feature/dvr/LocalRecordingService.kt	699	title	const val EXTRA_TITLE = "title"
app/src/main/java/com/aeriotv/android/feature/favorites/FavoritesTabContent.kt	97	Add to Collection…	// Channel Collections (#45): iOS surfaces "Add to Collection…" +
app/src/main/java/com/aeriotv/android/feature/favorites/FavoritesTabContent.kt	98	Remove from All Collections	// "Remove from All Collections" on favorites rows too. Favorites is never
app/src/main/java/com/aeriotv/android/feature/favorites/FavoritesTabContent.kt	172	No Favorites	text = "No Favorites",
app/src/main/java/com/aeriotv/android/feature/favorites/FavoritesTabContent.kt	179	Long-press a channel in Live TV and tap Add to Favorites.	text = "Long-press a channel in Live TV and tap Add to Favorites.",
app/src/main/java/com/aeriotv/android/feature/favorites/FavoritesTabContent.kt	222	Drag to reorder	contentDescription = "Drag to reorder",
app/src/main/java/com/aeriotv/android/feature/favorites/FavoritesViewModel.kt	28	no favorites	*  tell "not loaded yet" from "no favorites" (no empty-state flash). Hot:
app/src/main/java/com/aeriotv/android/feature/favorites/FavoritesViewModel.kt	28	not loaded yet	*  tell "not loaded yet" from "no favorites" (no empty-state flash). Hot:
app/src/main/java/com/aeriotv/android/feature/livetv/ChannelNumberEntry.kt	130	No channel ${normalizeChannelNumber(entry)}	if (!onCommit(entry)) showMessage("No channel ${normalizeChannelNumber(entry)}")
app/src/main/java/com/aeriotv/android/feature/livetv/EmptyGroupNotice.kt	77	No Channels in This Group	text = if (isSearching) "No Matching Channels" else "No Channels in This Group",
app/src/main/java/com/aeriotv/android/feature/livetv/EmptyGroupNotice.kt	77	No Matching Channels	text = if (isSearching) "No Matching Channels" else "No Channels in This Group",
app/src/main/java/com/aeriotv/android/feature/livetv/EmptyGroupNotice.kt	89	This group has no channels yet. It fills in as soon as the provider assigns some.	"This group has no channels yet. It fills in as soon as the provider assigns some."
app/src/main/java/com/aeriotv/android/feature/livetv/EmptyGroupNotice.kt	139	Show All Channels	text = "Show All Channels",
app/src/main/java/com/aeriotv/android/feature/livetv/GroupSidebar.kt	178	Live TV	// header button and landed on "Live TV" - the button rendered, took no
app/src/main/java/com/aeriotv/android/feature/livetv/GroupSidebar.kt	363	Default group	if (trailingPin) Icon(Icons.Filled.PushPin, contentDescription = "Default group", tint = fg.copy(alpha = 0.7f), modifier = Modifier.size(7.dp))
app/src/main/java/com/aeriotv/android/feature/livetv/GroupSidebar.kt	451	focus preview -> ${groupSidebarLabel(focusedToken)}	android.util.Log.d(GroupSidebarLogTag, "focus preview -> ${groupSidebarLabel(focusedToken)}")
app/src/main/java/com/aeriotv/android/feature/livetv/GroupSidebar.kt	502	Auto | Football | N...	// (Logan 2026-09-13: names like "Auto | Football | N..." were truncated).
app/src/main/java/com/aeriotv/android/feature/livetv/GroupSidebar.kt	619	Manage Groups	contentDescription = if (hiddenGroupCount == 0) "Manage Groups"
app/src/main/java/com/aeriotv/android/feature/livetv/GroupSidebar.kt	620	Manage Groups ($hiddenGroupCount hidden)	else "Manage Groups ($hiddenGroupCount hidden)",
app/src/main/java/com/aeriotv/android/feature/livetv/GroupSidebar.kt	676	Default group	contentDescription = "Default group",
app/src/main/java/com/aeriotv/android/feature/livetv/GroupTokens.kt	6	All Channels	* GH #80: the "All Channels" pill can be hidden like any group. The hidden
app/src/main/java/com/aeriotv/android/feature/livetv/GroupTokens.kt	82	All Channels	token == PlaylistViewModel.ALL_GROUPS -> "All Channels"
app/src/main/java/com/aeriotv/android/feature/livetv/GroupTokens.kt	84	Recently Watched	token == PlaylistViewModel.RECENT_GROUP -> "Recently Watched"
app/src/main/java/com/aeriotv/android/feature/livetv/GroupTokens.kt	95	Default Group	* [defaultToken] is the user's "Default Group" setting, [lastUsedToken] the
app/src/main/java/com/aeriotv/android/feature/livetv/GuideJumpSheet.kt	43	Jump To	* Guide "Jump To" (Roman via Discord 2026-09-06; Apple parity with
app/src/main/java/com/aeriotv/android/feature/livetv/GuideJumpSheet.kt	65	Same Time	"Same Time" to -1, "Morning" to 7, "Afternoon" to 13,
app/src/main/java/com/aeriotv/android/feature/livetv/GuideJumpSheet.kt	66	Prime Time	"Evening" to 18, "Prime Time" to 20, "Late" to 23,
app/src/main/java/com/aeriotv/android/feature/livetv/GuideJumpSheet.kt	72	Sat, Sep 12	// "Today, Sep 10" / "Tomorrow, Sep 11" / "Sat, Sep 12" (Logan 2026-09-10:
app/src/main/java/com/aeriotv/android/feature/livetv/GuideJumpSheet.kt	72	Today, Sep 10	// "Today, Sep 10" / "Tomorrow, Sep 11" / "Sat, Sep 12" (Logan 2026-09-10:
app/src/main/java/com/aeriotv/android/feature/livetv/GuideJumpSheet.kt	72	Tomorrow, Sep 11	// "Today, Sep 10" / "Tomorrow, Sep 11" / "Sat, Sep 12" (Logan 2026-09-10:
app/src/main/java/com/aeriotv/android/feature/livetv/GuideJumpSheet.kt	107	Jump To	Text("Jump To", style = MaterialTheme.typography.titleLarge, fontWeight = FontWeight.SemiBold)
app/src/main/java/com/aeriotv/android/feature/livetv/GuideJumpSheet.kt	109	Day	Text("Day", style = MaterialTheme.typography.labelLarge, color = MaterialTheme.colorScheme.textAccent)
app/src/main/java/com/aeriotv/android/feature/livetv/GuideJumpSheet.kt	125	Time	Text("Time", style = MaterialTheme.typography.labelLarge, color = MaterialTheme.colorScheme.textAccent)
app/src/main/java/com/aeriotv/android/feature/livetv/GuideJumpSheet.kt	131	$label 	else -> "$label " + java.text.SimpleDateFormat("h a", Locale.getDefault())
app/src/main/java/com/aeriotv/android/feature/livetv/GuideJumpSheet.kt	131	h a	else -> "$label " + java.text.SimpleDateFormat("h a", Locale.getDefault())
app/src/main/java/com/aeriotv/android/feature/livetv/GuideJumpSheet.kt	147	Back to Now	OutlinedButton(onClick = { onBackToNow(); onDismiss() }) { Text("Back to Now") }
app/src/main/java/com/aeriotv/android/feature/livetv/GuideJumpSheet.kt	149	Go	Button(onClick = { onJump(target()); onDismiss() }) { Text("Go") }
app/src/main/java/com/aeriotv/android/feature/livetv/GuideJumpSheet.kt	176	Prime Time	listOf("Same Time" to -1, "Morning" to 7, "Afternoon" to 13, "Evening" to 18, "Prime Time" to 20, "Late" to 23)
app/src/main/java/com/aeriotv/android/feature/livetv/GuideJumpSheet.kt	176	Same Time	listOf("Same Time" to -1, "Morning" to 7, "Afternoon" to 13, "Evening" to 18, "Prime Time" to 20, "Late" to 23)
app/src/main/java/com/aeriotv/android/feature/livetv/GuideJumpSheet.kt	231	Jump To	Text("Jump To", fontSize = 19.sp, fontWeight = FontWeight.Bold, color = MaterialTheme.colorScheme.onBackground)
app/src/main/java/com/aeriotv/android/feature/livetv/GuideJumpSheet.kt	236	Time	Text("Time", fontSize = 12.sp, fontWeight = FontWeight.SemiBold, color = MaterialTheme.colorScheme.onSurfaceVariant)
app/src/main/java/com/aeriotv/android/feature/livetv/GuideJumpSheet.kt	250	Back to Now	com.aeriotv.android.ui.tv.TvPill("Back to Now", selected = false, onClick = { onBackToNow(); onDismiss() })
app/src/main/java/com/aeriotv/android/feature/livetv/GuideMemo.kt	7	why does every tab have to reload?	* Streamer (Logan 2026-09-03: "why does every tab have to reload?"). Keys
app/src/main/java/com/aeriotv/android/feature/livetv/LiveTVTabContent.kt	27	Default Live TV View	* The launch view is the persisted "Default Live TV View" choice (Settings ->
app/src/main/java/com/aeriotv/android/feature/livetv/LiveTVTabContent.kt	119	${jump.channelId}@${jump.startMillis}	val key = "${jump.channelId}@${jump.startMillis}"
app/src/main/java/com/aeriotv/android/feature/livetv/LiveTVTabContent.kt	127	Live TV List	// iOS canon scopes the "Live TV List" Display Scale slider to List mode
app/src/main/java/com/aeriotv/android/feature/livetv/LiveTvTopBar.kt	118	Manage groups	contentDescription = if (hiddenGroupsCount == 0) "Manage groups"
app/src/main/java/com/aeriotv/android/feature/livetv/LiveTvTopBar.kt	119	Manage groups ($hiddenGroupsCount hidden)	else "Manage groups ($hiddenGroupsCount hidden)",
app/src/main/java/com/aeriotv/android/feature/livetv/LiveTvTopBar.kt	149	$count channels kept live	contentDescription = "$count channels kept live",
app/src/main/java/com/aeriotv/android/feature/livetv/LiveTvTopBar.kt	157	Live TV	* Centered "Live TV" title bar whose trailing actions SHRINK on narrow
app/src/main/java/com/aeriotv/android/feature/livetv/LiveTvTopBar.kt	195	Live TV	text = "Live TV",
app/src/main/java/com/aeriotv/android/feature/livetv/LiveTvTopBar.kt	215	Live TV	text = "Live TV",
app/src/main/java/com/aeriotv/android/feature/livetv/LiveTvTopBar.kt	283	Manage groups	contentDescription = if (hiddenGroupsCount == 0) "Manage groups"
app/src/main/java/com/aeriotv/android/feature/livetv/LiveTvTopBar.kt	284	Manage groups ($hiddenGroupsCount hidden)	else "Manage groups ($hiddenGroupsCount hidden)",
app/src/main/java/com/aeriotv/android/feature/livetv/LiveTvTopBar.kt	384	Phone - Live TV	* Logan 2026-09-05 mockup "Phone - Live TV"). No title bar above it: the tab
app/src/main/java/com/aeriotv/android/feature/livetv/LiveTvTopBar.kt	445	Channel Groups	contentDescription = "Channel Groups",
app/src/main/java/com/aeriotv/android/feature/livetv/LiveTvTopBar.kt	449	All Cha	// split it in half and ellipsised "All Channels" at "All Cha").
app/src/main/java/com/aeriotv/android/feature/livetv/LiveTvTopBar.kt	449	All Channels	// split it in half and ellipsised "All Channels" at "All Cha").
app/src/main/java/com/aeriotv/android/feature/livetv/LiveTvTopBar.kt	473	Manage groups	contentDescription = if (hiddenGroupsCount == 0) "Manage groups"
app/src/main/java/com/aeriotv/android/feature/livetv/LiveTvTopBar.kt	474	Manage groups ($hiddenGroupsCount hidden)	else "Manage groups ($hiddenGroupsCount hidden)",
app/src/main/java/com/aeriotv/android/feature/livetv/LiveTvTopBar.kt	511	Hide options	contentDescription = if (actionsExpanded) "Hide options" else "More options",
app/src/main/java/com/aeriotv/android/feature/livetv/LiveTvTopBar.kt	511	More options	contentDescription = if (actionsExpanded) "Hide options" else "More options",
app/src/main/java/com/aeriotv/android/feature/livetv/LiveTvTopBar.kt	558	Close search	contentDescription = if (searchActive) "Close search" else "Search",
app/src/main/java/com/aeriotv/android/feature/livetv/LiveTvTopBar.kt	565	Sort: ${sortMode.label}	contentDescription = "Sort: ${sortMode.label}",
app/src/main/java/com/aeriotv/android/feature/livetv/LiveTvTopBar.kt	604	Show Guide	contentDescription = if (showingGuide) "Show List" else "Show Guide",
app/src/main/java/com/aeriotv/android/feature/livetv/LiveTvTopBar.kt	604	Show List	contentDescription = if (showingGuide) "Show List" else "Show Guide",
app/src/main/java/com/aeriotv/android/feature/livetv/ManageGroupsSheet.kt	141	All / None	* a scrollable checkbox list with "All / None" toggles in the header. Checked
app/src/main/java/com/aeriotv/android/feature/livetv/ManageGroupsSheet.kt	200	Manage Groups	text = "Manage Groups",
app/src/main/java/com/aeriotv/android/feature/livetv/ManageGroupsSheet.kt	210	Done	Text("Done", color = MaterialTheme.colorScheme.textAccent)
app/src/main/java/com/aeriotv/android/feature/livetv/ManageGroupsSheet.kt	246	Drag to reorder, check to show or hide.	text = if (manualReorder) "Drag to reorder, check to show or hide."
app/src/main/java/com/aeriotv/android/feature/livetv/ManageGroupsSheet.kt	247	Check groups to show, uncheck to hide.	else "Check groups to show, uncheck to hide.",
app/src/main/java/com/aeriotv/android/feature/livetv/ManageGroupsSheet.kt	253	All	Text("All", color = MaterialTheme.colorScheme.textAccent)
app/src/main/java/com/aeriotv/android/feature/livetv/ManageGroupsSheet.kt	261	None	Text("None", color = MaterialTheme.colorScheme.textAccent)
app/src/main/java/com/aeriotv/android/feature/livetv/ManageGroupsSheet.kt	295	All Channels	text = "All Channels",
app/src/main/java/com/aeriotv/android/feature/livetv/ManageGroupsSheet.kt	375	Drag to reorder	contentDescription = "Drag to reorder",
app/src/main/java/com/aeriotv/android/feature/livetv/ManageGroupsSheet.kt	436	Toggle groups on or off	* mirroring the tvOS guide's "Toggle groups on or off" popup. [onToggle] passes
app/src/main/java/com/aeriotv/android/feature/livetv/ManageGroupsSheet.kt	493	Hold OK on a group to move it, then use up and down. OK or Back to finish.	"Hold OK on a group to move it, then use up and down. OK or Back to finish."
app/src/main/java/com/aeriotv/android/feature/livetv/ManageGroupsSheet.kt	495	Toggle groups on or off to show or hide them.	"Toggle groups on or off to show or hide them."
app/src/main/java/com/aeriotv/android/feature/livetv/ManageGroupsSheet.kt	543	Sidebar layout	text = "Sidebar layout",
app/src/main/java/com/aeriotv/android/feature/livetv/ManageGroupsSheet.kt	548	Overlay	listOf("overlay" to "Overlay", "shift" to "Shift guide").forEach { (mode, label) ->
app/src/main/java/com/aeriotv/android/feature/livetv/ManageGroupsSheet.kt	548	Shift guide	listOf("overlay" to "Overlay", "shift" to "Shift guide").forEach { (mode, label) ->
app/src/main/java/com/aeriotv/android/feature/livetv/ManageGroupsSheet.kt	548	overlay	listOf("overlay" to "Overlay", "shift" to "Shift guide").forEach { (mode, label) ->
app/src/main/java/com/aeriotv/android/feature/livetv/ManageGroupsSheet.kt	548	shift	listOf("overlay" to "Overlay", "shift" to "Shift guide").forEach { (mode, label) ->
app/src/main/java/com/aeriotv/android/feature/livetv/ManageGroupsSheet.kt	579	Shift guide moves the TV Guide over so the sidebar never covers programs.	text = "Shift guide moves the TV Guide over so the sidebar never covers programs.",
app/src/main/java/com/aeriotv/android/feature/livetv/ManageGroupsSheet.kt	649	All Channels	text = "All Channels",
app/src/main/java/com/aeriotv/android/feature/livetv/ProgramInfoSheet.kt	278	Untitled	text = target.title.ifBlank { "Untitled" },
app/src/main/java/com/aeriotv/android/feature/livetv/ProgramInfoSheet.kt	308	${timeFormat.format(Date(target.startMillis))} \u2013 ${timeFormat.format(Date(target.endMillis))}	TvInfoColumn("Airs", "${timeFormat.format(Date(target.startMillis))} \u2013 ${timeFormat.format(Date(target.endMillis))}")
app/src/main/java/com/aeriotv/android/feature/livetv/ProgramInfoSheet.kt	322	 to 	TvInfoColumn(label, if (label == "Window") value.replace(" to ", " to\n") else value)
app/src/main/java/com/aeriotv/android/feature/livetv/ProgramInfoSheet.kt	322	 to\n	TvInfoColumn(label, if (label == "Window") value.replace(" to ", " to\n") else value)
app/src/main/java/com/aeriotv/android/feature/livetv/ProgramInfoSheet.kt	322	Window	TvInfoColumn(label, if (label == "Window") value.replace(" to ", " to\n") else value)
app/src/main/java/com/aeriotv/android/feature/livetv/ProgramInfoSheet.kt	334	No program description provided in XMLTV.	text = if (target.description.isBlank()) "No program description provided in XMLTV." else target.description,
app/src/main/java/com/aeriotv/android/feature/livetv/ProgramInfoSheet.kt	413	Somethi/ng	// single-word title into ugly mid-word breaks like "Somethi/ng").
app/src/main/java/com/aeriotv/android/feature/livetv/ProgramInfoSheet.kt	415	Untitled	text = target.title.ifBlank { "Untitled" },
app/src/main/java/com/aeriotv/android/feature/livetv/ProgramInfoSheet.kt	425	ON NOW	// "ON NOW" is a live-airing status, not one of the toggleable feed
app/src/main/java/com/aeriotv/android/feature/livetv/ProgramInfoSheet.kt	427	Show program badges	// "Show program badges" preference. Rendered UNDER the title in a
app/src/main/java/com/aeriotv/android/feature/livetv/ProgramInfoSheet.kt	517	No program description provided in XMLTV.	text = "No program description provided in XMLTV.",
app/src/main/java/com/aeriotv/android/feature/livetv/ProgramInfoSheet.kt	553	${timeFormat.format(Date(target.startMillis))} – ${timeFormat.format(Date(target.endMillis))}	val airs = "${timeFormat.format(Date(target.startMillis))} – ${timeFormat.format(Date(target.endMillis))}"
app/src/main/java/com/aeriotv/android/feature/livetv/ProgramInfoSheet.kt	558	Channel	InfoRow(label = "Channel", value = target.channelName, verticalPadding = rowPadding)
app/src/main/java/com/aeriotv/android/feature/livetv/ProgramInfoSheet.kt	559	Airs	InfoRow(label = "Airs", value = airs, verticalPadding = rowPadding)
app/src/main/java/com/aeriotv/android/feature/livetv/ProgramInfoSheet.kt	560	Date	InfoRow(label = "Date", value = date, verticalPadding = rowPadding)
app/src/main/java/com/aeriotv/android/feature/livetv/ProgramInfoSheet.kt	561	Duration	InfoRow(label = "Duration", value = duration, verticalPadding = rowPadding)
app/src/main/java/com/aeriotv/android/feature/livetv/ProgramInfoSheet.kt	563	Episode	InfoRow(label = "Episode", value = it, verticalPadding = rowPadding)
app/src/main/java/com/aeriotv/android/feature/livetv/ProgramInfoSheet.kt	622	$totalMinutes min	if (totalMinutes < 60) return "$totalMinutes min"
app/src/main/java/com/aeriotv/android/feature/livetv/RecordProgramSheet.kt	166	Local storage cap reached. Free space or raise the cap in Settings -> DVR.	"Local storage cap reached. Free space or raise the cap in Settings -> DVR.",
app/src/main/java/com/aeriotv/android/feature/livetv/RecordProgramSheet.kt	181	Couldn't locate stream URL for ${target.channelName}.	"Couldn't locate stream URL for ${target.channelName}.",
app/src/main/java/com/aeriotv/android/feature/livetv/RecordProgramSheet.kt	197	Recording started locally.	"Recording started locally.",
app/src/main/java/com/aeriotv/android/feature/livetv/RecordProgramSheet.kt	207	Recording requires a Dispatcharr playlist.	"Recording requires a Dispatcharr playlist.",
app/src/main/java/com/aeriotv/android/feature/livetv/RecordProgramSheet.kt	225	exact	titleMode = if (ruleMode == RuleMode.Custom) ruleTitleMode else "exact",
app/src/main/java/com/aeriotv/android/feature/livetv/RecordProgramSheet.kt	232	Rule saved: $n recording(s) scheduled	onSuccess = { n -> if (n >= 0) "Rule saved: $n recording(s) scheduled" else "Rule saved: ${target.title}" },
app/src/main/java/com/aeriotv/android/feature/livetv/RecordProgramSheet.kt	232	Rule saved: ${target.title}	onSuccess = { n -> if (n >= 0) "Rule saved: $n recording(s) scheduled" else "Rule saved: ${target.title}" },
app/src/main/java/com/aeriotv/android/feature/livetv/RecordProgramSheet.kt	233	Rule failed: ${t.message ?: t::class.simpleName}	onFailure = { t -> "Rule failed: ${t.message ?: t::class.simpleName}" },
app/src/main/java/com/aeriotv/android/feature/livetv/RecordProgramSheet.kt	254	Scheduled: ${target.title.ifBlank { 	onSuccess = { "Scheduled: ${target.title.ifBlank { "recording" }}" },
app/src/main/java/com/aeriotv/android/feature/livetv/RecordProgramSheet.kt	255	Schedule failed: ${t.message ?: t::class.simpleName}	onFailure = { t -> "Schedule failed: ${t.message ?: t::class.simpleName}" },
app/src/main/java/com/aeriotv/android/feature/livetv/RecordProgramSheet.kt	298	Cancel	Text("Cancel", color = MaterialTheme.colorScheme.onSurfaceVariant)
app/src/main/java/com/aeriotv/android/feature/livetv/RecordProgramSheet.kt	302	Record Program	text = if (isLive) "Record from Now" else "Record Program",
app/src/main/java/com/aeriotv/android/feature/livetv/RecordProgramSheet.kt	302	Record from Now	text = if (isLive) "Record from Now" else "Record Program",
app/src/main/java/com/aeriotv/android/feature/livetv/RecordProgramSheet.kt	315	Save Rule	usingRule -> "Save Rule"
app/src/main/java/com/aeriotv/android/feature/livetv/RecordProgramSheet.kt	328	Program	LabeledValue("Program", target.title.ifBlank { "Untitled" })
app/src/main/java/com/aeriotv/android/feature/livetv/RecordProgramSheet.kt	328	Untitled	LabeledValue("Program", target.title.ifBlank { "Untitled" })
app/src/main/java/com/aeriotv/android/feature/livetv/RecordProgramSheet.kt	359	Rule Options	SectionLabel("Rule Options")
app/src/main/java/com/aeriotv/android/feature/livetv/RecordProgramSheet.kt	361	Title match	Text("Title match", style = MaterialTheme.typography.bodySmall.subtext(), color = MaterialTheme.colorScheme.onSurfaceVariant)
app/src/main/java/com/aeriotv/android/feature/livetv/RecordProgramSheet.kt	376	Description contains (optional)	label = { Text("Description contains (optional)") },
app/src/main/java/com/aeriotv/android/feature/livetv/RecordProgramSheet.kt	398	Untagged episodes count as new	Text("Untagged episodes count as new", style = MaterialTheme.typography.bodyMedium, color = MaterialTheme.colorScheme.onBackground)
app/src/main/java/com/aeriotv/android/feature/livetv/RecordProgramSheet.kt	399	For guides that only tag repeats.	Text("For guides that only tag repeats.", style = MaterialTheme.typography.bodySmall.subtext(), color = MaterialTheme.colorScheme.onSurfaceVariant)
app/src/main/java/com/aeriotv/android/feature/livetv/RecordProgramSheet.kt	408	Match on every channel	Text("Match on every channel", style = MaterialTheme.typography.bodyMedium, color = MaterialTheme.colorScheme.onBackground)
app/src/main/java/com/aeriotv/android/feature/livetv/RecordProgramSheet.kt	409	Off records only on ${target.channelName}.	Text("Off records only on ${target.channelName}.", style = MaterialTheme.typography.bodySmall.subtext(), color = MaterialTheme.colorScheme.onSurfaceVariant)
app/src/main/java/com/aeriotv/android/feature/livetv/RecordProgramSheet.kt	418	Start Early	SectionLabel("Start Early")
app/src/main/java/com/aeriotv/android/feature/livetv/RecordProgramSheet.kt	422	Pre-roll unavailable (program already started).	text = "Pre-roll unavailable (program already started).",
app/src/main/java/com/aeriotv/android/feature/livetv/RecordProgramSheet.kt	439	End Late	SectionLabel("End Late")
app/src/main/java/com/aeriotv/android/feature/livetv/RecordProgramSheet.kt	464	Dispatcharr server	) { Text("Dispatcharr server") }
app/src/main/java/com/aeriotv/android/feature/livetv/RecordProgramSheet.kt	469	This device	) { Text("This device") }
app/src/main/java/com/aeriotv/android/feature/livetv/RecordProgramSheet.kt	476	Saving to this device	// "Saving to this device" hint.
app/src/main/java/com/aeriotv/android/feature/livetv/RecordProgramSheet.kt	492	Saving to this device	text = "Saving to this device",
app/src/main/java/com/aeriotv/android/feature/livetv/RecordProgramSheet.kt	498	Recording to the Dispatcharr server needs DVR manage access on your account. Contact your server administrator for more information.	text = "Recording to the Dispatcharr server needs DVR manage access on your account. Contact your server administrator for more information.",
app/src/main/java/com/aeriotv/android/feature/livetv/RecordProgramSheet.kt	516	Remove commercials (Comskip)	text = "Remove commercials (Comskip)",
app/src/main/java/com/aeriotv/android/feature/livetv/RecordProgramSheet.kt	522	Detect and remove ad breaks after recording. Processed server-side.	text = "Detect and remove ad breaks after recording. Processed server-side.",
app/src/main/java/com/aeriotv/android/feature/livetv/RecordProgramSheet.kt	546	Custom Buffer	// iOS parity (task #50): "Custom Buffer" stepper dialog, 1..120 minutes
app/src/main/java/com/aeriotv/android/feature/livetv/RecordProgramSheet.kt	561	Custom Buffer	title = { Text("Custom Buffer") },
app/src/main/java/com/aeriotv/android/feature/livetv/RecordProgramSheet.kt	575	${-customBufferDraft} min after start	"${-customBufferDraft} min after start"
app/src/main/java/com/aeriotv/android/feature/livetv/RecordProgramSheet.kt	576	$customBufferDraft minutes	else "$customBufferDraft minutes",
app/src/main/java/com/aeriotv/android/feature/livetv/RecordProgramSheet.kt	588	Step below zero to start the recording after the listed start time.	text = "Step below zero to start the recording after the listed start time.",
app/src/main/java/com/aeriotv/android/feature/livetv/RecordProgramSheet.kt	603	Set	}) { Text("Set") }
app/src/main/java/com/aeriotv/android/feature/livetv/RecordProgramSheet.kt	606	Cancel	TextButton(onClick = { customBufferTarget = null }) { Text("Cancel") }
app/src/main/java/com/aeriotv/android/feature/livetv/RecordProgramSheet.kt	672	Record Program	Text(if (isLive) "Record from Now" else "Record Program", fontSize = 19.sp, fontWeight = FontWeight.Bold, color = colors.onSurface)
app/src/main/java/com/aeriotv/android/feature/livetv/RecordProgramSheet.kt	672	Record from Now	Text(if (isLive) "Record from Now" else "Record Program", fontSize = 19.sp, fontWeight = FontWeight.Bold, color = colors.onSurface)
app/src/main/java/com/aeriotv/android/feature/livetv/RecordProgramSheet.kt	673	Untitled	Text(target.title.ifBlank { "Untitled" }, fontSize = 13.sp, fontWeight = FontWeight.SemiBold, color = colors.onSurface, maxLines = 2, overflow = androidx.compose.ui.text.style.TextOverflow.Ellipsis)
app/src/main/java/com/aeriotv/android/feature/livetv/RecordProgramSheet.kt	674	${target.channelName} · ${formatTimeRange(target)}	Text("${target.channelName} · ${formatTimeRange(target)}", fontSize = 11.sp.subtext(), color = colors.onSurfaceVariant)
app/src/main/java/com/aeriotv/android/feature/livetv/RecordProgramSheet.kt	685	Hide Options	SheetPill(if (showCustomRule) "Hide Options" else "Customize", selected = showCustomRule, onClick = { showCustomRule = !showCustomRule })
app/src/main/java/com/aeriotv/android/feature/livetv/RecordProgramSheet.kt	689	Title Match	Text("Title Match", fontSize = 10.sp, fontWeight = FontWeight.SemiBold, color = colors.onSurfaceVariant, modifier = Modifier.padding(start = 2.dp))
app/src/main/java/com/aeriotv/android/feature/livetv/RecordProgramSheet.kt	691	Contains	listOf("exact" to "Exact", "contains" to "Contains", "search" to "Search", "regex" to "Regex").forEach { (wire, label) ->
app/src/main/java/com/aeriotv/android/feature/livetv/RecordProgramSheet.kt	691	Exact	listOf("exact" to "Exact", "contains" to "Contains", "search" to "Search", "regex" to "Regex").forEach { (wire, label) ->
app/src/main/java/com/aeriotv/android/feature/livetv/RecordProgramSheet.kt	691	Search	listOf("exact" to "Exact", "contains" to "Contains", "search" to "Search", "regex" to "Regex").forEach { (wire, label) ->
app/src/main/java/com/aeriotv/android/feature/livetv/RecordProgramSheet.kt	691	contains	listOf("exact" to "Exact", "contains" to "Contains", "search" to "Search", "regex" to "Regex").forEach { (wire, label) ->
app/src/main/java/com/aeriotv/android/feature/livetv/RecordProgramSheet.kt	691	exact	listOf("exact" to "Exact", "contains" to "Contains", "search" to "Search", "regex" to "Regex").forEach { (wire, label) ->
app/src/main/java/com/aeriotv/android/feature/livetv/RecordProgramSheet.kt	691	search	listOf("exact" to "Exact", "contains" to "Contains", "search" to "Search", "regex" to "Regex").forEach { (wire, label) ->
app/src/main/java/com/aeriotv/android/feature/livetv/RecordProgramSheet.kt	697	Untagged Counts as New	SheetPill("Untagged Counts as New", selected = ruleUntaggedIsNew, onClick = { onRuleUntaggedIsNew(!ruleUntaggedIsNew) })
app/src/main/java/com/aeriotv/android/feature/livetv/RecordProgramSheet.kt	699	Every Channel	SheetPill("Every Channel", selected = ruleAllChannels, onClick = { onRuleAllChannels(!ruleAllChannels) })
app/src/main/java/com/aeriotv/android/feature/livetv/RecordProgramSheet.kt	705	Start Early	TvSectionTitle("Start Early")
app/src/main/java/com/aeriotv/android/feature/livetv/RecordProgramSheet.kt	709	End Late	TvSectionTitle("End Late")
app/src/main/java/com/aeriotv/android/feature/livetv/RecordProgramSheet.kt	715	Dispatcharr server	SheetPill("Dispatcharr server", selected = destinationServer, onClick = { onDestinationServer(true) })
app/src/main/java/com/aeriotv/android/feature/livetv/RecordProgramSheet.kt	716	This device	SheetPill("This device", selected = !destinationServer, onClick = { onDestinationServer(false) })
app/src/main/java/com/aeriotv/android/feature/livetv/RecordProgramSheet.kt	722	Remove Commercials (Comskip)	TvSectionTitle("Remove Commercials (Comskip)", dim = disabled)
app/src/main/java/com/aeriotv/android/feature/livetv/RecordProgramSheet.kt	729	Comskip runs server-side. Switch the destination to Dispatcharr server to enable.	if (disabled) "Comskip runs server-side. Switch the destination to Dispatcharr server to enable."
app/src/main/java/com/aeriotv/android/feature/livetv/RecordProgramSheet.kt	730	Server-side: detects and removes commercial breaks after the recording completes, when Comskip is configured on the Dispatcharr server.	else "Server-side: detects and removes commercial breaks after the recording completes, when Comskip is configured on the Dispatcharr server.",
app/src/main/java/com/aeriotv/android/feature/livetv/RecordProgramSheet.kt	736	Keep AerioTV open. Closing the app will stop this recording.	TvNoteBox("Keep AerioTV open. Closing the app will stop this recording.")
app/src/main/java/com/aeriotv/android/feature/livetv/RecordProgramSheet.kt	739	Recording requires DVR access on Dispatcharr	TvNoteBox("Recording requires DVR access on Dispatcharr", "Scheduling a recording on the Dispatcharr server needs DVR manage access on your account. Your account can watch and record live programs to this device, but not schedule server recordings. Contact your server administrator for more information, or wait until the program is airing to record it on this device.")
app/src/main/java/com/aeriotv/android/feature/livetv/RecordProgramSheet.kt	739	Scheduling a recording on the Dispatcharr server needs DVR manage access on your account. Your account can watch and record live programs to this device, but not schedule server recordings. Contact your server administrator for more information, or wait until the program is airing to record it on this device.	TvNoteBox("Recording requires DVR access on Dispatcharr", "Scheduling a recording on the Dispatcharr server needs DVR manage access on your account. Your account can watch and record live programs to this device, but not schedule server recordings. Contact your server administrator for more information, or wait until the program is airing to record it on this device.")
app/src/main/java/com/aeriotv/android/feature/livetv/RecordProgramSheet.kt	749	Record	label = when { submitting -> "Scheduling…"; usingRule -> "Save Rule"; else -> "Record" },
app/src/main/java/com/aeriotv/android/feature/livetv/RecordProgramSheet.kt	749	Save Rule	label = when { submitting -> "Scheduling…"; usingRule -> "Save Rule"; else -> "Record" },
app/src/main/java/com/aeriotv/android/feature/livetv/RecordProgramSheet.kt	749	Scheduling…	label = when { submitting -> "Scheduling…"; usingRule -> "Save Rule"; else -> "Record" },
app/src/main/java/com/aeriotv/android/feature/livetv/RecordProgramSheet.kt	800	$m min	options.forEach { m -> SheetPill(if (m == 0) "None" else "$m min", selected = selected == m, onClick = { onSelect(m) }) }
app/src/main/java/com/aeriotv/android/feature/livetv/RecordProgramSheet.kt	803	Custom (${-selected} min after start)	custom && selected < 0 -> "Custom (${-selected} min after start)"
app/src/main/java/com/aeriotv/android/feature/livetv/RecordProgramSheet.kt	804	Custom ($selected min)	custom -> "Custom ($selected min)"
app/src/main/java/com/aeriotv/android/feature/livetv/RecordProgramSheet.kt	844	Records 12:00 PM to 3:35 PM · 3 h 35 min	/** "Records 12:00 PM to 3:35 PM · 3 h 35 min" (tvOS recordingWindowSummary). */
app/src/main/java/com/aeriotv/android/feature/livetv/RecordProgramSheet.kt	851	Records ${f.format(Date(start))} to ${f.format(Date(end))} · $length	return "Records ${f.format(Date(start))} to ${f.format(Date(end))} · $length"
app/src/main/java/com/aeriotv/android/feature/livetv/RecordProgramSheet.kt	855	Every episode of	val what = if (mode == RuleMode.NewOnly) "New episodes of" else "Every episode of"
app/src/main/java/com/aeriotv/android/feature/livetv/RecordProgramSheet.kt	855	New episodes of	val what = if (mode == RuleMode.NewOnly) "New episodes of" else "Every episode of"
app/src/main/java/com/aeriotv/android/feature/livetv/RecordProgramSheet.kt	856	on ${target.channelName}	val scope = if (allChannels) "on any channel" else "on ${target.channelName}"
app/src/main/java/com/aeriotv/android/feature/livetv/RecordProgramSheet.kt	857	$what \"${target.title}\" $scope, scheduled by the Dispatcharr server	return "$what \"${target.title}\" $scope, scheduled by the Dispatcharr server"
app/src/main/java/com/aeriotv/android/feature/livetv/RecordProgramSheet.kt	913	$mins min	val label = if (mins == 0) "None" else "$mins min"
app/src/main/java/com/aeriotv/android/feature/livetv/RecordProgramSheet.kt	913	None	val label = if (mins == 0) "None" else "$mins min"
app/src/main/java/com/aeriotv/android/feature/livetv/RecordProgramSheet.kt	958	Custom (${-selected} min after start)	isCustomSelected && selected < 0 -> "Custom (${-selected} min after start)"
app/src/main/java/com/aeriotv/android/feature/livetv/RecordProgramSheet.kt	959	Custom ($selected min)	isCustomSelected -> "Custom ($selected min)"
app/src/main/java/com/aeriotv/android/feature/livetv/RecordProgramSheet.kt	972	${dateFormat.format(Date(target.startMillis))} at 	return "${dateFormat.format(Date(target.startMillis))} at " +
app/src/main/java/com/aeriotv/android/feature/livetv/RecordProgramSheet.kt	973	${timeFormat.format(Date(target.startMillis))} – 	"${timeFormat.format(Date(target.startMillis))} – " +
app/src/main/java/com/aeriotv/android/feature/livetv/RecordProgramSheet.kt	982	Just this one	Once("Just this one", "Record this airing only."),
app/src/main/java/com/aeriotv/android/feature/livetv/RecordProgramSheet.kt	982	Record this airing only.	Once("Just this one", "Record this airing only."),
app/src/main/java/com/aeriotv/android/feature/livetv/RecordProgramSheet.kt	983	A series rule on the server records every airing of this title.	All("Every episode", "A series rule on the server records every airing of this title."),
app/src/main/java/com/aeriotv/android/feature/livetv/RecordProgramSheet.kt	983	Every episode	All("Every episode", "A series rule on the server records every airing of this title."),
app/src/main/java/com/aeriotv/android/feature/livetv/RecordProgramSheet.kt	984	New episodes only	NewOnly("New episodes only", "Skips airings the guide marks as repeats."),
app/src/main/java/com/aeriotv/android/feature/livetv/RecordProgramSheet.kt	984	Skips airings the guide marks as repeats.	NewOnly("New episodes only", "Skips airings the guide marks as repeats."),
app/src/main/java/com/aeriotv/android/feature/livetv/RecordProgramSheet.kt	985	Choose how the title and description are matched.	Custom("Customize rule", "Choose how the title and description are matched."),
app/src/main/java/com/aeriotv/android/feature/livetv/RecordProgramSheet.kt	985	Customize rule	Custom("Customize rule", "Choose how the title and description are matched."),
app/src/main/java/com/aeriotv/android/feature/livetv/RetainedChannelsIndicator.kt	61	${retained.size} channels kept live	contentDescription = "${retained.size} channels kept live",
app/src/main/java/com/aeriotv/android/feature/livetv/RetainedChannelsIndicator.kt	87	Watch ${ch.channelName}	label = "Watch ${ch.channelName}",
app/src/main/java/com/aeriotv/android/feature/livetv/RetainedChannelsIndicator.kt	93	Stop ${ch.channelName}	label = "Stop ${ch.channelName}",
app/src/main/java/com/aeriotv/android/feature/livetv/RetainedChannelsIndicator.kt	102	Stop All	label = "Stop All",
app/src/main/java/com/aeriotv/android/feature/livetv/RetainedChannelsIndicator.kt	110	Kept Live	title = "Kept Live",
app/src/main/java/com/aeriotv/android/feature/livetv/grid/GuideGrid.kt	97	Guide grid renderer	* The rebuilt guide grid (design doc "Guide grid renderer"). One focus owner
app/src/main/java/com/aeriotv/android/feature/livetv/grid/GuideGrid.kt	292	grid-top-row->onLeaveTop	if (onLeaveTop()) { traceBy = "grid-top-row->onLeaveTop"; return@handler true }
app/src/main/java/com/aeriotv/android/feature/livetv/grid/GuideGrid.kt	293	grid-top-row->topNav	traceBy = "grid-top-row->topNav"
app/src/main/java/com/aeriotv/android/feature/livetv/grid/GuideGrid.kt	328	right gate: action=$action row=${state.focusRow} cellStart=${state.focusCellStartMs} lastCell=$last -> ${if (last) 	android.util.Log.d("GuideGrid", "right gate: action=$action row=${state.focusRow} cellStart=${state.focusCellStartMs} lastCell=$last -> ${if (last) "fire" else "step"}")
app/src/main/java/com/aeriotv/android/feature/livetv/grid/GuideGrid.kt	361	left gate: action=$action row=${state.focusRow} cellStart=${state.focusCellStartMs} now=$nowMs viewportStart=${state.viewportStartMs} airingNow=$airingNow atLive=$atLive -> ${if (fire) 	android.util.Log.d("GuideGrid", "left gate: action=$action row=${state.focusRow} cellStart=${state.focusCellStartMs} now=$nowMs viewportStart=${state.viewportStartMs} airingNow=$airingNow atLive=$atLive -> ${if (fire) "fire" else "step"}")
app/src/main/java/com/aeriotv/android/feature/livetv/grid/GuideGrid.kt	415	Down	val vertical = if (name == "Up" || name == "Down") {
app/src/main/java/com/aeriotv/android/feature/livetv/grid/GuideGrid.kt	415	Up	val vertical = if (name == "Up" || name == "Down") {
app/src/main/java/com/aeriotv/android/feature/livetv/grid/GuideGrid.kt	416	Up	val delta = if (name == "Up") -1 else 1
app/src/main/java/com/aeriotv/android/feature/livetv/grid/GuideGrid.kt	427	 target=r$target rows=${state.rows.size} firstVisible=${listState.firstVisibleItemIndex}/${listState.firstVisibleItemScrollOffset}	" target=r$target rows=${state.rows.size} firstVisible=${listState.firstVisibleItemIndex}/${listState.firstVisibleItemScrollOffset}" +
app/src/main/java/com/aeriotv/android/feature/livetv/grid/GuideGrid.kt	428	 visible=${listState.layoutInfo.visibleItemsInfo.size} scrollInProgress=$scrolling	" visible=${listState.layoutInfo.visibleItemsInfo.size} scrollInProgress=$scrolling" +
app/src/main/java/com/aeriotv/android/feature/livetv/grid/GuideGrid.kt	433	$traceBy repeat=$repeat gridFocused=$gridFocused focusEnabled=$focusEnabled clock=$clockBefore->$clockSelected	"$traceBy repeat=$repeat gridFocused=$gridFocused focusEnabled=$focusEnabled clock=$clockBefore->$clockSelected" +
app/src/main/java/com/aeriotv/android/feature/livetv/grid/GuideGrid.kt	434	 cell=$before -> ${guideTraceCell(state)}$vertical	" cell=$before -> ${guideTraceCell(state)}$vertical" +
app/src/main/java/com/aeriotv/android/feature/livetv/grid/GuideGrid.kt	435	 viewportStart=${state.viewportStartMs} drawStart=${state.drawViewportStartMs} ${traceGates()}	" viewportStart=${state.viewportStartMs} drawStart=${state.drawViewportStartMs} ${traceGates()}",
app/src/main/java/com/aeriotv/android/feature/livetv/grid/GuideGrid.kt	469	grid:r${state.focusRow}	TvFocusTrace.focus("grid:r${state.focusRow}")
app/src/main/java/com/aeriotv/android/feature/livetv/grid/GuideGrid.kt	470	grid focus gained cell=${guideTraceCell(state)} focusEnabled=$focusEnabled ${traceGates()}	TvFocusTrace.guide("grid focus gained cell=${guideTraceCell(state)} focusEnabled=$focusEnabled ${traceGates()}")
app/src/main/java/com/aeriotv/android/feature/livetv/grid/GuideGrid.kt	472	grid focus lost cell=${guideTraceCell(state)} focusEnabled=$focusEnabled hasFocus=${it.hasFocus} ${traceGates()}	TvFocusTrace.guide("grid focus lost cell=${guideTraceCell(state)} focusEnabled=$focusEnabled hasFocus=${it.hasFocus} ${traceGates()}")
app/src/main/java/com/aeriotv/android/feature/livetv/grid/GuideGrid.kt	473	grid:r${state.focusRow}	TvFocusTrace.blurred("grid:r${state.focusRow}")
app/src/main/java/com/aeriotv/android/feature/livetv/grid/GuideGrid.kt	668	Rounded corners in Guide view	// Appearance > "Rounded corners in Guide view" (default OFF). The rail is
app/src/main/java/com/aeriotv/android/feature/livetv/grid/GuideGrid.kt	1182	GuideLogoCache not provided	val LocalLogoCache = staticCompositionLocalOf<GuideLogoCache> { error("GuideLogoCache not provided") }
app/src/main/java/com/aeriotv/android/feature/livetv/grid/GuideGrid.kt	1204	r<row> <channel> @<programStart>	/** "r<row> <channel> @<programStart>" for the trace. */
app/src/main/java/com/aeriotv/android/feature/livetv/grid/GuideGrid.kt	1208	r$row ${state.rows.channel(row).name} @${state.focusCellStartMs}	return "r$row ${state.rows.channel(row).name} @${state.focusCellStartMs}"
app/src/main/java/com/aeriotv/android/feature/livetv/grid/GuidePreviewBanner.kt	68	Channel Preview	* Live TV layout "Channel Preview" (tvOS GuidePreviewBanner, Logan
app/src/main/java/com/aeriotv/android/feature/livetv/grid/GuidePreviewBanner.kt	123	pid:$it	val key = dispatcharrProgramId?.let { "pid:$it" } ?: ("t:" + cleanPreviewTitle(title))
app/src/main/java/com/aeriotv/android/feature/livetv/grid/GuidePreviewBanner.kt	123	t:	val key = dispatcharrProgramId?.let { "pid:$it" } ?: ("t:" + cleanPreviewTitle(title))
app/src/main/java/com/aeriotv/android/feature/livetv/grid/GuidePreviewBanner.kt	147	pid:$it	val artKey = program?.let { p -> p.dispatcharrProgramId?.let { "pid:$it" } ?: ("t:" + cleanPreviewTitle(p.title)) }
app/src/main/java/com/aeriotv/android/feature/livetv/grid/GuidePreviewBanner.kt	147	t:	val artKey = program?.let { p -> p.dispatcharrProgramId?.let { "pid:$it" } ?: ("t:" + cleanPreviewTitle(p.title)) }
app/src/main/java/com/aeriotv/android/feature/livetv/grid/GuidePreviewBanner.kt	201	Tomorrow at 21:00 - Villarreal v Real Betis	// Sports events ("Tomorrow at 21:00 - Villarreal v Real Betis") match
app/src/main/java/com/aeriotv/android/feature/livetv/grid/GuidePreviewBanner.kt	219	Rounded corners in Guide view	// Appearance > "Rounded corners in Guide view" (default OFF).
app/src/main/java/com/aeriotv/android/feature/livetv/grid/GuidePreviewBanner.kt	243	Rounded corners in Guide view	// "Rounded corners in Guide view", at the SAME radius as the guide
app/src/main/java/com/aeriotv/android/feature/livetv/grid/GuidePreviewBanner.kt	275	Select a program	Text("Select a program", fontSize = 13.sp.subtext(), fontWeight = FontWeight.Medium, color = colors.tertiary)
app/src/main/java/com/aeriotv/android/feature/livetv/grid/GuidePreviewBanner.kt	307	$left min left	Text(if (left >= 60) "${left / 60} h ${left % 60} min left" else "$left min left", fontSize = 10.sp.subtext(), fontWeight = FontWeight.Medium, color = colors.onSurfaceVariant)
app/src/main/java/com/aeriotv/android/feature/livetv/grid/GuideScreen.kt	126	New guide renderer	* Host for the rebuilt guide (developer toggle "New guide renderer"). Same
app/src/main/java/com/aeriotv/android/feature/livetv/grid/GuideScreen.kt	247	Live TV Layout	// Channel Preview (tvOS "Live TV Layout", Logan 2026-09-05): a banner
app/src/main/java/com/aeriotv/android/feature/livetv/grid/GuideScreen.kt	354	Guide Window	// "Guide Window" preference no longer shapes the timeline.
app/src/main/java/com/aeriotv/android/feature/livetv/grid/GuideScreen.kt	524	gates[tabActive=$tabActive gridHasFocus=$gridHasFocus	"gates[tabActive=$tabActive gridHasFocus=$gridHasFocus" +
app/src/main/java/com/aeriotv/android/feature/livetv/grid/GuideScreen.kt	525	 sidebarOpen=$groupSidebarOpen sidebarMode=$sidebarGroupMode layout=${if (sidebarShiftMode) 	" sidebarOpen=$groupSidebarOpen sidebarMode=$sidebarGroupMode layout=${if (sidebarShiftMode) "shift" else "overlay"}" +
app/src/main/java/com/aeriotv/android/feature/livetv/grid/GuideScreen.kt	526	 gridFocusEnabled=${!(sidebarShiftMode && groupSidebarOpen && !gridHasFocus)}	" gridFocusEnabled=${!(sidebarShiftMode && groupSidebarOpen && !gridHasFocus)}" +
app/src/main/java/com/aeriotv/android/feature/livetv/grid/GuideScreen.kt	527	 manageGroups=$showManageGroups menu=${menuFor != null} info=${programInfoTarget != null} record=${recordTarget != null}	" manageGroups=$showManageGroups menu=${menuFor != null} info=${programInfoTarget != null} record=${recordTarget != null}" +
app/src/main/java/com/aeriotv/android/feature/livetv/grid/GuideScreen.kt	528	 jump=$showJumpSheet collectionPicker=${collectionPickerFor != null} search=$searchActive	" jump=$showJumpSheet collectionPicker=${collectionPickerFor != null} search=$searchActive" +
app/src/main/java/com/aeriotv/android/feature/livetv/grid/GuideScreen.kt	529	 mini=$miniActive exoWindow=$exoWindowMode clockTrigger=$clockSelectTrigger	" mini=$miniActive exoWindow=$exoWindowMode clockTrigger=$clockSelectTrigger" +
app/src/main/java/com/aeriotv/android/feature/livetv/grid/GuideScreen.kt	530	 rows=${rows.size} focusRow=${grid.focusRow} topNavHasFocus=${topNavHasFocus.value}	" rows=${rows.size} focusRow=${grid.focusRow} topNavHasFocus=${topNavHasFocus.value}" +
app/src/main/java/com/aeriotv/android/feature/livetv/grid/GuideScreen.kt	531	 guideHasFocus=$guideHasFocus]	" guideHasFocus=$guideHasFocus]"
app/src/main/java/com/aeriotv/android/feature/livetv/grid/GuideScreen.kt	535	gates ${traceGates()}	LaunchedEffect(gateKey) { com.aeriotv.android.ui.tv.TvFocusTrace.guide("gates ${traceGates()}") }
app/src/main/java/com/aeriotv/android/feature/livetv/grid/GuideScreen.kt	548	refocus after=launch-loop result=skipped reason=topNavHasFocus attempts=$attempt	com.aeriotv.android.ui.tv.TvFocusTrace.guide("refocus after=launch-loop result=skipped reason=topNavHasFocus attempts=$attempt")
app/src/main/java/com/aeriotv/android/feature/livetv/grid/GuideScreen.kt	555	refocus after=launch-loop result=skipped reason=sidebarOpen attempts=$attempt	com.aeriotv.android.ui.tv.TvFocusTrace.guide("refocus after=launch-loop result=skipped reason=sidebarOpen attempts=$attempt")
app/src/main/java/com/aeriotv/android/feature/livetv/grid/GuideScreen.kt	561	refocus after=launch-loop result=${if (gridHasFocus) 	com.aeriotv.android.ui.tv.TvFocusTrace.guide("refocus after=launch-loop result=${if (gridHasFocus) "success" else "failure"} attempts=12 ${traceGates()}")
app/src/main/java/com/aeriotv/android/feature/livetv/grid/GuideScreen.kt	561	} attempts=12 ${traceGates()}	com.aeriotv.android.ui.tv.TvFocusTrace.guide("refocus after=launch-loop result=${if (gridHasFocus) "success" else "failure"} attempts=12 ${traceGates()}")
app/src/main/java/com/aeriotv/android/feature/livetv/grid/GuideScreen.kt	598	refocus after=stranded result=$ok ${traceGates()}	com.aeriotv.android.ui.tv.TvFocusTrace.guide("refocus after=stranded result=$ok ${traceGates()}")
app/src/main/java/com/aeriotv/android/feature/livetv/grid/GuideScreen.kt	614	refocus after=mini-channel channel=$id found=$found requested=$requested gridHasFocus=$gridHasFocus cell=${guideTraceCell(grid)} ${traceGates()}	com.aeriotv.android.ui.tv.TvFocusTrace.guide("refocus after=mini-channel channel=$id found=$found requested=$requested gridHasFocus=$gridHasFocus cell=${guideTraceCell(grid)} ${traceGates()}")
app/src/main/java/com/aeriotv/android/feature/livetv/grid/GuideScreen.kt	628	refocus after=catchup-return channel=${ret.channelId} found=false ${traceGates()}	com.aeriotv.android.ui.tv.TvFocusTrace.guide("refocus after=catchup-return channel=${ret.channelId} found=false ${traceGates()}")
app/src/main/java/com/aeriotv/android/feature/livetv/grid/GuideScreen.kt	645	refocus after=catchup-return channel=${ret.channelId} found=true result=${if (gridHasFocus) 	com.aeriotv.android.ui.tv.TvFocusTrace.guide("refocus after=catchup-return channel=${ret.channelId} found=true result=${if (gridHasFocus) "success" else "failure"} attempts=$attempts cell=${guideTraceCell(grid)} viewportStart=${grid.viewportStartMs} ${traceGates()}")
app/src/main/java/com/aeriotv/android/feature/livetv/grid/GuideScreen.kt	645	} attempts=$attempts cell=${guideTraceCell(grid)} viewportStart=${grid.viewportStartMs} ${traceGates()}	com.aeriotv.android.ui.tv.TvFocusTrace.guide("refocus after=catchup-return channel=${ret.channelId} found=true result=${if (gridHasFocus) "success" else "failure"} attempts=$attempts cell=${guideTraceCell(grid)} viewportStart=${grid.viewportStartMs} ${traceGates()}")
app/src/main/java/com/aeriotv/android/feature/livetv/grid/GuideScreen.kt	795	guide-screen(focus-not-in-grid) ${traceGates()}	if (name != null) com.aeriotv.android.ui.tv.TvFocusTrace.key(name, false, "guide-screen(focus-not-in-grid) ${traceGates()}")
app/src/main/java/com/aeriotv/android/feature/livetv/grid/GuideScreen.kt	851	Search channels	placeholder = { Text("Search channels") },
app/src/main/java/com/aeriotv/android/feature/livetv/grid/GuideScreen.kt	854	Clear search	{ IconButton(onClick = { viewModel.onSearchQueryChange("") }) { Icon(Icons.Filled.Close, contentDescription = "Clear search") } }
app/src/main/java/com/aeriotv/android/feature/livetv/grid/GuideScreen.kt	1061	refocus after=sidebar-close requested=$requested result=${if (gridHasFocus) 	com.aeriotv.android.ui.tv.TvFocusTrace.guide("refocus after=sidebar-close requested=$requested result=${if (gridHasFocus) "success" else "failure"} ${traceGates()}")
app/src/main/java/com/aeriotv/android/feature/livetv/grid/GuideScreen.kt	1061	} ${traceGates()}	com.aeriotv.android.ui.tv.TvFocusTrace.guide("refocus after=sidebar-close requested=$requested result=${if (gridHasFocus) "success" else "failure"} ${traceGates()}")
app/src/main/java/com/aeriotv/android/feature/livetv/grid/GuideScreen.kt	1104	refocus after=jump-close requested=$requested result=${if (gridHasFocus) 	com.aeriotv.android.ui.tv.TvFocusTrace.guide("refocus after=jump-close requested=$requested result=${if (gridHasFocus) "success" else "failure"} ${traceGates()}")
app/src/main/java/com/aeriotv/android/feature/livetv/grid/GuideScreen.kt	1104	} ${traceGates()}	com.aeriotv.android.ui.tv.TvFocusTrace.guide("refocus after=jump-close requested=$requested result=${if (gridHasFocus) "success" else "failure"} ${traceGates()}")
app/src/main/java/com/aeriotv/android/feature/livetv/grid/GuideScreen.kt	1223	Watch from Start	else if (replayable) add(TvMenuAction("Watch from Start", Icons.Outlined.History, onClick = watchFromStart))
app/src/main/java/com/aeriotv/android/feature/livetv/grid/GuideScreen.kt	1224	Add to Favorites	add(TvMenuAction(if (isFavorite) "Remove from Favorites" else "Add to Favorites", if (isFavorite) Icons.Outlined.StarOutline else Icons.Filled.Star) { favoritesVm.toggle(channel) })
app/src/main/java/com/aeriotv/android/feature/livetv/grid/GuideScreen.kt	1224	Remove from Favorites	add(TvMenuAction(if (isFavorite) "Remove from Favorites" else "Add to Favorites", if (isFavorite) Icons.Outlined.StarOutline else Icons.Filled.Star) { favoritesVm.toggle(channel) })
app/src/main/java/com/aeriotv/android/feature/livetv/grid/GuideScreen.kt	1225	Add to Multiview	add(TvMenuAction(if (inMultiview) "Remove from Multiview" else "Add to Multiview", Icons.Outlined.GridView, enabled = canAddToMultiview) { multiviewStore.toggle(channel) })
app/src/main/java/com/aeriotv/android/feature/livetv/grid/GuideScreen.kt	1225	Remove from Multiview	add(TvMenuAction(if (inMultiview) "Remove from Multiview" else "Add to Multiview", Icons.Outlined.GridView, enabled = canAddToMultiview) { multiviewStore.toggle(channel) })
app/src/main/java/com/aeriotv/android/feature/livetv/grid/GuideScreen.kt	1226	Add Channel to Collection	add(TvMenuAction("Add Channel to Collection", Icons.Outlined.CreateNewFolder) { collectionPickerFor = channel.id to channel.name })
app/src/main/java/com/aeriotv/android/feature/livetv/grid/GuideScreen.kt	1228	Program Info	add(TvMenuAction("Program Info", Icons.Outlined.Info) { programInfoTarget = cell.toInfoTarget(channel.name, channel.dispatcharrChannelId) })
app/src/main/java/com/aeriotv/android/feature/livetv/grid/GuideScreen.kt	1229	Record from Now	if (canRecord) add(TvMenuAction(if (isLive) "Record from Now" else "Record", Icons.Outlined.FiberManualRecord) { recordTarget = cell.toInfoTarget(channel.name, channel.dispatcharrChannelId) })
app/src/main/java/com/aeriotv/android/feature/livetv/grid/GuideScreen.kt	1230	Cancel Reminder	if (cell.startMillis > nowMs) add(TvMenuAction(if (reminderSet) "Cancel Reminder" else "Set Reminder", Icons.Outlined.Notifications, onClick = toggleReminder))
app/src/main/java/com/aeriotv/android/feature/livetv/grid/GuideScreen.kt	1230	Set Reminder	if (cell.startMillis > nowMs) add(TvMenuAction(if (reminderSet) "Cancel Reminder" else "Set Reminder", Icons.Outlined.Notifications, onClick = toggleReminder))
app/src/main/java/com/aeriotv/android/feature/livetv/grid/GuideScreen.kt	1241	Add to Favorites	add(TvMenuAction(if (isFavorite) "Remove from Favorites" else "Add to Favorites") { favoritesVm.toggle(channel) })
app/src/main/java/com/aeriotv/android/feature/livetv/grid/GuideScreen.kt	1241	Remove from Favorites	add(TvMenuAction(if (isFavorite) "Remove from Favorites" else "Add to Favorites") { favoritesVm.toggle(channel) })
app/src/main/java/com/aeriotv/android/feature/livetv/grid/GuideScreen.kt	1242	Add to Multiview	add(TvMenuAction(if (inMultiview) "Remove from Multiview" else "Add to Multiview", enabled = canAddToMultiview) { multiviewStore.toggle(channel) })
app/src/main/java/com/aeriotv/android/feature/livetv/grid/GuideScreen.kt	1242	Remove from Multiview	add(TvMenuAction(if (inMultiview) "Remove from Multiview" else "Add to Multiview", enabled = canAddToMultiview) { multiviewStore.toggle(channel) })
app/src/main/java/com/aeriotv/android/feature/livetv/grid/GuideScreen.kt	1243	Add Channel to Collection	add(TvMenuAction("Add Channel to Collection") { collectionPickerFor = channel.id to channel.name })
app/src/main/java/com/aeriotv/android/feature/livetv/grid/GuideScreen.kt	1246	Program Info	add(TvMenuAction("Program Info") { programInfoTarget = cell.toInfoTarget(channel.name, channel.dispatcharrChannelId) })
app/src/main/java/com/aeriotv/android/feature/livetv/grid/GuideScreen.kt	1247	Record from Now	if (canRecord) add(TvMenuAction(if (isLive) "Record from Now" else "Record") { recordTarget = cell.toInfoTarget(channel.name, channel.dispatcharrChannelId) })
app/src/main/java/com/aeriotv/android/feature/livetv/grid/GuideScreen.kt	1248	Watch from Start	if (replayable) add(TvMenuAction("Watch from Start", onClick = watchFromStart))
app/src/main/java/com/aeriotv/android/feature/livetv/grid/GuideScreen.kt	1250	Cancel Reminder	add(TvMenuAction(if (reminderSet) "Cancel Reminder" else "Set Reminder", onClick = toggleReminder))
app/src/main/java/com/aeriotv/android/feature/livetv/grid/GuideScreen.kt	1250	Set Reminder	add(TvMenuAction(if (reminderSet) "Cancel Reminder" else "Set Reminder", onClick = toggleReminder))
app/src/main/java/com/aeriotv/android/feature/main/AppTab.kt	47	Live TV	label = "Live TV",
app/src/main/java/com/aeriotv/android/feature/main/AppTab.kt	53	Favorites	label = "Favorites",
app/src/main/java/com/aeriotv/android/feature/main/AppTab.kt	59	DVR	label = "DVR",
app/src/main/java/com/aeriotv/android/feature/main/AppTab.kt	67	On Demand	label = "On Demand",
app/src/main/java/com/aeriotv/android/feature/main/AppTab.kt	79	Movies	label = "Movies",
app/src/main/java/com/aeriotv/android/feature/main/AppTab.kt	85	TV Shows	label = "TV Shows",
app/src/main/java/com/aeriotv/android/feature/main/AppTab.kt	91	Settings	label = "Settings",
app/src/main/java/com/aeriotv/android/feature/main/AppTab.kt	107	Search	label = "Search",
app/src/main/java/com/aeriotv/android/feature/main/MainScaffold.kt	182	Back goes to the home tab	*  with the bar focused, reaches the scaffold's "Back goes to the home tab"
app/src/main/java/com/aeriotv/android/feature/main/MainScaffold.kt	234	Play from Beginning	/** Media center hero "Play from Beginning": start at 0 and KEEP the
app/src/main/java/com/aeriotv/android/feature/main/MainScaffold.kt	267	no favorites	// "no favorites" for a frame, the Favorites tab vanished, and the tabs
app/src/main/java/com/aeriotv/android/feature/main/MainScaffold.kt	276	No Favorites	// would see the tab, tap it, and find an empty "No Favorites" body
app/src/main/java/com/aeriotv/android/feature/main/MainScaffold.kt	301	every tab redraws	// on each one (Streamer 2026-09-03: "every tab redraws" for the first
app/src/main/java/com/aeriotv/android/feature/main/MainScaffold.kt	327	absent -> present	// bridge keeps the tab from flickering "absent -> present" on cold launch /
app/src/main/java/com/aeriotv/android/feature/main/MainScaffold.kt	364	every tab flashes	// Sticky tabs (Streamer 2026-09-03, "every tab flashes"): the loaders
app/src/main/java/com/aeriotv/android/feature/main/MainScaffold.kt	403	empty list / still loading	// "empty list / still loading" the sticky rule exists to absorb, so it
app/src/main/java/com/aeriotv/android/feature/main/MainScaffold.kt	422	why is the tab hidden	// One line per change of the inputs, so "why is the tab hidden" is provable
app/src/main/java/com/aeriotv/android/feature/main/MainScaffold.kt	430	[VOD-TAB] vodEnabled=$activePlaylistVodEnabled unsupported=${onDemandState.unsupportedSource} 	"[VOD-TAB] vodEnabled=$activePlaylistVodEnabled unsupported=${onDemandState.unsupportedSource} " +
app/src/main/java/com/aeriotv/android/feature/main/MainScaffold.kt	431	sourceOk=$vodSourceOk | movies: denied=$moviesDenied has=${onDemandState.hasMovies} 	"sourceOk=$vodSourceOk | movies: denied=$moviesDenied has=${onDemandState.hasMovies} " +
app/src/main/java/com/aeriotv/android/feature/main/MainScaffold.kt	432	loading=${onDemandState.isLoading} -> show=$hasMoviesContent | 	"loading=${onDemandState.isLoading} -> show=$hasMoviesContent | " +
app/src/main/java/com/aeriotv/android/feature/main/MainScaffold.kt	433	series: denied=$seriesDenied has=${onDemandState.hasSeries} 	"series: denied=$seriesDenied has=${onDemandState.hasSeries} " +
app/src/main/java/com/aeriotv/android/feature/main/MainScaffold.kt	434	loading=${onDemandState.isLoadingSeries} -> show=$hasSeriesContent | tabs=$tabs	"loading=${onDemandState.isLoadingSeries} -> show=$hasSeriesContent | tabs=$tabs",
app/src/main/java/com/aeriotv/android/feature/main/MainScaffold.kt	452	Now Casting	// GH #33 re-entry: an app-wide "Now Casting" mini controller above the tab
app/src/main/java/com/aeriotv/android/feature/main/MainScaffold.kt	461	Controlling <TV>	// GH #33 companion remote: same-pattern "Controlling <TV>" indicator card +
app/src/main/java/com/aeriotv/android/feature/main/MainScaffold.kt	495	Control TV	// only; the TV is a host, not a client) so the floating "Control TV" pill
app/src/main/java/com/aeriotv/android/feature/main/MainScaffold.kt	542	default = On Demand	// missing - otherwise a "default = On Demand" preference would be dropped on
app/src/main/java/com/aeriotv/android/feature/main/MainScaffold.kt	592	exit to Live TV	// half of "exit to Live TV": the tab shell keeps whatever tab was selected
app/src/main/java/com/aeriotv/android/feature/main/MainScaffold.kt	655	Syncing | Tap for Info	// header's spinning indicator; the old "Syncing | Tap for Info" pill it
app/src/main/java/com/aeriotv/android/feature/main/MainScaffold.kt	672	Loading Movies	// VOD labels ("Loading Movies" / "Loading Series") stay up for tens of
app/src/main/java/com/aeriotv/android/feature/main/MainScaffold.kt	672	Loading Series	// VOD labels ("Loading Movies" / "Loading Series") stay up for tens of
app/src/main/java/com/aeriotv/android/feature/main/MainScaffold.kt	823	focus MY tab's pill	// The same requesters, as a "focus MY tab's pill" call for TV page
app/src/main/java/com/aeriotv/android/feature/main/MainScaffold.kt	914	tvTopBarCollapse	label = "tvTopBarCollapse",
app/src/main/java/com/aeriotv/android/feature/main/MainScaffold.kt	1328	Control a TV	// GH #33: round floating "Control a TV" button above the right
app/src/main/java/com/aeriotv/android/feature/main/MainScaffold.kt	1415	tabBarCollapse	label = "tabBarCollapse",
app/src/main/java/com/aeriotv/android/feature/main/MainScaffold.kt	1468	Control TV	// Task #255: the floating "Control TV" pill opens the SAME unified picker
app/src/main/java/com/aeriotv/android/feature/main/MainScaffold.kt	1531	Control a TV	contentDescription = "Control a TV",
app/src/main/java/com/aeriotv/android/feature/main/MainScaffold.kt	1698	Show tab bar, ${tab.label}	contentDescription = "Show tab bar, ${tab.label}",
app/src/main/java/com/aeriotv/android/feature/main/MainScaffold.kt	2083	Refresh channels and guide	contentDescription = "Refresh channels and guide",
app/src/main/java/com/aeriotv/android/feature/main/MainScaffold.kt	2090	$retainedCount channels kept live	contentDescription = "$retainedCount channels kept live",
app/src/main/java/com/aeriotv/android/feature/main/MainScaffold.kt	2192	tvTabBackground	label = "tvTabBackground",
app/src/main/java/com/aeriotv/android/feature/main/MainScaffold.kt	2201	tvTabForeground	label = "tvTabForeground",
app/src/main/java/com/aeriotv/android/feature/main/MainScaffold.kt	2400	fire it only for full-screen takeovers entering or exiting	// Plan B2: "fire it only for full-screen takeovers entering or exiting".
app/src/main/java/com/aeriotv/android/feature/main/PlaceholderScreen.kt	18	Coming in a later phase	* Generic "Coming in a later phase" surface for tabs whose feature work hasn't landed yet.
app/src/main/java/com/aeriotv/android/feature/miniplayer/CastMiniController.kt	59	Casting to <device>	/** Overrides the "Casting to <device>" line -- the companion transport reuses
app/src/main/java/com/aeriotv/android/feature/miniplayer/CastMiniController.kt	60	Controlling <device>	*  this exact card with "Controlling <device>", and a session with nothing
app/src/main/java/com/aeriotv/android/feature/miniplayer/CastMiniController.kt	61	Select a Channel	*  playing yet reads "Select a Channel". */
app/src/main/java/com/aeriotv/android/feature/miniplayer/CastMiniController.kt	69	Stop casting	stopDescription: String = "Stop casting",
app/src/main/java/com/aeriotv/android/feature/miniplayer/CastMiniController.kt	106	Now casting	text = title.ifBlank { "Now casting" },
app/src/main/java/com/aeriotv/android/feature/miniplayer/CastMiniController.kt	124	Casting to $deviceName	?: if (!deviceName.isNullOrBlank()) "Casting to $deviceName" else "Tap to control",
app/src/main/java/com/aeriotv/android/feature/miniplayer/CastMiniController.kt	124	Tap to control	?: if (!deviceName.isNullOrBlank()) "Casting to $deviceName" else "Tap to control",
app/src/main/java/com/aeriotv/android/feature/miniplayer/MiniPlayerRow.kt	109	Tap to resume	text = "Tap to resume",
app/src/main/java/com/aeriotv/android/feature/miniplayer/MiniPlayerRow.kt	118	Pause audio	contentDescription = if (isPaused) "Resume audio" else "Pause audio",
app/src/main/java/com/aeriotv/android/feature/miniplayer/MiniPlayerRow.kt	118	Resume audio	contentDescription = if (isPaused) "Resume audio" else "Pause audio",
app/src/main/java/com/aeriotv/android/feature/miniplayer/MiniPlayerRow.kt	125	Return to player	contentDescription = "Return to player",
app/src/main/java/com/aeriotv/android/feature/miniplayer/MiniPlayerSession.kt	119	requestResume called but state=$current (expected Active); no-op	"requestResume called but state=$current (expected Active); no-op",
app/src/main/java/com/aeriotv/android/feature/miniplayer/MiniPlayerSession.kt	125	Active->Pending + emit channel id=${ch.id} name=${ch.name} urlBlank=${ch.url.isBlank()}	"Active->Pending + emit channel id=${ch.id} name=${ch.name} urlBlank=${ch.url.isBlank()}",
app/src/main/java/com/aeriotv/android/feature/miniplayer/MiniPlayerSession.kt	129	tryEmit returned $emitted	android.util.Log.i("MiniPlayerResume", "tryEmit returned $emitted")
app/src/main/java/com/aeriotv/android/feature/movies/MediaHeroCard.kt	96	Remove from Continue Watching	removeLabel: String = "Remove from Continue Watching",
app/src/main/java/com/aeriotv/android/feature/movies/MediaHeroCard.kt	187	Play	Text(if (page.hasProgress) "Resume" else "Play", fontSize = 15.sp, fontWeight = FontWeight.SemiBold, color = MaterialTheme.colorScheme.onPrimary)
app/src/main/java/com/aeriotv/android/feature/movies/MediaHeroCard.kt	187	Resume	Text(if (page.hasProgress) "Resume" else "Play", fontSize = 15.sp, fontWeight = FontWeight.SemiBold, color = MaterialTheme.colorScheme.onPrimary)
app/src/main/java/com/aeriotv/android/feature/movies/MediaHeroCard.kt	189	Play from Beginning	if (page.hasProgress) HeroIconButton(Icons.Filled.Replay, "Play from Beginning", onPlayFromStart)
app/src/main/java/com/aeriotv/android/feature/movies/MediaHeroCard.kt	199	Add to Watchlist	text = { Text(if (isOnWatchlist) "Remove from Watchlist" else "Add to Watchlist") },
app/src/main/java/com/aeriotv/android/feature/movies/MediaHeroCard.kt	199	Remove from Watchlist	text = { Text(if (isOnWatchlist) "Remove from Watchlist" else "Add to Watchlist") },
app/src/main/java/com/aeriotv/android/feature/movies/MediaHeroCard.kt	205	Hide	text = { Text(if (isHidden) "Unhide" else "Hide") },
app/src/main/java/com/aeriotv/android/feature/movies/MediaHeroCard.kt	205	Unhide	text = { Text(if (isHidden) "Unhide" else "Hide") },
app/src/main/java/com/aeriotv/android/feature/movies/MediaLibrary.kt	9	All Movies	Movies("Movies", "All Movies", "No Movies"),
app/src/main/java/com/aeriotv/android/feature/movies/MediaLibrary.kt	9	No Movies	Movies("Movies", "All Movies", "No Movies"),
app/src/main/java/com/aeriotv/android/feature/movies/MediaLibrary.kt	10	All TV Shows	TVShows("TV Shows", "All TV Shows", "No TV Shows"),
app/src/main/java/com/aeriotv/android/feature/movies/MediaLibrary.kt	10	No TV Shows	TVShows("TV Shows", "All TV Shows", "No TV Shows"),
app/src/main/java/com/aeriotv/android/feature/movies/MediaLibrary.kt	10	TV Shows	TVShows("TV Shows", "All TV Shows", "No TV Shows"),
app/src/main/java/com/aeriotv/android/feature/movies/MediaLibrary.kt	15	Title · A to Z	TitleAZ("titleAZ", "Title · A to Z"),
app/src/main/java/com/aeriotv/android/feature/movies/MediaLibrary.kt	15	titleAZ	TitleAZ("titleAZ", "Title · A to Z"),
app/src/main/java/com/aeriotv/android/feature/movies/MediaLibrary.kt	16	Title · Z to A	TitleZA("titleZA", "Title · Z to A"),
app/src/main/java/com/aeriotv/android/feature/movies/MediaLibrary.kt	16	titleZA	TitleZA("titleZA", "Title · Z to A"),
app/src/main/java/com/aeriotv/android/feature/movies/MediaLibrary.kt	17	Year · Newest	YearNewest("yearNewest", "Year · Newest"),
app/src/main/java/com/aeriotv/android/feature/movies/MediaLibrary.kt	18	Year · Oldest	YearOldest("yearOldest", "Year · Oldest"),
app/src/main/java/com/aeriotv/android/feature/movies/MediaLibrary.kt	19	Rating · Highest	RatingHighest("ratingHighest", "Rating · Highest");
app/src/main/java/com/aeriotv/android/feature/movies/MediaLibrary.kt	41	m:	val artKey: String by lazy { tmdbArtKey(title, key.startsWith("m:")) }
app/src/main/java/com/aeriotv/android/feature/movies/MediaLibrary.kt	97	m:	(if (isMovie) "m:" else "t:") + cleanArtTitle(title)
app/src/main/java/com/aeriotv/android/feature/movies/MediaLibrary.kt	97	t:	(if (isMovie) "m:" else "t:") + cleanArtTitle(title)
app/src/main/java/com/aeriotv/android/feature/movies/MediaLibrary.kt	110	s:$id	key = "s:$id", title = displayTitle(name.ifBlank { title ?: "" }, year), year = year, rating = rating,
app/src/main/java/com/aeriotv/android/feature/movies/MediaPageScaffold.kt	185	deck:	item(key = "deck:" + deck.title, span = { GridItemSpan(maxLineSpan) }) {
app/src/main/java/com/aeriotv/android/feature/movies/MediaPageScaffold.kt	369	Clear and close search	Icon(Icons.Filled.Cancel, contentDescription = "Clear and close search", tint = MaterialTheme.colorScheme.onSurfaceVariant)
app/src/main/java/com/aeriotv/android/feature/movies/MediaTabContent.kt	91	Play from Beginning	/** Hero "Play from Beginning": start at 0 and KEEP the Continue Watching
app/src/main/java/com/aeriotv/android/feature/movies/MediaTabContent.kt	120	wl:	key = "wl:" + e.key, title = item.title, artUrl = item.posterUrl, year = item.year, season = null, episode = null,
app/src/main/java/com/aeriotv/android/feature/movies/MediaTabContent.kt	139	On Demand	// "On Demand"; without the movie loaded there is nothing to show.
app/src/main/java/com/aeriotv/android/feature/movies/MediaTabContent.kt	140	On Demand	if (m == null && (r.title.isBlank() || r.title == "On Demand")) return@mapNotNull null
app/src/main/java/com/aeriotv/android/feature/movies/MediaTabContent.kt	142	cw:	key = "cw:" + r.videoId, title = m?.let { displayTitle(it.displayName, it.year) } ?: displayTitle(r.title, null),
app/src/main/java/com/aeriotv/android/feature/movies/MediaTabContent.kt	146	m:	item = m?.toMediaItem() ?: MediaItem(key = "m:" + r.videoId, title = r.title, year = null, rating = null,
app/src/main/java/com/aeriotv/android/feature/movies/MediaTabContent.kt	158	cw:	key = "cw:" + r.videoId, title = displayTitle(series.displayName, series.year),
app/src/main/java/com/aeriotv/android/feature/movies/MediaTabContent.kt	206	titleAZ	.collectAsStateWithLifecycle(initialValue = "titleAZ")
app/src/main/java/com/aeriotv/android/feature/movies/MediaTabContent.kt	273	switching tabs freezes for a couple seconds	// Phone (Logan 2026-09-09, "switching tabs freezes for a couple seconds").
app/src/main/java/com/aeriotv/android/feature/movies/MediaTabContent.kt	407	Remove from Watchlist	removeLabel = "Remove from Watchlist",
app/src/main/java/com/aeriotv/android/feature/movies/MediaTabContent.kt	415	Includes titles with $personMatchName	"Includes titles with $personMatchName",
app/src/main/java/com/aeriotv/android/feature/movies/MediaTabContent.kt	425	All Providers	GenrePill("All Providers", selectedProviderId == null) { viewModel.selectProvider(null, kind == MediaKind.Movies) }
app/src/main/java/com/aeriotv/android/feature/movies/MediaTabContent.kt	429	Provider $pid	GenrePill(state.providerNames[pid] ?: "Provider $pid", selectedProviderId == pid) {
app/src/main/java/com/aeriotv/android/feature/movies/MediaTabContent.kt	441	Play S1 E1	// VODDetailView.swift:731-751) and play it, labelled "Play S1 E1" /
app/src/main/java/com/aeriotv/android/feature/movies/MediaTabContent.kt	442	Resume S2 E3	// "Resume S2 E3". Only the hero's own series is prefetched.
app/src/main/java/com/aeriotv/android/feature/movies/MediaTabContent.kt	518	Continue Watching	PageDeck("Continue Watching", heroPages, { it.key }, heroCard),
app/src/main/java/com/aeriotv/android/feature/movies/MediaTabContent.kt	545	Search TV shows	searchPlaceholder = if (kind == MediaKind.Movies) "Search movies" else "Search TV shows",
app/src/main/java/com/aeriotv/android/feature/movies/MediaTabContent.kt	545	Search movies	searchPlaceholder = if (kind == MediaKind.Movies) "Search movies" else "Search TV shows",
app/src/main/java/com/aeriotv/android/feature/movies/MediaTabContent.kt	560	Details	DropdownMenuItem(text = { Text("Details") }, onClick = { close(); open() })
app/src/main/java/com/aeriotv/android/feature/movies/MediaTabContent.kt	562	Add to Watchlist	text = { Text(if (item.key in watchlistKeys) "Remove from Watchlist" else "Add to Watchlist") },
app/src/main/java/com/aeriotv/android/feature/movies/MediaTabContent.kt	562	Remove from Watchlist	text = { Text(if (item.key in watchlistKeys) "Remove from Watchlist" else "Add to Watchlist") },
app/src/main/java/com/aeriotv/android/feature/movies/MediaTabContent.kt	566	Hide	text = { Text(if (item.key in hiddenTitles) "Unhide" else "Hide") },
app/src/main/java/com/aeriotv/android/feature/movies/MediaTabContent.kt	566	Unhide	text = { Text(if (item.key in hiddenTitles) "Unhide" else "Hide") },
app/src/main/java/com/aeriotv/android/feature/movies/MediaTabContent.kt	574	No results	else Text(if (isSearching) "No results" else kind.emptyTitle, color = MaterialTheme.colorScheme.onSurfaceVariant)
app/src/main/java/com/aeriotv/android/feature/movies/PhoneCardDeck.kt	160	deckX	val xPx by animateFloatAsState(with(density) { xTarget.toPx() }, spec, label = "deckX")
app/src/main/java/com/aeriotv/android/feature/movies/PhoneCardDeck.kt	161	deckScale	val scale by animateFloatAsState(scaleTarget, spec, label = "deckScale")
app/src/main/java/com/aeriotv/android/feature/movies/PhoneCardDeck.kt	162	deckAlpha	val alpha by animateFloatAsState(alphaTarget, spec, label = "deckAlpha")
app/src/main/java/com/aeriotv/android/feature/movies/tv/TvMediaPage.kt	144	Play S1 E1	* primary button's LABEL changes, "Play" / "Resume" / "Play S1 E1"), a shelf
app/src/main/java/com/aeriotv/android/feature/movies/tv/TvMediaPage.kt	161	$pageKey|$buttonId	internal fun tvHeroSourceKey(pageKey: Any, buttonId: String): String = "$pageKey|$buttonId"
app/src/main/java/com/aeriotv/android/feature/movies/tv/TvMediaPage.kt	218	[RESTORE] returnOffset=4/176	*  AND Header after "[RESTORE] returnOffset=4/176"). These heights are
app/src/main/java/com/aeriotv/android/feature/movies/tv/TvMediaPage.kt	244	Play	/** STABLE across label changes ("Play" / "Resume" / "Play S1 E1" are all
app/src/main/java/com/aeriotv/android/feature/movies/tv/TvMediaPage.kt	244	Play S1 E1	/** STABLE across label changes ("Play" / "Resume" / "Play S1 E1" are all
app/src/main/java/com/aeriotv/android/feature/movies/tv/TvMediaPage.kt	244	Resume	/** STABLE across label changes ("Play" / "Resume" / "Play S1 E1" are all
app/src/main/java/com/aeriotv/android/feature/movies/tv/TvMediaPage.kt	258	Continue watching	/** "Recording now" / "Continue watching" line above the title. */
app/src/main/java/com/aeriotv/android/feature/movies/tv/TvMediaPage.kt	258	Recording now	/** "Recording now" / "Continue watching" line above the title. */
app/src/main/java/com/aeriotv/android/feature/movies/tv/TvMediaPage.kt	261	Continue watching	/** tvOS: only "Recording now" carries the dot; "Continue watching" is plain text. */
app/src/main/java/com/aeriotv/android/feature/movies/tv/TvMediaPage.kt	261	Recording now	/** tvOS: only "Recording now" carries the dot; "Continue watching" is plain text. */
app/src/main/java/com/aeriotv/android/feature/movies/tv/TvMediaPage.kt	314	[FOCUS] grid r0c1 <title>	/** Short human name for the focus trace ("[FOCUS] grid r0c1 <title>"). */
app/src/main/java/com/aeriotv/android/feature/movies/tv/TvMediaPage.kt	355	Continue Watching	/** Section title over the hero banner ("Continue Watching"), drawn in the
app/src/main/java/com/aeriotv/android/feature/movies/tv/TvMediaPage.kt	401	first-row-to-tab-pill($from)	TvFocusTrace.key("Up", landed, "first-row-to-tab-pill($from)")
app/src/main/java/com/aeriotv/android/feature/movies/tv/TvMediaPage.kt	499	shelf:	visibleShelves.forEach { add("shelf:" + it.title) }
app/src/main/java/com/aeriotv/android/feature/movies/tv/TvMediaPage.kt	837	no-offset 	else -> "no-offset " + g.summary()
app/src/main/java/com/aeriotv/android/feature/movies/tv/TvMediaPage.kt	844	no-target 	if (raw == null) { why = "no-target " + g.summary(); withFrameNanos { }; continue }
app/src/main/java/com/aeriotv/android/feature/movies/tv/TvMediaPage.kt	852	[ANCHOR] Shelf(ordinal=0) from shelf-card	// Never silent: "[ANCHOR] Shelf(ordinal=0) from shelf-card"
app/src/main/java/com/aeriotv/android/feature/movies/tv/TvMediaPage.kt	990	Back returns to the home tab	// "Back returns to the home tab" rule, which is unchanged; Live TV has
app/src/main/java/com/aeriotv/android/feature/movies/tv/TvMediaPage.kt	1044	hero	TvFocusTrace.restore("hero", -1, -1, source.label())
app/src/main/java/com/aeriotv/android/feature/movies/tv/TvMediaPage.kt	1059	shelf	TvFocusTrace.restore("shelf", -1, -1, source.label())
app/src/main/java/com/aeriotv/android/feature/movies/tv/TvMediaPage.kt	1129	Nothing in the window	// "Nothing in the window" is deliberately NOT "nothing in the page":
app/src/main/java/com/aeriotv/android/feature/movies/tv/TvMediaPage.kt	1273	Continue Watching	// "Continue Watching" over the banner, in the shelf-title
app/src/main/java/com/aeriotv/android/feature/movies/tv/TvMediaPage.kt	1306	shelf:	fullSpan("shelf:" + shelf.title, onMeasured = recordLeadingHeight) {
app/src/main/java/com/aeriotv/android/feature/movies/tv/TvMediaPage.kt	1365	Close search	icon = Icons.Filled.Search, contentDescription = if (searchActive) "Close search" else "Search",
app/src/main/java/com/aeriotv/android/feature/movies/tv/TvMediaPage.kt	1373	Clear search	icon = Icons.Filled.Close, contentDescription = "Clear search", onClick = onClearSearch,
app/src/main/java/com/aeriotv/android/feature/movies/tv/TvMediaPage.kt	1413	the Updating line is cut off	// (Logan 2026-09-11, "the Updating line is cut off"), so
app/src/main/java/com/aeriotv/android/feature/movies/tv/TvMediaPage.kt	1422	Updating	Text("Updating", fontSize = 9.sp.subtext(), lineHeight = 11.sp.subtext(), maxLines = 1, color = MaterialTheme.colorScheme.tertiary)
app/src/main/java/com/aeriotv/android/feature/movies/tv/TvMediaPage.kt	1612	Sort	TvActionMenuDialog(title = "Sort", actions = sortActions, guard = menuGuard, onDismiss = { sortOpen = false })
app/src/main/java/com/aeriotv/android/feature/movies/tv/TvMediaPage.kt	1723	tvHeroShift	label = "tvHeroShift",
app/src/main/java/com/aeriotv/android/feature/movies/tv/TvMediaPage.kt	1932	button$i	val id = b.id.ifEmpty { "button$i" }
app/src/main/java/com/aeriotv/android/feature/movies/tv/TvMediaPage.kt	1942	button$i	TvFocusTrace.focus("hero:" + b.label.ifEmpty { "button$i" })
app/src/main/java/com/aeriotv/android/feature/movies/tv/TvMediaPage.kt	1942	hero:	TvFocusTrace.focus("hero:" + b.label.ifEmpty { "button$i" })
app/src/main/java/com/aeriotv/android/feature/movies/tv/TvMediaPage.kt	2007	Options	Icon(button.icon, contentDescription = if (button.label.isEmpty()) "Options" else null, tint = ink, modifier = Modifier.size(if (button.label.isEmpty()) 12.dp else 11.dp))
app/src/main/java/com/aeriotv/android/feature/movies/tv/TvMediaPage.kt	2019	shelf|index	/** Shared "shelf|index" requester table: the return-focus source puts
app/src/main/java/com/aeriotv/android/feature/movies/tv/TvMediaPage.kt	2065	shelf:$shelfIndex:$i 	com.aeriotv.android.ui.tv.TvFocusTrace.focus("shelf:$shelfIndex:$i " + shelf.title)
app/src/main/java/com/aeriotv/android/feature/movies/tv/TvMediaPage.kt	2469	gridTop=${gridTopPx ?: -1} cell=$cellHeight vpTop=$viewportAtTop rows=${leadingTops.size - 1}	"gridTop=${gridTopPx ?: -1} cell=$cellHeight vpTop=$viewportAtTop rows=${leadingTops.size - 1}" +
app/src/main/java/com/aeriotv/android/feature/movies/tv/TvMediaPage.kt	2470	 est=$estimatedRows missing=${unmeasuredKey ?: 	" est=$estimatedRows missing=${unmeasuredKey ?: "-"}"
app/src/main/java/com/aeriotv/android/feature/movies/tv/TvMediaTab.kt	86	Hidden	/** Titles the user hid; a hidden title only appears under "Hidden". */
app/src/main/java/com/aeriotv/android/feature/movies/tv/TvMediaTab.kt	93	Play from Beginning	/** "Play from Beginning": start at 0 and KEEP the Continue Watching row. */
app/src/main/java/com/aeriotv/android/feature/movies/tv/TvMediaTab.kt	96	Play S1 E1	/** Hero label for a SERIES whose target episode is known ("Play S1 E1" /
app/src/main/java/com/aeriotv/android/feature/movies/tv/TvMediaTab.kt	97	Resume S2 E3	*  "Resume S2 E3"); null while the episode list is still loading. */
app/src/main/java/com/aeriotv/android/feature/movies/tv/TvMediaTab.kt	143	Resume S1 E1	// target ("Resume S1 E1"), on the Continue Watching hero as well
app/src/main/java/com/aeriotv/android/feature/movies/tv/TvMediaTab.kt	155	FromStart	add(TvHeroButton("Play from Beginning", Icons.Filled.Replay, id = "FromStart") { armHero(); onPlayFromStart(videoId, page.title) })
app/src/main/java/com/aeriotv/android/feature/movies/tv/TvMediaTab.kt	155	Play from Beginning	add(TvHeroButton("Play from Beginning", Icons.Filled.Replay, id = "FromStart") { armHero(); onPlayFromStart(videoId, page.title) })
app/src/main/java/com/aeriotv/android/feature/movies/tv/TvMediaTab.kt	160	Add to Watchlist	if (item != null) add(TvMenuAction(if (item.key in watchlistKeys) "Remove from Watchlist" else "Add to Watchlist") { onToggleWatchlist(item) })
app/src/main/java/com/aeriotv/android/feature/movies/tv/TvMediaTab.kt	160	Remove from Watchlist	if (item != null) add(TvMenuAction(if (item.key in watchlistKeys) "Remove from Watchlist" else "Add to Watchlist") { onToggleWatchlist(item) })
app/src/main/java/com/aeriotv/android/feature/movies/tv/TvMediaTab.kt	162	Remove from Continue Watching	if (!watchlist) add(TvMenuAction("Remove from Continue Watching", destructive = true) { onRemoveProgress(videoId) })
app/src/main/java/com/aeriotv/android/feature/movies/tv/TvMediaTab.kt	163	Remove from Watchlist	else if (item != null) add(TvMenuAction("Remove from Watchlist", destructive = true) { onRemoveWatchlist(item.key) })
app/src/main/java/com/aeriotv/android/feature/movies/tv/TvMediaTab.kt	190	Watchlist	title = "Watchlist",
app/src/main/java/com/aeriotv/android/feature/movies/tv/TvMediaTab.kt	204	Remove from Watchlist	item?.let { TvMenuAction("Remove from Watchlist", destructive = true) { onRemoveWatchlist(it.key) } },
app/src/main/java/com/aeriotv/android/feature/movies/tv/TvMediaTab.kt	214	Includes titles with $personMatchName	"Includes titles with $personMatchName", fontSize = 10.sp.subtext(),
app/src/main/java/com/aeriotv/android/feature/movies/tv/TvMediaTab.kt	220	All Providers	item(key = "all") { TvPill("All Providers", selectedProviderId == null, onClick = { onSelectProvider(null) }) }
app/src/main/java/com/aeriotv/android/feature/movies/tv/TvMediaTab.kt	223	Provider $pid	TvPill(providerNames[pid] ?: "Provider $pid", selectedProviderId == pid, onClick = { onSelectProvider(if (selectedProviderId == pid) null else pid) })
app/src/main/java/com/aeriotv/android/feature/movies/tv/TvMediaTab.kt	233	Continue Watching	heroSectionTitle = if (tvHero.isNotEmpty()) "Continue Watching" else null,
app/src/main/java/com/aeriotv/android/feature/movies/tv/TvMediaTab.kt	249	Search TV shows	searchPlaceholder = if (kind == MediaKind.Movies) "Search movies" else "Search TV shows",
app/src/main/java/com/aeriotv/android/feature/movies/tv/TvMediaTab.kt	249	Search movies	searchPlaceholder = if (kind == MediaKind.Movies) "Search movies" else "Search TV shows",
app/src/main/java/com/aeriotv/android/feature/movies/tv/TvMediaTab.kt	264	Add to Watchlist	TvMenuAction(if (item.key in watchlistKeys) "Remove from Watchlist" else "Add to Watchlist") { onToggleWatchlist(item) },
app/src/main/java/com/aeriotv/android/feature/movies/tv/TvMediaTab.kt	264	Remove from Watchlist	TvMenuAction(if (item.key in watchlistKeys) "Remove from Watchlist" else "Add to Watchlist") { onToggleWatchlist(item) },
app/src/main/java/com/aeriotv/android/feature/movies/tv/TvMediaTab.kt	271	No results	else Text(if (isSearching) "No results" else kind.emptyTitle, color = MaterialTheme.colorScheme.onSurfaceVariant)
app/src/main/java/com/aeriotv/android/feature/multiview/AddToMultiviewSheet.kt	82	+ Add to Multiview	* AddToMultiviewSheet (project_aeriotv_ios_canon.md "+ Add to Multiview"):
app/src/main/java/com/aeriotv/android/feature/multiview/AddToMultiviewSheet.kt	83	Done	* header with "Done" + title, group filter chips, a "Recent" section, a search
app/src/main/java/com/aeriotv/android/feature/multiview/AddToMultiviewSheet.kt	83	Recent	* header with "Done" + title, group filter chips, a "Recent" section, a search
app/src/main/java/com/aeriotv/android/feature/multiview/AddToMultiviewSheet.kt	84	All Channels	* field, and the full "All Channels" list. Each row shows logo / number / name
app/src/main/java/com/aeriotv/android/feature/multiview/AddToMultiviewSheet.kt	94	Add a tile while watching	* "Add a tile while watching" flow (player path): [currentChannel] is the
app/src/main/java/com/aeriotv/android/feature/multiview/AddToMultiviewSheet.kt	97	Now playing	* shown as a pinned, non-interactive "Now playing" row at the top. The user
app/src/main/java/com/aeriotv/android/feature/multiview/AddToMultiviewSheet.kt	114	Add streams	// revert to (the multiview grid's "Add streams") pass the same close lambda
app/src/main/java/com/aeriotv/android/feature/multiview/AddToMultiviewSheet.kt	161	ApiKey $key	mapOf("X-API-Key" to key, "Authorization" to "ApiKey $key")
app/src/main/java/com/aeriotv/android/feature/multiview/AddToMultiviewSheet.kt	304	Cancel	Text("Cancel", color = MaterialTheme.colorScheme.onSurfaceVariant)
app/src/main/java/com/aeriotv/android/feature/multiview/AddToMultiviewSheet.kt	308	Add to Multiview	text = "Add to Multiview",
app/src/main/java/com/aeriotv/android/feature/multiview/AddToMultiviewSheet.kt	316	Play (${selected.size})	text = "Play (${selected.size})",
app/src/main/java/com/aeriotv/android/feature/multiview/AddToMultiviewSheet.kt	388	Close search	contentDescription = if (searchActive) "Close search" else "Search channels",
app/src/main/java/com/aeriotv/android/feature/multiview/AddToMultiviewSheet.kt	388	Search channels	contentDescription = if (searchActive) "Close search" else "Search channels",
app/src/main/java/com/aeriotv/android/feature/multiview/AddToMultiviewSheet.kt	398	Search channels	placeholder = { Text("Search channels") },
app/src/main/java/com/aeriotv/android/feature/multiview/AddToMultiviewSheet.kt	403	Clear search	Icon(Icons.Filled.Close, contentDescription = "Clear search")
app/src/main/java/com/aeriotv/android/feature/multiview/AddToMultiviewSheet.kt	478	All Channels	item(key = "hdr_all") { SectionHeader("All Channels") }
app/src/main/java/com/aeriotv/android/feature/multiview/AddToMultiviewSheet.kt	496	vod-${movieUuid}	val tileId = "vod-${movieUuid}"
app/src/main/java/com/aeriotv/android/feature/multiview/AddToMultiviewSheet.kt	500	Movie	subtitle = item.year?.let { "Movie · $it" } ?: "Movie",
app/src/main/java/com/aeriotv/android/feature/multiview/AddToMultiviewSheet.kt	500	Movie · $it	subtitle = item.year?.let { "Movie · $it" } ?: "Movie",
app/src/main/java/com/aeriotv/android/feature/multiview/AddToMultiviewSheet.kt	543	Series	subtitle = "Series",
app/src/main/java/com/aeriotv/android/feature/multiview/AddToMultiviewSheet.kt	562	Couldn't load episodes: $err	text = "Couldn't load episodes: $err",
app/src/main/java/com/aeriotv/android/feature/multiview/AddToMultiviewSheet.kt	590	Episode $e	title = ep.displayName.ifBlank { "Episode $e" },
app/src/main/java/com/aeriotv/android/feature/multiview/AddToMultiviewSheet.kt	591	S${s} E${e}	subtitle = "S${s} E${e}",
app/src/main/java/com/aeriotv/android/feature/multiview/AddToMultiviewSheet.kt	608	Episode $e	displayName = ep.displayName.ifBlank { "Episode $e" },
app/src/main/java/com/aeriotv/android/feature/multiview/AddToMultiviewSheet.kt	652	Recording	subtitle = "Recording",
app/src/main/java/com/aeriotv/android/feature/multiview/AddToMultiviewSheet.kt	680	Add streams	// (for the grid "Add streams" path) keep playing; the player flow then
app/src/main/java/com/aeriotv/android/feature/multiview/AddToMultiviewSheet.kt	682	BACK to dismiss	// the header comment ("BACK to dismiss") always promised but never wired.
app/src/main/java/com/aeriotv/android/feature/multiview/AddToMultiviewSheet.kt	722	Performance may degrade	title = { Text("Performance may degrade") },
app/src/main/java/com/aeriotv/android/feature/multiview/AddToMultiviewSheet.kt	725	Adding more than ${multiviewStore.softLimit} streams may cause 	"Adding more than ${multiviewStore.softLimit} streams may cause " +
app/src/main/java/com/aeriotv/android/feature/multiview/AddToMultiviewSheet.kt	735	Continue	) { Text("Continue", color = MaterialTheme.colorScheme.error) }
app/src/main/java/com/aeriotv/android/feature/multiview/AddToMultiviewSheet.kt	744	Don't Show Again	) { Text("Don't Show Again") }
app/src/main/java/com/aeriotv/android/feature/multiview/AddToMultiviewSheet.kt	745	Cancel	TextButton(onClick = { pendingWarnedAdd = null }) { Text("Cancel") }
app/src/main/java/com/aeriotv/android/feature/multiview/AddToMultiviewSheet.kt	767	Tile 1	* 2-tile launch threshold). Always shows the green check + a "Tile 1" badge.
app/src/main/java/com/aeriotv/android/feature/multiview/AddToMultiviewSheet.kt	822	Tile 1 · Now playing · $nowTitle	text = if (nowTitle.isNotBlank()) "Tile 1 · Now playing · $nowTitle"
app/src/main/java/com/aeriotv/android/feature/multiview/AddToMultiviewSheet.kt	823	Tile 1 · Now playing	else "Tile 1 · Now playing",
app/src/main/java/com/aeriotv/android/feature/multiview/AddToMultiviewSheet.kt	837	Included as Tile 1	contentDescription = "Included as Tile 1",
app/src/main/java/com/aeriotv/android/feature/multiview/AddToMultiviewSheet.kt	1053	Back to series	/** "Back to series" row shown above the episode list when drilled into a series. */
app/src/main/java/com/aeriotv/android/feature/multiview/AddToMultiviewSheet.kt	1072	All Series	text = "All Series",
app/src/main/java/com/aeriotv/android/feature/multiview/MultiviewGridMath.kt	22	Even Grid	EvenGrid("evenGrid", "Even Grid"),
app/src/main/java/com/aeriotv/android/feature/multiview/MultiviewGridMath.kt	28	Hero + Corner	HeroCorner("heroCorner", "Hero + Corner"),
app/src/main/java/com/aeriotv/android/feature/multiview/MultiviewGridMath.kt	48	Spotlight This Tile	* "Spotlight This Tile" action (which picks a specific hero), because a
app/src/main/java/com/aeriotv/android/feature/multiview/MultiviewGridMath.kt	49	Spotlight on the first tile	* grid-wide Spotlight was just "Spotlight on the first tile" and duplicated
app/src/main/java/com/aeriotv/android/feature/multiview/MultiviewScreen.kt	153	Add streams	// AddToMultiviewSheet below so the "Add streams" picker reuses the single
app/src/main/java/com/aeriotv/android/feature/multiview/MultiviewScreen.kt	266	Leave Multiview?	// TV BACK opens a "Leave Multiview?" choice instead of exiting outright:
app/src/main/java/com/aeriotv/android/feature/multiview/MultiviewScreen.kt	267	Back to TV Guide	// the @Singleton MultiviewStore survives the pop, so "Back to TV Guide"
app/src/main/java/com/aeriotv/android/feature/multiview/MultiviewScreen.kt	268	Exit Multiview	// resumes later via the guide's staged banner while "Exit Multiview"
app/src/main/java/com/aeriotv/android/feature/multiview/MultiviewScreen.kt	273	Add streams	// "Add streams" reopens the Add-to-Multiview picker OVER the live grid.
app/src/main/java/com/aeriotv/android/feature/multiview/MultiviewScreen.kt	280	Add streams	// later "Add streams" can never inherit a stale target.
app/src/main/java/com/aeriotv/android/feature/multiview/MultiviewScreen.kt	381	Close AerioTV?	// "Close AerioTV?" hijack that shadowed the multiview exit. Consuming
app/src/main/java/com/aeriotv/android/feature/multiview/MultiviewScreen.kt	465	Tap a tile to swap	// shows a stuck "Tap a tile to swap" and eats a BACK).
app/src/main/java/com/aeriotv/android/feature/multiview/MultiviewScreen.kt	525	Move Tile · arrows to move · OK or Back to finish	relocatingIndex != null -> if (isTvDevice) "Move Tile · arrows to move · OK or Back to finish" else "Tap a tile to swap"
app/src/main/java/com/aeriotv/android/feature/multiview/MultiviewScreen.kt	525	Tap a tile to swap	relocatingIndex != null -> if (isTvDevice) "Move Tile · arrows to move · OK or Back to finish" else "Tap a tile to swap"
app/src/main/java/com/aeriotv/android/feature/multiview/MultiviewScreen.kt	526	Back to exit fullscreen	fullscreenIndex != null -> if (isTvDevice) "Back to exit fullscreen" else "Double-tap to exit fullscreen"
app/src/main/java/com/aeriotv/android/feature/multiview/MultiviewScreen.kt	526	Double-tap to exit fullscreen	fullscreenIndex != null -> if (isTvDevice) "Back to exit fullscreen" else "Double-tap to exit fullscreen"
app/src/main/java/com/aeriotv/android/feature/multiview/MultiviewScreen.kt	527	${selected.size} / ${storeHandle.maxTiles} · Back to exit	isTvDevice -> "${selected.size} / ${storeHandle.maxTiles} · Back to exit"
app/src/main/java/com/aeriotv/android/feature/multiview/MultiviewScreen.kt	528	${selected.size} / ${storeHandle.maxTiles}	else -> "${selected.size} / ${storeHandle.maxTiles}"
app/src/main/java/com/aeriotv/android/feature/multiview/MultiviewScreen.kt	544	Add streams	// Item #7 phone parity: TV reaches "Add streams" through the BACK
app/src/main/java/com/aeriotv/android/feature/multiview/MultiviewScreen.kt	573	Grid layout	contentDescription = "Grid layout",
app/src/main/java/com/aeriotv/android/feature/multiview/MultiviewScreen.kt	594	Add streams	contentDescription = "Add streams",
app/src/main/java/com/aeriotv/android/feature/multiview/MultiviewScreen.kt	605	Leave Multiview?	title = "Leave Multiview?",
app/src/main/java/com/aeriotv/android/feature/multiview/MultiviewScreen.kt	608	Add streams	label = "Add streams",
app/src/main/java/com/aeriotv/android/feature/multiview/MultiviewScreen.kt	614	Back to TV Guide	// "Back to TV Guide" removed (Logan 2026-08-31): with Add
app/src/main/java/com/aeriotv/android/feature/multiview/MultiviewScreen.kt	618	Exit Multiview	label = "Exit Multiview",
app/src/main/java/com/aeriotv/android/feature/multiview/MultiviewScreen.kt	638	Add streams	// Re-entrant Add-to-Multiview picker (from the menu's "Add streams").
app/src/main/java/com/aeriotv/android/feature/multiview/MultiviewScreen.kt	664	Exit Full-Screen	// fullscreen), so no "Exit Full-Screen" row is needed -- BACK exits.
app/src/main/java/com/aeriotv/android/feature/multiview/MultiviewScreen.kt	684	Add streams	// Select (long-OK) opens this menu, so "Add streams" must live
app/src/main/java/com/aeriotv/android/feature/multiview/MultiviewScreen.kt	690	Add Channel	label = "Add Channel",
app/src/main/java/com/aeriotv/android/feature/multiview/MultiviewScreen.kt	697	Add streams	// the very same picker as "Add streams". No cap check here -
app/src/main/java/com/aeriotv/android/feature/multiview/MultiviewScreen.kt	703	Playback	label = "Playback",
app/src/main/java/com/aeriotv/android/feature/multiview/MultiviewScreen.kt	708	Change Channel	// "Change Channel" (nee Swap Stream, renamed with iOS
app/src/main/java/com/aeriotv/android/feature/multiview/MultiviewScreen.kt	712	Change Channel	label = "Change Channel",
app/src/main/java/com/aeriotv/android/feature/multiview/MultiviewScreen.kt	722	Full-Screen in Grid	label = "Full-Screen in Grid",
app/src/main/java/com/aeriotv/android/feature/multiview/MultiviewScreen.kt	736	Remove Spotlight	label = if (isSpotlit) "Remove Spotlight" else "Spotlight This Tile",
app/src/main/java/com/aeriotv/android/feature/multiview/MultiviewScreen.kt	736	Spotlight This Tile	label = if (isSpotlit) "Remove Spotlight" else "Spotlight This Tile",
app/src/main/java/com/aeriotv/android/feature/multiview/MultiviewScreen.kt	753	Spotlight This Tile	// shape here -- it is the per-tile "Spotlight This Tile" action
app/src/main/java/com/aeriotv/android/feature/multiview/MultiviewScreen.kt	772	Layout: ${mode.displayName}	label = "Layout: ${mode.displayName}",
app/src/main/java/com/aeriotv/android/feature/multiview/MultiviewScreen.kt	784	Audio Track	label = "Audio Track",
app/src/main/java/com/aeriotv/android/feature/multiview/MultiviewScreen.kt	793	Subtitle Track	label = "Subtitle Track",
app/src/main/java/com/aeriotv/android/feature/multiview/MultiviewScreen.kt	807	Hide Scrubber	label = if (scrubOn) "Hide Scrubber" else "Show Scrubber",
app/src/main/java/com/aeriotv/android/feature/multiview/MultiviewScreen.kt	807	Show Scrubber	label = if (scrubOn) "Hide Scrubber" else "Show Scrubber",
app/src/main/java/com/aeriotv/android/feature/multiview/MultiviewScreen.kt	818	Move Tile	label = "Move Tile",
app/src/main/java/com/aeriotv/android/feature/multiview/MultiviewScreen.kt	828	Remove	label = "Remove",
app/src/main/java/com/aeriotv/android/feature/multiview/MultiviewScreen.kt	858	Playback	title = "Playback",
app/src/main/java/com/aeriotv/android/feature/multiview/MultiviewScreen.kt	862	RW 60s	label = "RW 60s",
app/src/main/java/com/aeriotv/android/feature/multiview/MultiviewScreen.kt	871	Pause	label = if (pbPlayer?.playWhenReady == false) "Play" else "Pause",
app/src/main/java/com/aeriotv/android/feature/multiview/MultiviewScreen.kt	871	Play	label = if (pbPlayer?.playWhenReady == false) "Play" else "Pause",
app/src/main/java/com/aeriotv/android/feature/multiview/MultiviewScreen.kt	880	FF 60s	label = "FF 60s",
app/src/main/java/com/aeriotv/android/feature/multiview/MultiviewScreen.kt	896	Return to Live	label = "Return to Live",
app/src/main/java/com/aeriotv/android/feature/multiview/MultiviewScreen.kt	974	Exit multiview	contentDescription = "Exit multiview",
app/src/main/java/com/aeriotv/android/feature/multiview/MultiviewScreen.kt	1050	fullscreen a tile	// tvOS parity (MultiviewTileView.shouldPause): "fullscreen a tile" only
app/src/main/java/com/aeriotv/android/feature/multiview/MultiviewScreen.kt	1331	Hide Scrubber	// nav + the long-OK tile menu where "Hide Scrubber"
app/src/main/java/com/aeriotv/android/feature/multiview/MultiviewScreen.kt	1345	Finished	* "Finished" card: a checkmark, the title, and Replay (restart this tile) +
app/src/main/java/com/aeriotv/android/feature/multiview/MultiviewScreen.kt	1494	tileBorderColor	label = "tileBorderColor",
app/src/main/java/com/aeriotv/android/feature/multiview/MultiviewScreen.kt	1499	tileBorderWidth	label = "tileBorderWidth",
app/src/main/java/com/aeriotv/android/feature/multiview/MultiviewScreen.kt	1758	Audio sink error	// failure ("Audio sink error" with 4 passthrough AC-3 sinks)
app/src/main/java/com/aeriotv/android/feature/multiview/MultiviewScreen.kt	1793	$channelName audio=$audioStrategy dropped=$dropped frames=$rendered avgOffsetMs=${	Log.i("TileStats", "$channelName audio=$audioStrategy dropped=$dropped frames=$rendered avgOffsetMs=${"%.1f".format(avgMs)} maxConsecDrop=${c.maxConsecutiveDroppedBufferCount}")
app/src/main/java/com/aeriotv/android/feature/multiview/MultiviewScreen.kt	1793	.format(avgMs)} maxConsecDrop=${c.maxConsecutiveDroppedBufferCount}	Log.i("TileStats", "$channelName audio=$audioStrategy dropped=$dropped frames=$rendered avgOffsetMs=${"%.1f".format(avgMs)} maxConsecDrop=${c.maxConsecutiveDroppedBufferCount}")
app/src/main/java/com/aeriotv/android/feature/multiview/MultiviewScreen.kt	1852	[RECOVER] tile $channelName clean end #$streak; reconnecting in ${backoffMs}ms	Log.w(TAG, "[RECOVER] tile $channelName clean end #$streak; reconnecting in ${backoffMs}ms")
app/src/main/java/com/aeriotv/android/feature/multiview/MultiviewScreen.kt	1863	[RECOVER] tile $channelName clean end #$streak session check: 	"[RECOVER] tile $channelName clean end #$streak session check: " +
app/src/main/java/com/aeriotv/android/feature/multiview/MultiviewScreen.kt	1882	[RECOVER] tile $channelName clean end #$streak: reconnecting	Log.i(TAG, "[RECOVER] tile $channelName clean end #$streak: reconnecting")
app/src/main/java/com/aeriotv/android/feature/multiview/MultiviewScreen.kt	1898	[LIMIT] tile $channelName ${notice.kind} \"${notice.message}\"; waiting for Retry	Log.w(TAG, "[LIMIT] tile $channelName ${notice.kind} \"${notice.message}\"; waiting for Retry")
app/src/main/java/com/aeriotv/android/feature/multiview/MultiviewScreen.kt	1911	Tile audio sink failed, continuing without audio: $channelName (${error.errorCodeName})	Log.w(TAG, "Tile audio sink failed, continuing without audio: $channelName (${error.errorCodeName})")
app/src/main/java/com/aeriotv/android/feature/multiview/MultiviewScreen.kt	1917	audio sink fallback (${error.errorCodeName})	tracer.recover("audio sink fallback (${error.errorCodeName})")
app/src/main/java/com/aeriotv/android/feature/multiview/MultiviewScreen.kt	1935	Tile format unplayable on this device, not retrying: $channelName (${error.errorCodeName})	Log.w(TAG, "Tile format unplayable on this device, not retrying: $channelName (${error.errorCodeName})")
app/src/main/java/com/aeriotv/android/feature/multiview/MultiviewScreen.kt	1938	${error.errorCodeName}: $it	?.let { "${error.errorCodeName}: $it" } ?: error.errorCodeName
app/src/main/java/com/aeriotv/android/feature/multiview/MultiviewScreen.kt	1944	Tile giving up after $consecutiveRetries retries: $channelName (${error.errorCodeName})	Log.w(TAG, "Tile giving up after $consecutiveRetries retries: $channelName (${error.errorCodeName})")
app/src/main/java/com/aeriotv/android/feature/multiview/MultiviewScreen.kt	1949	${error.errorCodeName}: $it	?.let { "${error.errorCodeName}: $it" } ?: error.errorCodeName
app/src/main/java/com/aeriotv/android/feature/multiview/MultiviewScreen.kt	1954	Tile re-prepare on error: $channelName ${error.errorCodeName} attempt=$consecutiveRetries	Log.w(TAG, "Tile re-prepare on error: $channelName ${error.errorCodeName} attempt=$consecutiveRetries")
app/src/main/java/com/aeriotv/android/feature/multiview/MultiviewScreen.kt	1956	tile re-prepare attempt=$consecutiveRetries	tracer.recover("tile re-prepare attempt=$consecutiveRetries")
app/src/main/java/com/aeriotv/android/feature/multiview/MultiviewScreen.kt	1969	Tile error-overlay retry: $channelName	Log.i(TAG, "Tile error-overlay retry: $channelName")
app/src/main/java/com/aeriotv/android/feature/multiview/MultiviewScreen.kt	1975	tile error-overlay retry	tracer.recover("tile error-overlay retry")
app/src/main/java/com/aeriotv/android/feature/multiview/MultiviewScreen.kt	1981	Tile ExoPlayer loading: $channelName	Log.i(TAG, "Tile ExoPlayer loading: $channelName")
app/src/main/java/com/aeriotv/android/feature/multiview/MultiviewScreen.kt	2012	Tile view: ${if (surfaceTiles) 	Log.i(TAG, "Tile view: ${if (surfaceTiles) "SurfaceView" else "TextureView"} scaling=${if (tileScalingIsCrop) "crop" else "fit"}")
app/src/main/java/com/aeriotv/android/feature/multiview/MultiviewScreen.kt	2012	} scaling=${if (tileScalingIsCrop) 	Log.i(TAG, "Tile view: ${if (surfaceTiles) "SurfaceView" else "TextureView"} scaling=${if (tileScalingIsCrop) "crop" else "fit"}")
app/src/main/java/com/aeriotv/android/feature/multiview/MultiviewScreen.kt	2021	Tile ExoPlayer swap: ${currentUrlRef.value} -> $url	Log.i(TAG, "Tile ExoPlayer swap: ${currentUrlRef.value} -> $url")
app/src/main/java/com/aeriotv/android/feature/multiview/MultiviewScreen.kt	2078	Tile ExoPlayer releasing: $channelName	Log.i(TAG, "Tile ExoPlayer releasing: $channelName")
app/src/main/java/com/aeriotv/android/feature/multiview/MultiviewScreen.kt	2134	Playback Problem	text = "Playback Problem",
app/src/main/java/com/aeriotv/android/feature/multiview/MultiviewScreen.kt	2149	Retry	Text("Retry")
app/src/main/java/com/aeriotv/android/feature/multiview/MultiviewScreen.kt	2223	Hide Scrubber	// the long-OK tile menu (where "Hide Scrubber" lives). The strip hands focus
app/src/main/java/com/aeriotv/android/feature/multiview/MultiviewScreen.kt	2358	${mvFormatTime(shown)} / ${mvFormatTime(durationMs)}	text = "${mvFormatTime(shown)} / ${mvFormatTime(durationMs)}",
app/src/main/java/com/aeriotv/android/feature/multiview/MultiviewStore.kt	156	Add to Multiview	* Used when the user opens "Add to Multiview" while watching a single
app/src/main/java/com/aeriotv/android/feature/multiview/MultiviewStore.kt	279	memory pressure (level=$level): shed ${current.size - 1} of ${current.size} tiles, kept ${keep.displayName}	"memory pressure (level=$level): shed ${current.size - 1} of ${current.size} tiles, kept ${keep.displayName}",
app/src/main/java/com/aeriotv/android/feature/multiview/TileLiveCalls.kt	152	GH#32: dropped tile request header with illegal name (len=${name.length})	Log.w(TAG, "GH#32: dropped tile request header with illegal name (len=${name.length})")
app/src/main/java/com/aeriotv/android/feature/multiview/TileLiveCalls.kt	156	GH#32: stripped illegal char(s) from tile '$name' header value	if (safe !== value) Log.w(TAG, "GH#32: stripped illegal char(s) from tile '$name' header value")
app/src/main/java/com/aeriotv/android/feature/onboarding/ChooseSourceTypeScreen.kt	45	Add Playlist	* Mirrors iOS App Store screenshot IMG_1077: "Add Playlist" back stack frame
app/src/main/java/com/aeriotv/android/feature/onboarding/ChooseSourceTypeScreen.kt	46	Choose Source Type	* with "Choose Source Type" header and three rounded cards (Dispatcharr,
app/src/main/java/com/aeriotv/android/feature/onboarding/ChooseSourceTypeScreen.kt	63	Add Playlist	"Add Playlist",
app/src/main/java/com/aeriotv/android/feature/onboarding/ChooseSourceTypeScreen.kt	116	Choose Source Type	text = "Choose Source Type",
app/src/main/java/com/aeriotv/android/feature/onboarding/ChooseSourceTypeScreen.kt	123	Select how you want to connect to your media source.	text = "Select how you want to connect to your media source.",
app/src/main/java/com/aeriotv/android/feature/onboarding/ChooseSourceTypeScreen.kt	133	Dispatcharr Direct Connect	title = "Dispatcharr Direct Connect",
app/src/main/java/com/aeriotv/android/feature/onboarding/ChooseSourceTypeScreen.kt	134	Connect to Dispatcharr with your admin login or a personal API key 	subtitle = "Connect to Dispatcharr with your admin login or a personal API key " +
app/src/main/java/com/aeriotv/android/feature/onboarding/ChooseSourceTypeScreen.kt	135	(*AerioTV is not officially affiliated with the Dispatcharr project)	"(*AerioTV is not officially affiliated with the Dispatcharr project)",
app/src/main/java/com/aeriotv/android/feature/onboarding/ChooseSourceTypeScreen.kt	140	Xtream Codes	title = "Xtream Codes",
app/src/main/java/com/aeriotv/android/feature/onboarding/ChooseSourceTypeScreen.kt	141	Xtream Codes API. Live TV, VOD movies & series.	subtitle = "Xtream Codes API. Live TV, VOD movies & series.",
app/src/main/java/com/aeriotv/android/feature/onboarding/ChooseSourceTypeScreen.kt	146	M3U + EPG	title = "M3U + EPG",
app/src/main/java/com/aeriotv/android/feature/onboarding/ChooseSourceTypeScreen.kt	147	Any M3U playlist URL. Works with Dispatcharr, any IPTV provider.	subtitle = "Any M3U playlist URL. Works with Dispatcharr, any IPTV provider.",
app/src/main/java/com/aeriotv/android/feature/onboarding/ConfigureSourceScreen.kt	88	Test Connection	* same info banner, same "Test Connection" CTA.
app/src/main/java/com/aeriotv/android/feature/onboarding/ConfigureSourceScreen.kt	131	Dispatcharr Direct Connect	cardTitle = "Dispatcharr Direct Connect"
app/src/main/java/com/aeriotv/android/feature/onboarding/ConfigureSourceScreen.kt	132	Connect to Dispatcharr with your admin login or a personal API key 	cardSubtitle = "Connect to Dispatcharr with your admin login or a personal API key " +
app/src/main/java/com/aeriotv/android/feature/onboarding/ConfigureSourceScreen.kt	133	(*AerioTV is not officially affiliated with the Dispatcharr project)	"(*AerioTV is not officially affiliated with the Dispatcharr project)"
app/src/main/java/com/aeriotv/android/feature/onboarding/ConfigureSourceScreen.kt	137	Xtream Codes	cardTitle = "Xtream Codes"
app/src/main/java/com/aeriotv/android/feature/onboarding/ConfigureSourceScreen.kt	138	Xtream Codes API. Live TV, VOD movies & series.	cardSubtitle = "Xtream Codes API. Live TV, VOD movies & series."
app/src/main/java/com/aeriotv/android/feature/onboarding/ConfigureSourceScreen.kt	143	Any M3U playlist URL. Works with Dispatcharr, any IPTV provider.	cardSubtitle = "Any M3U playlist URL. Works with Dispatcharr, any IPTV provider."
app/src/main/java/com/aeriotv/android/feature/onboarding/ConfigureSourceScreen.kt	311	Test Connection	text = "Test Connection",
app/src/main/java/com/aeriotv/android/feature/onboarding/ConfigureSourceScreen.kt	335	Name	LabeledField(label = "Name") {
app/src/main/java/com/aeriotv/android/feature/onboarding/ConfigureSourceScreen.kt	339	My IPTV Server	placeholder = "My IPTV Server",
app/src/main/java/com/aeriotv/android/feature/onboarding/ConfigureSourceScreen.kt	345	Server URL	LabeledField(label = "Server URL") {
app/src/main/java/com/aeriotv/android/feature/onboarding/ConfigureSourceScreen.kt	365	Admin API Key	LabeledField(label = "Admin API Key") {
app/src/main/java/com/aeriotv/android/feature/onboarding/ConfigureSourceScreen.kt	370	Paste your admin API key	placeholder = "Paste your admin API key",
app/src/main/java/com/aeriotv/android/feature/onboarding/ConfigureSourceScreen.kt	385	Use a Dispatcharr Admin API Key (System -> Users -> Edit User -> API & XC). 	text = "Use a Dispatcharr Admin API Key (System -> Users -> Edit User -> API & XC). " +
app/src/main/java/com/aeriotv/android/feature/onboarding/ConfigureSourceScreen.kt	386	This enables native Dispatcharr endpoints for Live TV, Guide, Movies, 	"This enables native Dispatcharr endpoints for Live TV, Guide, Movies, " +
app/src/main/java/com/aeriotv/android/feature/onboarding/ConfigureSourceScreen.kt	387	and TV Shows. If your admin rotates the key, you'll need to re-enter it 	"and TV Shows. If your admin rotates the key, you'll need to re-enter it " +
app/src/main/java/com/aeriotv/android/feature/onboarding/ConfigureSourceScreen.kt	388	here. For hands-off auto-refresh, switch to Username & Password.	"here. For hands-off auto-refresh, switch to Username & Password.",
app/src/main/java/com/aeriotv/android/feature/onboarding/ConfigureSourceScreen.kt	392	Username	LabeledField(label = "Username") {
app/src/main/java/com/aeriotv/android/feature/onboarding/ConfigureSourceScreen.kt	396	Dispatcharr admin username	placeholder = "Dispatcharr admin username",
app/src/main/java/com/aeriotv/android/feature/onboarding/ConfigureSourceScreen.kt	402	Password	label = "Password",
app/src/main/java/com/aeriotv/android/feature/onboarding/ConfigureSourceScreen.kt	405	Dispatcharr admin password	placeholder = "Dispatcharr admin password",
app/src/main/java/com/aeriotv/android/feature/onboarding/ConfigureSourceScreen.kt	409	Use your Dispatcharr Dashboard password (System -> Users -> Account tab), 	text = "Use your Dispatcharr Dashboard password (System -> Users -> Account tab), " +
app/src/main/java/com/aeriotv/android/feature/onboarding/ConfigureSourceScreen.kt	410	not your Dispatcharr XC password.	"not your Dispatcharr XC password.",
app/src/main/java/com/aeriotv/android/feature/onboarding/ConfigureSourceScreen.kt	415	Save credentials and refresh automatically. AerioTV signs in with these 	text = "Save credentials and refresh automatically. AerioTV signs in with these " +
app/src/main/java/com/aeriotv/android/feature/onboarding/ConfigureSourceScreen.kt	417	Dispatcharr admin rotates your API key, AerioTV silently re-authenticates 	"Dispatcharr admin rotates your API key, AerioTV silently re-authenticates " +
app/src/main/java/com/aeriotv/android/feature/onboarding/ConfigureSourceScreen.kt	418	without prompting. Credentials are stored in encrypted Android storage.	"without prompting. Credentials are stored in encrypted Android storage.",
app/src/main/java/com/aeriotv/android/feature/onboarding/ConfigureSourceScreen.kt	426	Name	LabeledField(label = "Name") {
app/src/main/java/com/aeriotv/android/feature/onboarding/ConfigureSourceScreen.kt	430	My IPTV Server	placeholder = "My IPTV Server",
app/src/main/java/com/aeriotv/android/feature/onboarding/ConfigureSourceScreen.kt	435	Server URL	LabeledField(label = "Server URL") {
app/src/main/java/com/aeriotv/android/feature/onboarding/ConfigureSourceScreen.kt	445	Username	LabeledField(label = "Username") {
app/src/main/java/com/aeriotv/android/feature/onboarding/ConfigureSourceScreen.kt	449	XC Username	placeholder = "XC Username",
app/src/main/java/com/aeriotv/android/feature/onboarding/ConfigureSourceScreen.kt	455	Password	label = "Password",
app/src/main/java/com/aeriotv/android/feature/onboarding/ConfigureSourceScreen.kt	458	XC Password	placeholder = "XC Password",
app/src/main/java/com/aeriotv/android/feature/onboarding/ConfigureSourceScreen.kt	462	Enter your Xtream Codes server URL and credentials. Dispatcharr users: use your 	text = "Enter your Xtream Codes server URL and credentials. Dispatcharr users: use your " +
app/src/main/java/com/aeriotv/android/feature/onboarding/ConfigureSourceScreen.kt	463	Dispatcharr URL with the Xtream Codes username and password from Dispatcharr's 	"Dispatcharr URL with the Xtream Codes username and password from Dispatcharr's " +
app/src/main/java/com/aeriotv/android/feature/onboarding/ConfigureSourceScreen.kt	464	User settings.	"User settings.",
app/src/main/java/com/aeriotv/android/feature/onboarding/ConfigureSourceScreen.kt	470	Name	LabeledField(label = "Name") {
app/src/main/java/com/aeriotv/android/feature/onboarding/ConfigureSourceScreen.kt	474	My IPTV Server	placeholder = "My IPTV Server",
app/src/main/java/com/aeriotv/android/feature/onboarding/ConfigureSourceScreen.kt	479	M3U URL	LabeledField(label = "M3U URL") {
app/src/main/java/com/aeriotv/android/feature/onboarding/ConfigureSourceScreen.kt	505	Import M3U from a file instead	ImportFileLink(label = "Import M3U from a file instead") {
app/src/main/java/com/aeriotv/android/feature/onboarding/ConfigureSourceScreen.kt	512	EPG URL (optional)	LabeledField(label = "EPG URL (optional)") {
app/src/main/java/com/aeriotv/android/feature/onboarding/ConfigureSourceScreen.kt	531	Import XMLTV from a file instead	ImportFileLink(label = "Import XMLTV from a file instead") {
app/src/main/java/com/aeriotv/android/feature/onboarding/ConfigureSourceScreen.kt	536	Paste your M3U playlist URL. Works with Dispatcharr's /output/m3u, any IPTV 	text = "Paste your M3U playlist URL. Works with Dispatcharr's /output/m3u, any IPTV " +
app/src/main/java/com/aeriotv/android/feature/onboarding/ConfigureSourceScreen.kt	599	LAN URL (optional)	LabeledField(label = "LAN URL (optional)") {
app/src/main/java/com/aeriotv/android/feature/onboarding/ConfigureSourceScreen.kt	609	AerioTV uses this URL automatically whenever your server is reachable on 	text = "AerioTV uses this URL automatically whenever your server is reachable on " +
app/src/main/java/com/aeriotv/android/feature/onboarding/ConfigureSourceScreen.kt	719	Username & Password	label = "Username & Password",
app/src/main/java/com/aeriotv/android/feature/onboarding/ConfigureSourceScreen.kt	726	API Key	label = "API Key",
app/src/main/java/com/aeriotv/android/feature/onboarding/ConfigureSourceScreen.kt	769	Server URL	if (state.url.isBlank()) missing += "Server URL"
app/src/main/java/com/aeriotv/android/feature/onboarding/ConfigureSourceScreen.kt	775	Username & Password	// control still reads "Username & Password" (and vice versa), so a
app/src/main/java/com/aeriotv/android/feature/onboarding/ConfigureSourceScreen.kt	834	Fetch On Demand from this playlist	text = "Fetch On Demand from this playlist",
app/src/main/java/com/aeriotv/android/feature/onboarding/ConfigureSourceScreen.kt	851	When off, this playlist's movies and TV shows aren't loaded into On Demand. Useful if you only want Live TV from this server, or if you have a second playlist that already provides On Demand. You can change this later in Settings.	text = "When off, this playlist's movies and TV shows aren't loaded into On Demand. Useful if you only want Live TV from this server, or if you have a second playlist that already provides On Demand. You can change this later in Settings.",
app/src/main/java/com/aeriotv/android/feature/onboarding/ConfigureSourceScreen.kt	872	Default Recording Destination	text = "Default Recording Destination",
app/src/main/java/com/aeriotv/android/feature/onboarding/ConfigureSourceScreen.kt	879	Server (Dispatcharr)	listOf(true to "Server (Dispatcharr)", false to "This device").forEach { (isServer, label) ->
app/src/main/java/com/aeriotv/android/feature/onboarding/ConfigureSourceScreen.kt	879	This device	listOf(true to "Server (Dispatcharr)", false to "This device").forEach { (isServer, label) ->
app/src/main/java/com/aeriotv/android/feature/onboarding/ConfigureSourceScreen.kt	899	Where recordings are saved by default. Server recording requires a Dispatcharr admin account. You can change this later in Settings > DVR.	text = "Where recordings are saved by default. Server recording requires a Dispatcharr admin account. You can change this later in Settings > DVR.",
app/src/main/java/com/aeriotv/android/feature/onboarding/ConfigureSourceScreen.kt	914	Guide Days	text = "Guide Days",
app/src/main/java/com/aeriotv/android/feature/onboarding/ConfigureSourceScreen.kt	926	All Available	0 -> "All Available"
app/src/main/java/com/aeriotv/android/feature/onboarding/ConfigureSourceScreen.kt	927	1 Day	1 -> "1 Day"
app/src/main/java/com/aeriotv/android/feature/onboarding/ConfigureSourceScreen.kt	928	$days Days	else -> "$days Days"
app/src/main/java/com/aeriotv/android/feature/onboarding/ConfigureSourceScreen.kt	946	How many days of guide data to load, back and ahead. Dispatcharr only; other sources show what their guide carries.	text = "How many days of guide data to load, back and ahead. Dispatcharr only; other sources show what their guide carries.",
app/src/main/java/com/aeriotv/android/feature/onboarding/OnboardingSyncCategoryChooser.kt	96	What should come in from Drive?	text = "What should come in from Drive?",
app/src/main/java/com/aeriotv/android/feature/onboarding/OnboardingSyncCategoryChooser.kt	102	You can change any of this later in Settings, and each 	text = "You can change any of this later in Settings, and each " +
app/src/main/java/com/aeriotv/android/feature/onboarding/OnboardingSyncCategoryChooser.kt	132	Not now	TextButton(onClick = onDismiss) { Text("Not now") }
app/src/main/java/com/aeriotv/android/feature/onboarding/OnboardingSyncCategoryChooser.kt	134	Continue	Text("Continue")
app/src/main/java/com/aeriotv/android/feature/onboarding/OnboardingSyncProgressScreen.kt	48	Setting Up	* hydrates. iOS sibling: ServerSyncView's staged "Setting Up" card
app/src/main/java/com/aeriotv/android/feature/onboarding/OnboardingSyncProgressScreen.kt	51	Channels & Guide	* snapshots (DriveSyncManager pull order) plus a final "Channels & Guide"
app/src/main/java/com/aeriotv/android/feature/onboarding/OnboardingSyncProgressScreen.kt	100	Restoring Your Data	text = "Restoring Your Data",
app/src/main/java/com/aeriotv/android/feature/onboarding/OnboardingSyncProgressScreen.kt	107	Pulling your synced setup from Google Drive	text = "Pulling your synced setup from Google Drive",
app/src/main/java/com/aeriotv/android/feature/onboarding/OnboardingSyncProgressScreen.kt	133	Channels & Guide	label = "Channels & Guide",
app/src/main/java/com/aeriotv/android/feature/onboarding/OnboardingSyncProgressScreen.kt	136	Loading channels and guide	"Loading channels and guide"
app/src/main/java/com/aeriotv/android/feature/onboarding/OnboardingSyncProgressScreen.kt	147	Playlists & Servers	* the Settings toggles, e.g. "Playlists & Servers"). */
app/src/main/java/com/aeriotv/android/feature/onboarding/OnboardingSyncProgressScreen.kt	151	Watch progress	SyncCategory.WatchProgress -> "Watch progress"
app/src/main/java/com/aeriotv/android/feature/onboarding/SettingUpScreen.kt	40	Setting Up	* tvOS ServerSyncView ("Setting Up") parity: a staged-loading card shown while
app/src/main/java/com/aeriotv/android/feature/onboarding/SettingUpScreen.kt	52	Loading DVR	listOf("Loading EPG", "Loading VOD", "Loading DVR", "Loading preferences")
app/src/main/java/com/aeriotv/android/feature/onboarding/SettingUpScreen.kt	52	Loading EPG	listOf("Loading EPG", "Loading VOD", "Loading DVR", "Loading preferences")
app/src/main/java/com/aeriotv/android/feature/onboarding/SettingUpScreen.kt	52	Loading VOD	listOf("Loading EPG", "Loading VOD", "Loading DVR", "Loading preferences")
app/src/main/java/com/aeriotv/android/feature/onboarding/SettingUpScreen.kt	52	Loading preferences	listOf("Loading EPG", "Loading VOD", "Loading DVR", "Loading preferences")
app/src/main/java/com/aeriotv/android/feature/onboarding/SettingUpScreen.kt	77	Setting Up	text = "Setting Up",
app/src/main/java/com/aeriotv/android/feature/onboarding/SettingUpScreen.kt	105	Skip	Text("Skip", color = MaterialTheme.colorScheme.textAccent)
app/src/main/java/com/aeriotv/android/feature/onboarding/WelcomeScreen.kt	62	Connect a Server	* "Connect a Server" CTA + "Skip for now" link.
app/src/main/java/com/aeriotv/android/feature/onboarding/WelcomeScreen.kt	62	Skip for now	* "Connect a Server" CTA + "Skip for now" link.
app/src/main/java/com/aeriotv/android/feature/onboarding/WelcomeScreen.kt	217	Your IPTV & Media Hub	text = "Your IPTV & Media Hub",
app/src/main/java/com/aeriotv/android/feature/onboarding/WelcomeScreen.kt	223	Android TV · Phone · Tablet	text = "Android TV · Phone · Tablet",
app/src/main/java/com/aeriotv/android/feature/onboarding/WelcomeScreen.kt	233	Dispatcharr Direct Connect	SupportedTypeRow(icon = Icons.Filled.Key, label = "Dispatcharr Direct Connect", alignStart = alignStart)
app/src/main/java/com/aeriotv/android/feature/onboarding/WelcomeScreen.kt	234	Xtream Codes	SupportedTypeRow(icon = Icons.Filled.Tv, label = "Xtream Codes", alignStart = alignStart)
app/src/main/java/com/aeriotv/android/feature/onboarding/WelcomeScreen.kt	235	M3U + EPG	SupportedTypeRow(icon = Icons.Filled.Description, label = "M3U + EPG", alignStart = alignStart)
app/src/main/java/com/aeriotv/android/feature/onboarding/WelcomeScreen.kt	254	Sync via Google Account	title = "Sync via Google Account",
app/src/main/java/com/aeriotv/android/feature/onboarding/WelcomeScreen.kt	255	Sign in to mirror playlists, watch progress, reminders, and preferences across your devices.	subtitle = "Sign in to mirror playlists, watch progress, reminders, and preferences across your devices.",
app/src/main/java/com/aeriotv/android/feature/onboarding/WelcomeScreen.kt	278	Connect a Server	/** "Connect a Server" as a single-line row with a trailing chevron, mirroring
app/src/main/java/com/aeriotv/android/feature/onboarding/WelcomeScreen.kt	287	Connect a Server	title = "Connect a Server",
app/src/main/java/com/aeriotv/android/feature/onboarding/WelcomeScreen.kt	303	Skip for now	text = "Skip for now",
app/src/main/java/com/aeriotv/android/feature/onboarding/components/InfoCard.kt	76	Connect a Server	// Row-style cards (e.g. onboarding "Connect a Server") pass no
app/src/main/java/com/aeriotv/android/feature/ondemand/MovieDetailScreen.kt	293	Movie not found	text = "Movie not found",
app/src/main/java/com/aeriotv/android/feature/ondemand/MovieDetailScreen.kt	354	Play	title = if (hasResume) "Resume" else "Play",
app/src/main/java/com/aeriotv/android/feature/ondemand/MovieDetailScreen.kt	354	Resume	title = if (hasResume) "Resume" else "Play",
app/src/main/java/com/aeriotv/android/feature/ondemand/MovieDetailScreen.kt	370	Play from Beginning	title = "Play from Beginning",
app/src/main/java/com/aeriotv/android/feature/ondemand/MovieDetailScreen.kt	377	Version: ${selectedVersion?.label ?: 	title = "Version: ${selectedVersion?.label ?: "Auto"}",
app/src/main/java/com/aeriotv/android/feature/ondemand/MovieDetailScreen.kt	384	Trailer	title = "Trailer",
app/src/main/java/com/aeriotv/android/feature/ondemand/MovieDetailScreen.kt	391	Trailer	title = "Trailer",
app/src/main/java/com/aeriotv/android/feature/ondemand/MovieDetailScreen.kt	392	Scan with your phone to watch the trailer on YouTube.	caption = "Scan with your phone to watch the trailer on YouTube.",
app/src/main/java/com/aeriotv/android/feature/ondemand/MovieDetailScreen.kt	401	TMDB	title = "TMDB",
app/src/main/java/com/aeriotv/android/feature/ondemand/MovieDetailScreen.kt	405	View on TMDB	title = "View on TMDB",
app/src/main/java/com/aeriotv/android/feature/ondemand/MovieDetailScreen.kt	406	Scan with your phone to view this title on TMDB.	caption = "Scan with your phone to view this title on TMDB.",
app/src/main/java/com/aeriotv/android/feature/ondemand/MovieDetailScreen.kt	438	Auto	selectedVersion?.label ?: "Auto"
app/src/main/java/com/aeriotv/android/feature/ondemand/MovieDetailScreen.kt	454	Trailer	if (label == "Trailer" && youtubeResolvable) {
app/src/main/java/com/aeriotv/android/feature/ondemand/MovieDetailScreen.kt	460	Scan with your phone to watch the trailer on YouTube.	"Trailer" -> "Scan with your phone to watch the trailer on YouTube."
app/src/main/java/com/aeriotv/android/feature/ondemand/MovieDetailScreen.kt	461	Scan with your phone to view this title on TMDB.	else -> "Scan with your phone to view this title on TMDB."
app/src/main/java/com/aeriotv/android/feature/ondemand/MovieDetailScreen.kt	577	Trailer	title = "Trailer",
app/src/main/java/com/aeriotv/android/feature/ondemand/MovieDetailScreen.kt	580	Play in YouTube	label = "Play in YouTube",
app/src/main/java/com/aeriotv/android/feature/ondemand/MovieDetailScreen.kt	589	Show QR Code	label = "Show QR Code",
app/src/main/java/com/aeriotv/android/feature/ondemand/MovieDetailScreen.kt	593	Trailer	title = "Trailer",
app/src/main/java/com/aeriotv/android/feature/ondemand/MovieDetailScreen.kt	594	Scan with your phone to watch the trailer on YouTube.	caption = "Scan with your phone to watch the trailer on YouTube.",
app/src/main/java/com/aeriotv/android/feature/ondemand/MovieDetailScreen.kt	906	Version: {label}	// (Dispatcharr Direct Connect); renders the "Version: {label}" pill.
app/src/main/java/com/aeriotv/android/feature/ondemand/MovieDetailScreen.kt	986	View on TMDB	text = "View on TMDB",
app/src/main/java/com/aeriotv/android/feature/ondemand/MovieDetailScreen.kt	987	View on TMDB	onClick = { onOpenUrl("View on TMDB", tmdbUrl) },
app/src/main/java/com/aeriotv/android/feature/ondemand/MovieDetailScreen.kt	993	Version: $versionLabel	text = "Version: $versionLabel",
app/src/main/java/com/aeriotv/android/feature/ondemand/MovieDetailScreen.kt	1045	Cast & Crew	text = "Cast & Crew",
app/src/main/java/com/aeriotv/android/feature/ondemand/MovieDetailScreen.kt	1196	$label:	text = "$label:",
app/src/main/java/com/aeriotv/android/feature/ondemand/MovieDetailScreen.kt	1260	Related	* Phone/tablet "Related" strip: library titles TMDB recommends for the
app/src/main/java/com/aeriotv/android/feature/ondemand/MovieDetailScreen.kt	1261	Available Related Titles	* opened one (tvOS "Available Related Titles"). Header matches the Cast &
app/src/main/java/com/aeriotv/android/feature/ondemand/OnDemandTabContent.kt	238	On Demand	text = "On Demand",
app/src/main/java/com/aeriotv/android/feature/ondemand/OnDemandTabContent.kt	257	vodPillsCollapse	label = "vodPillsCollapse",
app/src/main/java/com/aeriotv/android/feature/ondemand/OnDemandTabContent.kt	402	a separate tab ... horizontal scrolling 2 rows	* for exactly this ("a separate tab ... horizontal scrolling 2 rows"). The pill
app/src/main/java/com/aeriotv/android/feature/ondemand/OnDemandTabContent.kt	421	Nothing in progress	title = "Nothing in progress",
app/src/main/java/com/aeriotv/android/feature/ondemand/OnDemandTabContent.kt	422	Movies and shows you start will show up here so you can pick up where you left off.	body = "Movies and shows you start will show up here so you can pick up where you left off.",
app/src/main/java/com/aeriotv/android/feature/ondemand/OnDemandTabContent.kt	434	Movies	title = "Movies",
app/src/main/java/com/aeriotv/android/feature/ondemand/OnDemandTabContent.kt	445	TV Shows	title = "TV Shows",
app/src/main/java/com/aeriotv/android/feature/ondemand/OnDemandTabContent.kt	528	Movies needs Dispatcharr	title = "Movies needs Dispatcharr",
app/src/main/java/com/aeriotv/android/feature/ondemand/OnDemandTabContent.kt	529	Switch to a Dispatcharr playlist in Settings to browse movies.	body = "Switch to a Dispatcharr playlist in Settings to browse movies.",
app/src/main/java/com/aeriotv/android/feature/ondemand/OnDemandTabContent.kt	565	Search movies	placeholder = "Search movies",
app/src/main/java/com/aeriotv/android/feature/ondemand/OnDemandTabContent.kt	574	${visibleFiltered.size} / $total	"${visibleFiltered.size} / $total"
app/src/main/java/com/aeriotv/android/feature/ondemand/OnDemandTabContent.kt	579	${visibleFiltered.size} / $total	"${visibleFiltered.size} / $total"
app/src/main/java/com/aeriotv/android/feature/ondemand/OnDemandTabContent.kt	599	Couldn't load movies: $err	text = "Couldn't load movies: $err",
app/src/main/java/com/aeriotv/android/feature/ondemand/OnDemandTabContent.kt	611	Everything's hidden	hiddenMovieGroups.isNotEmpty() -> "Everything's hidden"
app/src/main/java/com/aeriotv/android/feature/ondemand/OnDemandTabContent.kt	615	Try a different search term.	state.searchQuery.isNotBlank() -> "Try a different search term."
app/src/main/java/com/aeriotv/android/feature/ondemand/OnDemandTabContent.kt	616	 else 	hiddenMovieGroups.isNotEmpty() -> "All ${hiddenMovieGroups.size} group${if (hiddenMovieGroups.size == 1) "" else "s"} you chose to hide accounts for every movie in this library. Use the filter button to show some again."
app/src/main/java/com/aeriotv/android/feature/ondemand/OnDemandTabContent.kt	616	All ${hiddenMovieGroups.size} group${if (hiddenMovieGroups.size == 1) 	hiddenMovieGroups.isNotEmpty() -> "All ${hiddenMovieGroups.size} group${if (hiddenMovieGroups.size == 1) "" else "s"} you chose to hide accounts for every movie in this library. Use the filter button to show some again."
app/src/main/java/com/aeriotv/android/feature/ondemand/OnDemandTabContent.kt	616	} you chose to hide accounts for every movie in this library. Use the filter button to show some again.	hiddenMovieGroups.isNotEmpty() -> "All ${hiddenMovieGroups.size} group${if (hiddenMovieGroups.size == 1) "" else "s"} you chose to hide accounts for every movie in this library. Use the filter button to show some again."
app/src/main/java/com/aeriotv/android/feature/ondemand/OnDemandTabContent.kt	617	Dispatcharr returned an empty Movies library. Confirm VOD is enabled on the server.	else -> "Dispatcharr returned an empty Movies library. Confirm VOD is enabled on the server."
app/src/main/java/com/aeriotv/android/feature/ondemand/OnDemandTabContent.kt	776	Series needs Dispatcharr	title = "Series needs Dispatcharr",
app/src/main/java/com/aeriotv/android/feature/ondemand/OnDemandTabContent.kt	777	Switch to a Dispatcharr playlist in Settings to browse series.	body = "Switch to a Dispatcharr playlist in Settings to browse series.",
app/src/main/java/com/aeriotv/android/feature/ondemand/OnDemandTabContent.kt	798	Search series	placeholder = "Search series",
app/src/main/java/com/aeriotv/android/feature/ondemand/OnDemandTabContent.kt	807	${visibleSeriesFiltered.size} / $total	"${visibleSeriesFiltered.size} / $total"
app/src/main/java/com/aeriotv/android/feature/ondemand/OnDemandTabContent.kt	812	${visibleSeriesFiltered.size} / $total	"${visibleSeriesFiltered.size} / $total"
app/src/main/java/com/aeriotv/android/feature/ondemand/OnDemandTabContent.kt	832	Couldn't load series: $err	text = "Couldn't load series: $err",
app/src/main/java/com/aeriotv/android/feature/ondemand/OnDemandTabContent.kt	844	Everything's hidden	hiddenSeriesGroups.isNotEmpty() -> "Everything's hidden"
app/src/main/java/com/aeriotv/android/feature/ondemand/OnDemandTabContent.kt	848	Try a different search term.	state.seriesSearchQuery.isNotBlank() -> "Try a different search term."
app/src/main/java/com/aeriotv/android/feature/ondemand/OnDemandTabContent.kt	849	 else 	hiddenSeriesGroups.isNotEmpty() -> "All ${hiddenSeriesGroups.size} group${if (hiddenSeriesGroups.size == 1) "" else "s"} you chose to hide accounts for every series in this library. Use the filter button to show some again."
app/src/main/java/com/aeriotv/android/feature/ondemand/OnDemandTabContent.kt	849	All ${hiddenSeriesGroups.size} group${if (hiddenSeriesGroups.size == 1) 	hiddenSeriesGroups.isNotEmpty() -> "All ${hiddenSeriesGroups.size} group${if (hiddenSeriesGroups.size == 1) "" else "s"} you chose to hide accounts for every series in this library. Use the filter button to show some again."
app/src/main/java/com/aeriotv/android/feature/ondemand/OnDemandTabContent.kt	849	} you chose to hide accounts for every series in this library. Use the filter button to show some again.	hiddenSeriesGroups.isNotEmpty() -> "All ${hiddenSeriesGroups.size} group${if (hiddenSeriesGroups.size == 1) "" else "s"} you chose to hide accounts for every series in this library. Use the filter button to show some again."
app/src/main/java/com/aeriotv/android/feature/ondemand/OnDemandTabContent.kt	850	Dispatcharr returned an empty Series library. Confirm VOD is enabled on the server.	else -> "Dispatcharr returned an empty Series library. Confirm VOD is enabled on the server."
app/src/main/java/com/aeriotv/android/feature/ondemand/OnDemandTabContent.kt	1011	Filter groups	contentDescription = "Filter groups",
app/src/main/java/com/aeriotv/android/feature/ondemand/OnDemandTabContent.kt	1023	Filter groups	contentDescription = "Filter groups",
app/src/main/java/com/aeriotv/android/feature/ondemand/OnDemandTabContent.kt	1172	Untitled	text = series.displayName.ifBlank { "Untitled" },
app/src/main/java/com/aeriotv/android/feature/ondemand/OnDemandTabContent.kt	1204	Continue Watching	title: String = "Continue Watching",
app/src/main/java/com/aeriotv/android/feature/ondemand/OnDemandTabContent.kt	1315	Untitled	text = row.title.ifBlank { "Untitled" },
app/src/main/java/com/aeriotv/android/feature/ondemand/OnDemandTabContent.kt	1328	$remainingMin min left	text = "$remainingMin min left",
app/src/main/java/com/aeriotv/android/feature/ondemand/OnDemandTabContent.kt	1337	Untitled	title = row.title.ifBlank { "Untitled" },
app/src/main/java/com/aeriotv/android/feature/ondemand/OnDemandTabContent.kt	1359	Open Series	// offers "Open Series" above Remove. Null for the movie variant, and null
app/src/main/java/com/aeriotv/android/feature/ondemand/OnDemandTabContent.kt	1369	Open Series	label = "Open Series",
app/src/main/java/com/aeriotv/android/feature/ondemand/OnDemandTabContent.kt	1376	Remove from Continue Watching	label = "Remove from Continue Watching",
app/src/main/java/com/aeriotv/android/feature/ondemand/OnDemandTabContent.kt	1383	Cancel	add(TvMenuAction(label = "Cancel") {})
app/src/main/java/com/aeriotv/android/feature/ondemand/OnDemandTabContent.kt	1392	S1:E4 - Title	* each card shows the parent SERIES poster + name with an "S1:E4 - Title"
app/src/main/java/com/aeriotv/android/feature/ondemand/OnDemandTabContent.kt	1402	Continue Watching	title: String = "Continue Watching",
app/src/main/java/com/aeriotv/android/feature/ondemand/OnDemandTabContent.kt	1533	Untitled	text = seriesName.ifBlank { "Untitled" },
app/src/main/java/com/aeriotv/android/feature/ondemand/OnDemandTabContent.kt	1554	Untitled	title = seriesName.ifBlank { row.title.ifBlank { "Untitled" } },
app/src/main/java/com/aeriotv/android/feature/ondemand/OnDemandTabContent.kt	1627	Untitled	text = movie.displayName.ifBlank { "Untitled" },
app/src/main/java/com/aeriotv/android/feature/ondemand/OnDemandTabContent.kt	1708	Continue	ContinueWatching(label = "Continue", icon = Icons.Outlined.History),
app/src/main/java/com/aeriotv/android/feature/ondemand/OnDemandTabContent.kt	1709	Movies	Movies(label = "Movies", icon = Icons.Outlined.Movie),
app/src/main/java/com/aeriotv/android/feature/ondemand/OnDemandTabContent.kt	1710	Series	Series(label = "Series", icon = Icons.Outlined.Tv),
app/src/main/java/com/aeriotv/android/feature/ondemand/OnDemandTabContent.kt	1749	Clear search	contentDescription = "Clear search",
app/src/main/java/com/aeriotv/android/feature/ondemand/OnDemandTabContent.kt	1829	Clear search	contentDescription = if (query.isNotEmpty()) "Clear search" else "Close search",
app/src/main/java/com/aeriotv/android/feature/ondemand/OnDemandTabContent.kt	1829	Close search	contentDescription = if (query.isNotEmpty()) "Clear search" else "Close search",
app/src/main/java/com/aeriotv/android/feature/ondemand/OnDemandViewModel.kt	75	Continue Watching	* "Continue Watching" CTA.
app/src/main/java/com/aeriotv/android/feature/ondemand/OnDemandViewModel.kt	79	Load more	* with the "Load more" affordance.
app/src/main/java/com/aeriotv/android/feature/ondemand/OnDemandViewModel.kt	122	not found	// on demand so the detail screen opens instead of "not found".
app/src/main/java/com/aeriotv/android/feature/ondemand/OnDemandViewModel.kt	137	Includes titles with <name>	// "Includes titles with <name>" line under the field.
app/src/main/java/com/aeriotv/android/feature/ondemand/OnDemandViewModel.kt	580	[VOD-CACHE] restored $movieCount movies, $seriesCount series from the catalog (metadata ${decodeMs}ms)	Log.i(TAG, "[VOD-CACHE] restored $movieCount movies, $seriesCount series from the catalog (metadata ${decodeMs}ms)")
app/src/main/java/com/aeriotv/android/feature/ondemand/OnDemandViewModel.kt	611	[VOD-CACHE] written-under-denial latch: movies=$pendingMoviesRecovery 	"[VOD-CACHE] written-under-denial latch: movies=$pendingMoviesRecovery " +
app/src/main/java/com/aeriotv/android/feature/ondemand/OnDemandViewModel.kt	612	series=$pendingSeriesRecovery (legacy=$legacySnapshot); 	"series=$pendingSeriesRecovery (legacy=$legacySnapshot); " +
app/src/main/java/com/aeriotv/android/feature/ondemand/OnDemandViewModel.kt	613	forcing now movies=$forceMovies series=$forceSeries	"forcing now movies=$forceMovies series=$forceSeries",
app/src/main/java/com/aeriotv/android/feature/ondemand/OnDemandViewModel.kt	634	[VOD-CACHE] launch cadence: movies=${if (moviesFresh) 	Log.i(TAG, "[VOD-CACHE] launch cadence: movies=${if (moviesFresh) "fresh" else "stale"} series=${if (seriesFresh) "fresh" else "stale"}")
app/src/main/java/com/aeriotv/android/feature/ondemand/OnDemandViewModel.kt	634	} series=${if (seriesFresh) 	Log.i(TAG, "[VOD-CACHE] launch cadence: movies=${if (moviesFresh) "fresh" else "stale"} series=${if (seriesFresh) "fresh" else "stale"}")
app/src/main/java/com/aeriotv/android/feature/ondemand/OnDemandViewModel.kt	676	Refresh Movies and TV Shows	*  - cadence: the user's "Refresh Movies and TV Shows" window has expired
app/src/main/java/com/aeriotv/android/feature/ondemand/OnDemandViewModel.kt	704	[VOD] background sweep: gate=$gate movies=$sweepMovies series=$sweepSeries	Log.i(TAG, "[VOD] background sweep: gate=$gate movies=$sweepMovies series=$sweepSeries")
app/src/main/java/com/aeriotv/android/feature/ondemand/OnDemandViewModel.kt	742	[VOD] change probe: movies ${moviesProbeCount}/${moviesProbeNewest} -> 	"[VOD] change probe: movies ${moviesProbeCount}/${moviesProbeNewest} -> " +
app/src/main/java/com/aeriotv/android/feature/ondemand/OnDemandViewModel.kt	743	${movieProbe?.count}/${movieProbe?.newest}, series ${seriesProbeCount}/${seriesProbeNewest} -> 	"${movieProbe?.count}/${movieProbe?.newest}, series ${seriesProbeCount}/${seriesProbeNewest} -> " +
app/src/main/java/com/aeriotv/android/feature/ondemand/OnDemandViewModel.kt	744	${seriesProbe?.count}/${seriesProbe?.newest}	"${seriesProbe?.count}/${seriesProbe?.newest}",
app/src/main/java/com/aeriotv/android/feature/ondemand/OnDemandViewModel.kt	1016	Refresh Everything	// "Refresh Everything" (PlaylistViewModel.refreshEverything): the active
app/src/main/java/com/aeriotv/android/feature/ondemand/OnDemandViewModel.kt	1120	law and order	* Dispatcharr's `?search=` matches descriptions too ("law and order"
app/src/main/java/com/aeriotv/android/feature/ondemand/OnDemandViewModel.kt	1259	All Providers	* `null` = "All Providers". No-op when nothing changed.
app/src/main/java/com/aeriotv/android/feature/ondemand/OnDemandViewModel.kt	1299	Provider ${a.id}	map[a.id] = a.name?.takeIf { it.isNotBlank() } ?: "Provider ${a.id}"
app/src/main/java/com/aeriotv/android/feature/ondemand/OnDemandViewModel.kt	1385	People: '$query' -> ${bestName ?: 	Log.d(TAG, "People: '$query' -> ${bestName ?: "no match"} (${if (isMovie) bestMovies.size else bestSeries.size} in library)")
app/src/main/java/com/aeriotv/android/feature/ondemand/OnDemandViewModel.kt	1385	} (${if (isMovie) bestMovies.size else bestSeries.size} in library)	Log.d(TAG, "People: '$query' -> ${bestName ?: "no match"} (${if (isMovie) bestMovies.size else bestSeries.size} in library)")
app/src/main/java/com/aeriotv/android/feature/ondemand/OnDemandViewModel.kt	1623	[VOD] series sweep already running; ignoring refreshSeries(background=$background)	Log.i(TAG, "[VOD] series sweep already running; ignoring refreshSeries(background=$background)")
app/src/main/java/com/aeriotv/android/feature/ondemand/OnDemandViewModel.kt	1750	movies	val label = if (isMovie) "movies" else "series"
app/src/main/java/com/aeriotv/android/feature/ondemand/OnDemandViewModel.kt	1750	series	val label = if (isMovie) "movies" else "series"
app/src/main/java/com/aeriotv/android/feature/ondemand/OnDemandViewModel.kt	1766	 else 	"[VOD] $label sweep: generation ${plan.generation} (${if (plan.resumed) "resumed" else "new"}), " +
app/src/main/java/com/aeriotv/android/feature/ondemand/OnDemandViewModel.kt	1766	[VOD] $label sweep: generation ${plan.generation} (${if (plan.resumed) 	"[VOD] $label sweep: generation ${plan.generation} (${if (plan.resumed) "resumed" else "new"}), " +
app/src/main/java/com/aeriotv/android/feature/ondemand/OnDemandViewModel.kt	1767	${laneNames.size} lanes, ${active.size} to walk, background=$background	"${laneNames.size} lanes, ${active.size} to walk, background=$background",
app/src/main/java/com/aeriotv/android/feature/ondemand/OnDemandViewModel.kt	1775	[VOD-CAT] sweep start kind=$label playlist=${playlist.id} generation=${plan.generation} 	"[VOD-CAT] sweep start kind=$label playlist=${playlist.id} generation=${plan.generation} " +
app/src/main/java/com/aeriotv/android/feature/ondemand/OnDemandViewModel.kt	1776	lanes=${laneNames.size} toWalk=${active.size} background=$background	"lanes=${laneNames.size} toWalk=${active.size} background=$background",
app/src/main/java/com/aeriotv/android/feature/ondemand/OnDemandViewModel.kt	1783	[VOD-CAT] resumed from saved positions: $resumedLanes of ${plan.lanes.size} lanes still open, 	"[VOD-CAT] resumed from saved positions: $resumedLanes of ${plan.lanes.size} lanes still open, " +
app/src/main/java/com/aeriotv/android/feature/ondemand/OnDemandViewModel.kt	1784	${catalogStore.count(identity, kind)} titles already stored	"${catalogStore.count(identity, kind)} titles already stored",
app/src/main/java/com/aeriotv/android/feature/ondemand/OnDemandViewModel.kt	1814	VOD $label lane='${lane.lane}'	fetchPageWithRetry("VOD $label lane='${lane.lane}'") {
app/src/main/java/com/aeriotv/android/feature/ondemand/OnDemandViewModel.kt	1830	VOD $label sweep: unauthorized; stopping (positions kept)	warnUnlessCancelled("VOD $label sweep: unauthorized; stopping (positions kept)", failure)
app/src/main/java/com/aeriotv/android/feature/ondemand/OnDemandViewModel.kt	1845	[VOD-CAT] page written kind=$label lane='${lane.lane}' page=$pages 	"[VOD-CAT] page written kind=$label lane='${lane.lane}' page=$pages " +
app/src/main/java/com/aeriotv/android/feature/ondemand/OnDemandViewModel.kt	1846	rows=${page.written} runningTotal=$written serverCount=${page.count}	"rows=${page.written} runningTotal=$written serverCount=${page.count}",
app/src/main/java/com/aeriotv/android/feature/ondemand/OnDemandViewModel.kt	1875	Apple TV	// Groups never offers an empty category like "Apple TV". The
app/src/main/java/com/aeriotv/android/feature/ondemand/OnDemandViewModel.kt	1886	[VOD] $label sweep: generation ${plan.generation} stored nothing; library kept	Log.w(TAG, "[VOD] $label sweep: generation ${plan.generation} stored nothing; library kept")
app/src/main/java/com/aeriotv/android/feature/ondemand/OnDemandViewModel.kt	1891	[VOD] $label sweep: generation ${plan.generation} complete, $written rows written this run, 	"[VOD] $label sweep: generation ${plan.generation} complete, $written rows written this run, " +
app/src/main/java/com/aeriotv/android/feature/ondemand/OnDemandViewModel.kt	1896	[VOD-CAT] sweep complete kind=$label playlist=${playlist.id} written=$written 	"[VOD-CAT] sweep complete kind=$label playlist=${playlist.id} written=$written " +
app/src/main/java/com/aeriotv/android/feature/ondemand/OnDemandViewModel.kt	1897	stored movies=${catalogStore.count(identity, VodCatalogStore.KIND_MOVIE)} 	"stored movies=${catalogStore.count(identity, VodCatalogStore.KIND_MOVIE)} " +
app/src/main/java/com/aeriotv/android/feature/ondemand/OnDemandViewModel.kt	1898	series=${catalogStore.count(identity, VodCatalogStore.KIND_SERIES)} 	"series=${catalogStore.count(identity, VodCatalogStore.KIND_SERIES)} " +
app/src/main/java/com/aeriotv/android/feature/ondemand/OnDemandViewModel.kt	1899	staleRemoved=$deleted lanesGivenUp=${givenUp.size}	"staleRemoved=$deleted lanesGivenUp=${givenUp.size}",
app/src/main/java/com/aeriotv/android/feature/ondemand/OnDemandViewModel.kt	1905	[VOD] $label sweep: generation ${plan.generation} left open (${unfinished.size} lanes unfinished, 	"[VOD] $label sweep: generation ${plan.generation} left open (${unfinished.size} lanes unfinished, " +
app/src/main/java/com/aeriotv/android/feature/ondemand/OnDemandViewModel.kt	1910	[VOD-CAT] sweep incomplete kind=$label written=$written openLanes=${unfinished.size} 	"[VOD-CAT] sweep incomplete kind=$label written=$written openLanes=${unfinished.size} " +
app/src/main/java/com/aeriotv/android/feature/ondemand/OnDemandViewModel.kt	1911	stored=${catalogStore.count(identity, kind)}; positions saved for resume	"stored=${catalogStore.count(identity, kind)}; positions saved for resume",
app/src/main/java/com/aeriotv/android/feature/ondemand/OnDemandViewModel.kt	1915	No Movies	// empty "No Movies" grid (the old first-page failure path did too).
app/src/main/java/com/aeriotv/android/feature/ondemand/OnDemandViewModel.kt	1917	Couldn't load $label from Dispatcharr.	if (aborted) "Dispatcharr rejected the API key." else "Couldn't load $label from Dispatcharr."
app/src/main/java/com/aeriotv/android/feature/ondemand/OnDemandViewModel.kt	1917	Dispatcharr rejected the API key.	if (aborted) "Dispatcharr rejected the API key." else "Couldn't load $label from Dispatcharr."
app/src/main/java/com/aeriotv/android/feature/ondemand/OnDemandViewModel.kt	1968	$label page failed (attempt $attempt of $PAGE_RETRY_ATTEMPTS)	warnUnlessCancelled("$label page failed (attempt $attempt of $PAGE_RETRY_ATTEMPTS)", t)
app/src/main/java/com/aeriotv/android/feature/ondemand/OnDemandViewModel.kt	2031	getVODCategories failed; proceeding without groups	}.onFailure { warnUnlessCancelled("getVODCategories failed; proceeding without groups", it) }
app/src/main/java/com/aeriotv/android/feature/ondemand/OnDemandViewModel.kt	2046	Apple TV	// ACTIVE playlist/account has no VOD for (the "Apple TV" Series leak).
app/src/main/java/com/aeriotv/android/feature/ondemand/OnDemandViewModel.kt	2112	not found	// the title (GH #109); the resolving flag keeps "not found" off screen
app/src/main/java/com/aeriotv/android/feature/ondemand/OnDemandViewModel.kt	2140	4K: 	// ("4K: ") and suffix years that the row title may or may not
app/src/main/java/com/aeriotv/android/feature/ondemand/OnDemandViewModel.kt	2147	resolveMovie '$q' failed	}.onFailure { warnUnlessCancelled("resolveMovie '$q' failed", it) }.getOrNull()
app/src/main/java/com/aeriotv/android/feature/ondemand/OnDemandViewModel.kt	2151	not found	// title opened "not found" and playback got a 503). Accept the
app/src/main/java/com/aeriotv/android/feature/ondemand/OnDemandViewModel.kt	2165	[VOD] resolveMovie: no match among ${results.size} hits for '$q'	Log.w(TAG, "[VOD] resolveMovie: no match among ${results.size} hits for '$q'")
app/src/main/java/com/aeriotv/android/feature/ondemand/OnDemandViewModel.kt	2189	resolveSeries $id failed	}.onFailure { warnUnlessCancelled("resolveSeries $id failed", it) }.getOrNull()?.let(::stampSeriesGroup)
app/src/main/java/com/aeriotv/android/feature/ondemand/OnDemandViewModel.kt	2198	Known For	* Navigation target for a "Known For" tile in the cast bio sheet: the
app/src/main/java/com/aeriotv/android/feature/ondemand/OnDemandViewModel.kt	2213	Known For	* Find the library entity behind a "Known For" tile so the bio sheet can
app/src/main/java/com/aeriotv/android/feature/ondemand/OnDemandViewModel.kt	2264	s:id	* title's MediaItem key ("m:uuid" / "s:id") and is never returned; hits
app/src/main/java/com/aeriotv/android/feature/ondemand/OnDemandViewModel.kt	2332	Related: ${recs.size} TMDB recommendations -> ${out.size} in library	Log.d(TAG, "Related: ${recs.size} TMDB recommendations -> ${out.size} in library")
app/src/main/java/com/aeriotv/android/feature/ondemand/OnDemandViewModel.kt	2369	KnownFor movie search failed	}.onFailure { warnUnlessCancelled("KnownFor movie search failed", it) }
app/src/main/java/com/aeriotv/android/feature/ondemand/OnDemandViewModel.kt	2396	KnownFor series search failed	}.onFailure { warnUnlessCancelled("KnownFor series search failed", it) }
app/src/main/java/com/aeriotv/android/feature/ondemand/OnDemandViewModel.kt	2415	add a key in Settings	* provenance note uses it to pick between "add a key in Settings" and
app/src/main/java/com/aeriotv/android/feature/ondemand/OnDemandViewModel.kt	2416	no matching title	* "no matching title" when a title has no artwork (iOS tmdbSourceNote).
app/src/main/java/com/aeriotv/android/feature/ondemand/OnDemandViewModel.kt	2539	getMovieProviderInfo($movieId) failed	warnUnlessCancelled("getMovieProviderInfo($movieId) failed", t)
app/src/main/java/com/aeriotv/android/feature/ondemand/OnDemandViewModel.kt	2571	getSeriesProviderInfo($seriesId) failed	warnUnlessCancelled("getSeriesProviderInfo($seriesId) failed", t)
app/src/main/java/com/aeriotv/android/feature/ondemand/OnDemandViewModel.kt	2581	nothing to offer	* returns empty for every other source, which caches as "nothing to offer"
app/src/main/java/com/aeriotv/android/feature/ondemand/OnDemandViewModel.kt	2594	listVodMovieProviders($movieId) failed: ${t::class.simpleName}	Log.w(TAG, "listVodMovieProviders($movieId) failed: ${t::class.simpleName}")
app/src/main/java/com/aeriotv/android/feature/ondemand/OnDemandViewModel.kt	2729	listVodSeriesProviders($seriesId) failed: ${t::class.simpleName}	Log.w(TAG, "listVodSeriesProviders($seriesId) failed: ${t::class.simpleName}")
app/src/main/java/com/aeriotv/android/feature/ondemand/OnDemandViewModel.kt	2794	Version: ...	* "Version: ..." pill agrees with a Switch Version made inside the player.
app/src/main/java/com/aeriotv/android/feature/ondemand/OnDemandViewModel.kt	2906	prime getSeriesProviderInfo($seriesId) failed; loading episodes anyway	warnUnlessCancelled("prime getSeriesProviderInfo($seriesId) failed; loading episodes anyway", t)
app/src/main/java/com/aeriotv/android/feature/ondemand/OnDemandViewModel.kt	2931	getSeriesEpisodes($seriesId) failed	warnUnlessCancelled("getSeriesEpisodes($seriesId) failed", t)
app/src/main/java/com/aeriotv/android/feature/ondemand/OnDemandViewModel.kt	2934	Failed to allocate	t.message?.contains("Failed to allocate", ignoreCase = true) == true
app/src/main/java/com/aeriotv/android/feature/ondemand/OnDemandViewModel.kt	2935	This series is too large to load on this device.	val message = if (oom) "This series is too large to load on this device."
app/src/main/java/com/aeriotv/android/feature/ondemand/OnDemandViewModel.kt	2960	Active source is not Dispatcharr-backed.	return Result.failure(IllegalStateException("Active source is not Dispatcharr-backed."))
app/src/main/java/com/aeriotv/android/feature/ondemand/OnDemandViewModel.kt	3000	Active source is not Dispatcharr-backed.	return Result.failure(IllegalStateException("Active source is not Dispatcharr-backed."))
app/src/main/java/com/aeriotv/android/feature/ondemand/OnDemandViewModel.kt	3067	$XC_MOVIE_PREFIX$streamId-$containerExtension	uuid = "$XC_MOVIE_PREFIX$streamId-$containerExtension",
app/src/main/java/com/aeriotv/android/feature/ondemand/OnDemandViewModel.kt	3156	XC getVodStreams failed	.onFailure { warnUnlessCancelled("XC getVodStreams failed", it) }.getOrDefault(emptyList())
app/src/main/java/com/aeriotv/android/feature/ondemand/OnDemandViewModel.kt	3158	XC getSeries failed	.onFailure { warnUnlessCancelled("XC getSeries failed", it) }.getOrDefault(emptyList())
app/src/main/java/com/aeriotv/android/feature/ondemand/OnDemandViewModel.kt	3166	XC getVodCategories failed	.onFailure { warnUnlessCancelled("XC getVodCategories failed", it) }.getOrDefault(emptyList())
app/src/main/java/com/aeriotv/android/feature/ondemand/OnDemandViewModel.kt	3168	XC getSeriesCategories failed	.onFailure { warnUnlessCancelled("XC getSeriesCategories failed", it) }.getOrDefault(emptyList())
app/src/main/java/com/aeriotv/android/feature/ondemand/OnDemandViewModel.kt	3249	XC On Demand: enumerating ${movieCats.size} movie + ${seriesCats.size} series categories (interleaved)	Log.i(TAG, "XC On Demand: enumerating ${movieCats.size} movie + ${seriesCats.size} series categories (interleaved)")
app/src/main/java/com/aeriotv/android/feature/ondemand/OnDemandViewModel.kt	3326	$XC_EP_PREFIX${e.id}-${e.containerExtension}	uuid = "$XC_EP_PREFIX${e.id}-${e.containerExtension}",
app/src/main/java/com/aeriotv/android/feature/ondemand/OnDemandViewModel.kt	3349	XC getSeriesEpisodes($seriesId) failed	warnUnlessCancelled("XC getSeriesEpisodes($seriesId) failed", t)
app/src/main/java/com/aeriotv/android/feature/ondemand/OnDemandViewModel.kt	3370	Xtream credentials missing.	return Result.failure(IllegalStateException("Xtream credentials missing."))
app/src/main/java/com/aeriotv/android/feature/ondemand/OnDemandViewModel.kt	3502	$message: ${t::class.java.simpleName}: ${t.message}	Log.w(TAG, "$message: ${t::class.java.simpleName}: ${t.message}", t)
app/src/main/java/com/aeriotv/android/feature/ondemand/PersonBioDialog.kt	126	Not in your library.	"Not in your library.",
app/src/main/java/com/aeriotv/android/feature/ondemand/PersonBioDialog.kt	130	Not in your library.	missText = "Not in your library."
app/src/main/java/com/aeriotv/android/feature/ondemand/PersonBioDialog.kt	225	View on TMDB	// the device) -- a tappable "View on TMDB" link in the
app/src/main/java/com/aeriotv/android/feature/ondemand/PersonBioDialog.kt	236	Known For	text = "Known For",
app/src/main/java/com/aeriotv/android/feature/ondemand/PersonBioDialog.kt	276	View on TMDB	label = "View on TMDB",
app/src/main/java/com/aeriotv/android/feature/ondemand/PersonBioDialog.kt	289	Close	SettingsDialogTextButton(label = "Close", onClick = onDismiss)
app/src/main/java/com/aeriotv/android/feature/ondemand/PersonBioDialog.kt	316	TMDB page QR code	contentDescription = "TMDB page QR code",
app/src/main/java/com/aeriotv/android/feature/ondemand/PersonBioDialog.kt	323	View on TMDB	text = "View on TMDB",
app/src/main/java/com/aeriotv/android/feature/ondemand/PersonBioDialog.kt	331	Known For	* One poster + title tile in the bio sheet's "Known For" strip, with the
app/src/main/java/com/aeriotv/android/feature/ondemand/PersonBioDialog.kt	400	$label: $value	text = "$label: $value",
app/src/main/java/com/aeriotv/android/feature/ondemand/SeriesDetailScreen.kt	314	Cast & Crew · Episode $it	?.let { "Cast & Crew · Episode $it" }
app/src/main/java/com/aeriotv/android/feature/ondemand/SeriesDetailScreen.kt	315	Cast & Crew	?: "Cast & Crew"
app/src/main/java/com/aeriotv/android/feature/ondemand/SeriesDetailScreen.kt	320	Episode N	// was showing), else "Episode N". tvOS: VODDetailView.swift:793-798.
app/src/main/java/com/aeriotv/android/feature/ondemand/SeriesDetailScreen.kt	326	Episode ${ep.episodeNumber ?: ep.id}	return "Episode ${ep.episodeNumber ?: ep.id}"
app/src/main/java/com/aeriotv/android/feature/ondemand/SeriesDetailScreen.kt	409	Trailer	if (label == "Trailer" && youtubeResolvable) {
app/src/main/java/com/aeriotv/android/feature/ondemand/SeriesDetailScreen.kt	415	Scan with your phone to watch the trailer on YouTube.	"Trailer" -> "Scan with your phone to watch the trailer on YouTube."
app/src/main/java/com/aeriotv/android/feature/ondemand/SeriesDetailScreen.kt	416	Scan with your phone to view this title on TMDB.	else -> "Scan with your phone to view this title on TMDB."
app/src/main/java/com/aeriotv/android/feature/ondemand/SeriesDetailScreen.kt	485	Series not found	text = "Series not found",
app/src/main/java/com/aeriotv/android/feature/ondemand/SeriesDetailScreen.kt	534	Play	else -> target?.label ?: "Play"
app/src/main/java/com/aeriotv/android/feature/ondemand/SeriesDetailScreen.kt	545	Play from Beginning	title = "Play from Beginning",
app/src/main/java/com/aeriotv/android/feature/ondemand/SeriesDetailScreen.kt	552	Version: ${selectedVersion?.label ?: 	title = "Version: ${selectedVersion?.label ?: "Auto"}",
app/src/main/java/com/aeriotv/android/feature/ondemand/SeriesDetailScreen.kt	559	Trailer	title = "Trailer",
app/src/main/java/com/aeriotv/android/feature/ondemand/SeriesDetailScreen.kt	566	TMDB	title = "TMDB",
app/src/main/java/com/aeriotv/android/feature/ondemand/SeriesDetailScreen.kt	568	View on TMDB	onClick = { openLink("View on TMDB", url) },
app/src/main/java/com/aeriotv/android/feature/ondemand/SeriesDetailScreen.kt	595	Auto	selectedVersion?.label ?: "Auto"
app/src/main/java/com/aeriotv/android/feature/ondemand/SeriesDetailScreen.kt	670	Couldn't load episodes: $error	text = "Couldn't load episodes: $error",
app/src/main/java/com/aeriotv/android/feature/ondemand/SeriesDetailScreen.kt	679	Server returned no episodes for this series.	text = "Server returned no episodes for this series.",
app/src/main/java/com/aeriotv/android/feature/ondemand/SeriesDetailScreen.kt	852	Trailer	title = "Trailer",
app/src/main/java/com/aeriotv/android/feature/ondemand/SeriesDetailScreen.kt	855	Play in YouTube	label = "Play in YouTube",
app/src/main/java/com/aeriotv/android/feature/ondemand/SeriesDetailScreen.kt	864	Show QR Code	label = "Show QR Code",
app/src/main/java/com/aeriotv/android/feature/ondemand/SeriesDetailScreen.kt	868	Trailer	title = "Trailer",
app/src/main/java/com/aeriotv/android/feature/ondemand/SeriesDetailScreen.kt	869	Scan with your phone to watch the trailer on YouTube.	caption = "Scan with your phone to watch the trailer on YouTube.",
app/src/main/java/com/aeriotv/android/feature/ondemand/SeriesDetailScreen.kt	1013	Untitled	text = displayTitle(series.displayName, null).ifBlank { "Untitled" },
app/src/main/java/com/aeriotv/android/feature/ondemand/SeriesDetailScreen.kt	1065	Version: {label}	// (Dispatcharr Direct Connect); renders the "Version: {label}" pill.
app/src/main/java/com/aeriotv/android/feature/ondemand/SeriesDetailScreen.kt	1142	View on TMDB	PillButton(icon = Icons.Outlined.Info, text = "View on TMDB") {
app/src/main/java/com/aeriotv/android/feature/ondemand/SeriesDetailScreen.kt	1143	View on TMDB	onOpenUrl("View on TMDB", tmdbUrl)
app/src/main/java/com/aeriotv/android/feature/ondemand/SeriesDetailScreen.kt	1147	Version: $versionLabel	PillButton(icon = Icons.Outlined.Tune, text = "Version: $versionLabel") {
app/src/main/java/com/aeriotv/android/feature/ondemand/SeriesDetailScreen.kt	1278	Yoshitaka Yamaya	// "Yoshitaka Yamaya" across two lines on the 100 dp card.
app/src/main/java/com/aeriotv/android/feature/ondemand/SeriesDetailScreen.kt	1347	$label:	text = "$label:",
app/src/main/java/com/aeriotv/android/feature/ondemand/SeriesDetailScreen.kt	1380	Season {n}	// Apple always renders "Season {n}" (VODDetailView 849).
app/src/main/java/com/aeriotv/android/feature/ondemand/SeriesDetailScreen.kt	1381	Season $season	label = "Season $season",
app/src/main/java/com/aeriotv/android/feature/ondemand/SeriesDetailScreen.kt	1395	Season N	// Phone: always "Season N" (iOS VODDetailView 1557); selected
app/src/main/java/com/aeriotv/android/feature/ondemand/SeriesDetailScreen.kt	1399	Season $season	text = "Season $season",
app/src/main/java/com/aeriotv/android/feature/ondemand/SeriesDetailScreen.kt	1417	Episode {n}	/** Provider title when usable, else the TMDB name, else "Episode {n}". */
app/src/main/java/com/aeriotv/android/feature/ondemand/SeriesTarget.kt	25	Resume S{n} E{n}	*     ("Resume S{n} E{n}"), finished with a next episode -> the next one
app/src/main/java/com/aeriotv/android/feature/ondemand/SeriesTarget.kt	26	Play S{n} E{n}	*     ("Play S{n} E{n}"),
app/src/main/java/com/aeriotv/android/feature/ondemand/SeriesTarget.kt	27	Play S{n} E{n}	*  4. otherwise the first episode ("Play S{n} E{n}").
app/src/main/java/com/aeriotv/android/feature/ondemand/SeriesTarget.kt	44	Resume	return SeriesTarget(ordered[index], resuming = true, label = playLabel(ordered[index], "Resume"))
app/src/main/java/com/aeriotv/android/feature/ondemand/SeriesTarget.kt	48	Play	return SeriesTarget(next, resuming = false, label = playLabel(next, "Play"))
app/src/main/java/com/aeriotv/android/feature/ondemand/SeriesTarget.kt	53	Play	return SeriesTarget(first, resuming = false, label = playLabel(first, "Play"))
app/src/main/java/com/aeriotv/android/feature/ondemand/SeriesTarget.kt	67	[PROGRESS] target series=$seriesId -> s=${target.episode.seasonNumber ?: 0} 	"[PROGRESS] target series=$seriesId -> s=${target.episode.seasonNumber ?: 0} " +
app/src/main/java/com/aeriotv/android/feature/ondemand/SeriesTarget.kt	68	e=${target.episode.episodeNumber ?: 0} reason=$reason	"e=${target.episode.episodeNumber ?: 0} reason=$reason",
app/src/main/java/com/aeriotv/android/feature/ondemand/SeriesTarget.kt	73	$verb S${episode.seasonNumber ?: 1} E${episode.episodeNumber ?: 1}	"$verb S${episode.seasonNumber ?: 1} E${episode.episodeNumber ?: 1}"
app/src/main/java/com/aeriotv/android/feature/ondemand/VodDetailPhoneParts.kt	96	$label:	text = "$label:",
app/src/main/java/com/aeriotv/android/feature/ondemand/VodDetailPhoneParts.kt	110	Version: {label}	* "Version: {label}" capsule on its own row above the link pills: elevated
app/src/main/java/com/aeriotv/android/feature/ondemand/VodDetailPhoneParts.kt	122	Auto	val currentLabel = selected?.label ?: "Auto"
app/src/main/java/com/aeriotv/android/feature/ondemand/VodDetailPhoneParts.kt	140	Version: $currentLabel	text = "Version: $currentLabel",
app/src/main/java/com/aeriotv/android/feature/ondemand/VodDetailPhoneParts.kt	153	Auto (recommended)	label = "Auto (recommended)",
app/src/main/java/com/aeriotv/android/feature/ondemand/VodDetailPhoneParts.kt	213	Poster and missing details pulled from TMDB using your API key.	text = "Poster and missing details pulled from TMDB using your API key.",
app/src/main/java/com/aeriotv/android/feature/ondemand/VodDetailPhoneParts.kt	218	Poster pulled from TMDB using your API key.	text = "Poster pulled from TMDB using your API key.",
app/src/main/java/com/aeriotv/android/feature/ondemand/VodDetailPhoneParts.kt	223	Missing details filled in from TMDB using your API key.	text = "Missing details filled in from TMDB using your API key.",
app/src/main/java/com/aeriotv/android/feature/ondemand/VodDetailPhoneParts.kt	228	No artwork from your provider. Enter a TMDB API key in Settings > App Behaviors 	text = "No artwork from your provider. Enter a TMDB API key in Settings > App Behaviors " +
app/src/main/java/com/aeriotv/android/feature/ondemand/VodDetailPhoneParts.kt	229	to fill it in automatically. Only works when TMDB has a matching title.	"to fill it in automatically. Only works when TMDB has a matching title.",
app/src/main/java/com/aeriotv/android/feature/ondemand/VodDetailPhoneParts.kt	234	No matching title found on TMDB.	text = "No matching title found on TMDB.",
app/src/main/java/com/aeriotv/android/feature/ondemand/VodDetailPhoneParts.kt	262	Currently Watching	* 2467-2508, phone sizes): a "Watched" / "Currently Watching" capsule (10dp
app/src/main/java/com/aeriotv/android/feature/ondemand/VodDetailPhoneParts.kt	288	Currently Watching	text = if (finished) "Watched" else "Currently Watching",
app/src/main/java/com/aeriotv/android/feature/ondemand/VodDetailTvParts.kt	224	E$n	Text(text = "E$n", fontSize = 10.sp, fontWeight = FontWeight.Bold, color = Color.White)
app/src/main/java/com/aeriotv/android/feature/ondemand/VodDetailTvParts.kt	280	Mark as Unwatched	TvMenuAction(if (watched) "Mark as Unwatched" else "Mark as Watched") { onToggleWatched() },
app/src/main/java/com/aeriotv/android/feature/ondemand/VodDetailTvParts.kt	280	Mark as Watched	TvMenuAction(if (watched) "Mark as Unwatched" else "Mark as Watched") { onToggleWatched() },
app/src/main/java/com/aeriotv/android/feature/ondemand/VodDetailTvParts.kt	350	Available Related Titles	text = "Available Related Titles",
app/src/main/java/com/aeriotv/android/feature/ondemand/VodDetailTvParts.kt	371	Add to Watchlist	if (watchlisted(item)) "Remove from Watchlist" else "Add to Watchlist",
app/src/main/java/com/aeriotv/android/feature/ondemand/VodDetailTvParts.kt	371	Remove from Watchlist	if (watchlisted(item)) "Remove from Watchlist" else "Add to Watchlist",
app/src/main/java/com/aeriotv/android/feature/ondemand/VodDetailTvParts.kt	440	Untitled	text = title.ifBlank { "Untitled" },
app/src/main/java/com/aeriotv/android/feature/ondemand/VodDetailTvParts.kt	521	A Knight of the Seven Kingdoms (2026) S01E01	* ("A Knight of the Seven Kingdoms (2026) S01E01"), which is why the Android
app/src/main/java/com/aeriotv/android/feature/ondemand/VodDetailTvParts.kt	558	Animation / Comedy	* Genre list for the Details block: providers emit "Animation / Comedy",
app/src/main/java/com/aeriotv/android/feature/ondemand/VodDetailTvParts.kt	559	Animation,Comedy	* "Animation|Comedy" or "Animation,Comedy"; tvOS shows one comma-separated
app/src/main/java/com/aeriotv/android/feature/ondemand/VodDetailTvParts.kt	559	Animation|Comedy	* "Animation|Comedy" or "Animation,Comedy"; tvOS shows one comma-separated
app/src/main/java/com/aeriotv/android/feature/ondemand/VodVersionSheet.kt	144	Source {id}	* "Source {id}". [media] is this copy's MEASURED stream data when the server
app/src/main/java/com/aeriotv/android/feature/ondemand/VodVersionSheet.kt	154	Source ${account.id}	val name = account.name?.takeIf { it.isNotBlank() } ?: "Source ${account.id}"
app/src/main/java/com/aeriotv/android/feature/ondemand/VodVersionSheet.kt	201	${option.label} ($n)	option.copy(label = "${option.label} ($n)")
app/src/main/java/com/aeriotv/android/feature/ondemand/VodVersionSheet.kt	206	Auto (recommended)	* Version picker: "Auto (recommended)" (server priority + failover) plus one
app/src/main/java/com/aeriotv/android/feature/ondemand/VodVersionSheet.kt	232	Auto (recommended)	label = "Auto (recommended)",
app/src/main/java/com/aeriotv/android/feature/player/ConnectionLimitCard.kt	71	Retry	Text("Retry")
app/src/main/java/com/aeriotv/android/feature/player/ConnectionLimitCard.kt	75	Close another stream, then press Retry.	text = "Close another stream, then press Retry.",
app/src/main/java/com/aeriotv/android/feature/player/DisplayFrameRateMatcher.kt	133	setFrameRate(${	Log.i(TAG, "setFrameRate(${"%.2f".format(target)}) for content ${"%.2f".format(fps)}fps strategy=ALWAYS")
app/src/main/java/com/aeriotv/android/feature/player/ExoPlayerReaders.kt	132	${formatFps(fps)}fps	append("${formatFps(fps)}fps")
app/src/main/java/com/aeriotv/android/feature/player/ExoPlayerReaders.kt	150	decoder: MediaCodec	add("decoder: MediaCodec")
app/src/main/java/com/aeriotv/android/feature/player/ExoPlayerReaders.kt	400	$scan · ${formatFps(fps)} fps	return "$scan · ${formatFps(fps)} fps"
app/src/main/java/com/aeriotv/android/feature/player/LoadingDetailLine.kt	58	Received ${bytes / 1024L} KB	if (bytes < 1_048_576L) return "Received ${bytes / 1024L} KB"
app/src/main/java/com/aeriotv/android/feature/player/LoadingDetailLine.kt	67	loading / buffering status is showing	* [active] is the "loading / buffering status is showing" condition; its
app/src/main/java/com/aeriotv/android/feature/player/LoadingDetailLine.kt	100	Connecting to server	!s.connected -> "Connecting to server"
app/src/main/java/com/aeriotv/android/feature/player/LoadingDetailLine.kt	105	Waiting for stream data  $secs s	"Waiting for stream data  $secs s"
app/src/main/java/com/aeriotv/android/feature/player/LoadingDetailLine.kt	204	Buffering...	LoadingStatusText(status = "Buffering...")
app/src/main/java/com/aeriotv/android/feature/player/LoadingDetailLine.kt	284	Buffering...	LoadingStatusText(status = statusText ?: "Buffering...")
app/src/main/java/com/aeriotv/android/feature/player/PersistentExoWindow.kt	164	miniWidth	label = "miniWidth",
app/src/main/java/com/aeriotv/android/feature/player/PersistentExoWindow.kt	169	miniHeight	label = "miniHeight",
app/src/main/java/com/aeriotv/android/feature/player/PersistentExoWindow.kt	174	miniTopInset	label = "miniTopInset",
app/src/main/java/com/aeriotv/android/feature/player/PersistentExoWindow.kt	179	miniEndInset	label = "miniEndInset",
app/src/main/java/com/aeriotv/android/feature/player/PersistentExoWindow.kt	184	miniCorner	label = "miniCorner",
app/src/main/java/com/aeriotv/android/feature/player/PersistentExoWindow.kt	205	miniStashOffset	label = "miniStashOffset",
app/src/main/java/com/aeriotv/android/feature/player/PersistentExoWindow.kt	264	audio plays, screen stays black	// "audio plays, screen stays black" report): minimize playback to the
app/src/main/java/com/aeriotv/android/feature/player/PersistentExoWindow.kt	284	window restarted while Hidden; recreating PlayerView (epoch=$surfaceEpoch)	Log.i(TAG, "window restarted while Hidden; recreating PlayerView (epoch=$surfaceEpoch)")
app/src/main/java/com/aeriotv/android/feature/player/PersistentExoWindow.kt	294	Could not find corresponding native window for surface	// advances - the "Could not find corresponding native window for surface"
app/src/main/java/com/aeriotv/android/feature/player/PersistentExoWindow.kt	301	holder requested a fresh surface; recreating PlayerView (epoch=$surfaceEpoch)	Log.i(TAG, "holder requested a fresh surface; recreating PlayerView (epoch=$surfaceEpoch)")
app/src/main/java/com/aeriotv/android/feature/player/PersistentExoWindow.kt	363	recreating PlayerView surface ($reason)	Log.i(TAG, "recreating PlayerView surface ($reason)")
app/src/main/java/com/aeriotv/android/feature/player/PersistentExoWindow.kt	381	Shield: re-priming stream after display mode change	Log.i(TAG, "Shield: re-priming stream after display mode change")
app/src/main/java/com/aeriotv/android/feature/player/PersistentExoWindow.kt	383	Shield display mode change	runCatching { holder.reprime(url = url, bypassCooldown = true, reason = "Shield display mode change") }
app/src/main/java/com/aeriotv/android/feature/player/PersistentExoWindow.kt	384	Shield re-prime failed	.onFailure { Log.w(TAG, "Shield re-prime failed", it) }
app/src/main/java/com/aeriotv/android/feature/player/PersistentExoWindow.kt	405	${mode.physicalWidth}x${mode.physicalHeight}@${mode.refreshRate} (mode ${mode.modeId})	val desc = "${mode.physicalWidth}x${mode.physicalHeight}@${mode.refreshRate} (mode ${mode.modeId})"
app/src/main/java/com/aeriotv/android/feature/player/PersistentExoWindow.kt	413	display mode changed during playback: $desc (sizeChanged=$sizeChanged appSwitch=$appSwitch); surface recreate armed	Log.i(TAG, "display mode changed during playback: $desc (sizeChanged=$sizeChanged appSwitch=$appSwitch); surface recreate armed")
app/src/main/java/com/aeriotv/android/feature/player/PersistentExoWindow.kt	419	AudioTrack write failed: -6	// renderer hits "AudioTrack write failed: -6" and Media3 tears
app/src/main/java/com/aeriotv/android/feature/player/PersistentExoWindow.kt	449	PersistentExoWindow factory: building PlayerView + binding player	Log.i(TAG, "PersistentExoWindow factory: building PlayerView + binding player")
app/src/main/java/com/aeriotv/android/feature/player/PersistentExoWindow.kt	543	PersistentExoWindow: rebinding PlayerView to recreated player	Log.i(TAG, "PersistentExoWindow: rebinding PlayerView to recreated player")
app/src/main/java/com/aeriotv/android/feature/player/PhoneVodMini.kt	125	minimized ${info.title} (key=${info.key.take(80)})	android.util.Log.i(TAG, "minimized ${info.title} (key=${info.key.take(80)})")
app/src/main/java/com/aeriotv/android/feature/player/PhoneVodMini.kt	158	Releasing VOD ExoPlayer	android.util.Log.i(TAG, "Releasing VOD ExoPlayer")
app/src/main/java/com/aeriotv/android/feature/player/PhoneVodMini.kt	187	expanded ${s.info.title}; route adopted the playing player	android.util.Log.i(TAG, "expanded ${s.info.title}; route adopted the playing player")
app/src/main/java/com/aeriotv/android/feature/player/PhoneVodMini.kt	250	closed ${s.info.title}	android.util.Log.i(TAG, "closed ${s.info.title}")
app/src/main/java/com/aeriotv/android/feature/player/PlayerChromeOverlay.kt	181	The user just did something	/** "The user just did something": restarts the host's auto-hide countdown.
app/src/main/java/com/aeriotv/android/feature/player/PlayerChromeOverlay.kt	295	${it.name} live recording	title = "${it.name} live recording",
app/src/main/java/com/aeriotv/android/feature/player/PlayerChromeOverlay.kt	409	Enable Live Rewind in Settings	val seekDisabledCaption = "Enable Live Rewind in Settings"
app/src/main/java/com/aeriotv/android/feature/player/PlayerChromeOverlay.kt	413	Pause	title = if (isPlayerPaused) "Play" else "Pause",
app/src/main/java/com/aeriotv/android/feature/player/PlayerChromeOverlay.kt	413	Play	title = if (isPlayerPaused) "Play" else "Pause",
app/src/main/java/com/aeriotv/android/feature/player/PlayerChromeOverlay.kt	422	Channel Unavailable	// re-tune while "Channel Unavailable" is showing.
app/src/main/java/com/aeriotv/android/feature/player/PlayerChromeOverlay.kt	426	Retry	title = "Retry",
app/src/main/java/com/aeriotv/android/feature/player/PlayerChromeOverlay.kt	437	Record	title = "Record",
app/src/main/java/com/aeriotv/android/feature/player/PlayerChromeOverlay.kt	447	Rewind	title = "Rewind",
app/src/main/java/com/aeriotv/android/feature/player/PlayerChromeOverlay.kt	462	Forward	title = "Forward",
app/src/main/java/com/aeriotv/android/feature/player/PlayerChromeOverlay.kt	475	Go Live	title = "Go Live",
app/src/main/java/com/aeriotv/android/feature/player/PlayerChromeOverlay.kt	483	Multiview	title = "Multiview",
app/src/main/java/com/aeriotv/android/feature/player/PlayerChromeOverlay.kt	484	Add a multiview tile	contentDescription = "Add a multiview tile",
app/src/main/java/com/aeriotv/android/feature/player/PlayerChromeOverlay.kt	492	Options	title = "Options",
app/src/main/java/com/aeriotv/android/feature/player/PlayerChromeOverlay.kt	624	Exit fullscreen	contentDescription = if (forcedLandscape) "Exit fullscreen" else "Fullscreen",
app/src/main/java/com/aeriotv/android/feature/player/PlayerChromeOverlay.kt	693	Picture in picture	contentDescription = "Picture in picture",
app/src/main/java/com/aeriotv/android/feature/player/PlayerChromeOverlay.kt	700	Add to Multiview	contentDescription = "Add to Multiview",
app/src/main/java/com/aeriotv/android/feature/player/PlayerChromeOverlay.kt	765	Turn on Live Rewind in Settings to pause & rewind live TV	text = "Turn on Live Rewind in Settings to pause & rewind live TV",
app/src/main/java/com/aeriotv/android/feature/player/PlayerChromeOverlay.kt	1012	Enable Live Rewind in Settings	// unbounded width so a long caption ("Enable Live Rewind in Settings")
app/src/main/java/com/aeriotv/android/feature/player/PlayerChromeOverlay.kt	1110	Press ‹ to close	text = "Press ‹ to close",
app/src/main/java/com/aeriotv/android/feature/player/PlayerChromeOverlay.kt	1124	Subtitles	text = { Text("Subtitles") },
app/src/main/java/com/aeriotv/android/feature/player/PlayerChromeOverlay.kt	1135	Audio Track	text = { Text("Audio Track") },
app/src/main/java/com/aeriotv/android/feature/player/PlayerChromeOverlay.kt	1146	Playback Speed	text = { Text("Playback Speed") },
app/src/main/java/com/aeriotv/android/feature/player/PlayerChromeOverlay.kt	1159	Video Scale: $scaleLabel	text = { Text("Video Scale: $scaleLabel") },
app/src/main/java/com/aeriotv/android/feature/player/PlayerChromeOverlay.kt	1171	Record Current Program	text = { Text("Record Current Program") },
app/src/main/java/com/aeriotv/android/feature/player/PlayerChromeOverlay.kt	1190	Sleep Timer	Text(if (sleepActive) "Sleep Timer (active)" else "Sleep Timer")
app/src/main/java/com/aeriotv/android/feature/player/PlayerChromeOverlay.kt	1190	Sleep Timer (active)	Text(if (sleepActive) "Sleep Timer (active)" else "Sleep Timer")
app/src/main/java/com/aeriotv/android/feature/player/PlayerChromeOverlay.kt	1202	Stream Info	text = { Text("Stream Info") },
app/src/main/java/com/aeriotv/android/feature/player/PlayerChromeOverlay.kt	1214	Switch Stream	text = { Text("Switch Stream") },
app/src/main/java/com/aeriotv/android/feature/player/PlayerChromeOverlay.kt	1234	Show Video	// iOS toggles the label to "Show Video" when in Audio
app/src/main/java/com/aeriotv/android/feature/player/PlayerChromeOverlay.kt	1237	Audio Only	Text(if (audioOnly) "Show Video" else "Audio Only")
app/src/main/java/com/aeriotv/android/feature/player/PlayerChromeOverlay.kt	1237	Show Video	Text(if (audioOnly) "Show Video" else "Audio Only")
app/src/main/java/com/aeriotv/android/feature/player/PlayerChromeOverlay.kt	1377	$timeRange  ·  $duration	text = "$timeRange  ·  $duration",
app/src/main/java/com/aeriotv/android/feature/player/PlayerChromeOverlay.kt	1484	$remMin min remaining	"$remMin min remaining"
app/src/main/java/com/aeriotv/android/feature/player/PlayerChromeOverlay.kt	1555	Go Live	text = "Go Live",
app/src/main/java/com/aeriotv/android/feature/player/PlayerChromeOverlay.kt	1800	$remMin min remaining	"$remMin min remaining"
app/src/main/java/com/aeriotv/android/feature/player/PlayerChromeOverlay.kt	1854	Sleep Timer	text = "Sleep Timer",
app/src/main/java/com/aeriotv/android/feature/player/PlayerChromeOverlay.kt	1861	$mins minutes	val label = if (mins == 0) "Off" else "$mins minutes"
app/src/main/java/com/aeriotv/android/feature/player/PlayerChromeOverlay.kt	1861	Off	val label = if (mins == 0) "Off" else "$mins minutes"
app/src/main/java/com/aeriotv/android/feature/player/PlayerChromeOverlay.kt	1903	Stream Info	text = "Stream Info",
app/src/main/java/com/aeriotv/android/feature/player/PlayerChromeOverlay.kt	1957	Subtitles	text = "Subtitles",
app/src/main/java/com/aeriotv/android/feature/player/PlayerChromeOverlay.kt	1963	Off	SubtitleRow(label = "Off", selected = currentTrackId == null, onClick = { onSelect(null) })
app/src/main/java/com/aeriotv/android/feature/player/PlayerChromeOverlay.kt	1966	No subtitle tracks reported by the stream.	text = "No subtitle tracks reported by the stream.",
app/src/main/java/com/aeriotv/android/feature/player/PlayerChromeOverlay.kt	1974	Track ${track.id}	append(track.title.ifBlank { "Track ${track.id}" })
app/src/main/java/com/aeriotv/android/feature/player/PlayerChromeOverlay.kt	2006	Audio Track	text = "Audio Track",
app/src/main/java/com/aeriotv/android/feature/player/PlayerChromeOverlay.kt	2022	Track ${track.id}	append(track.title.ifBlank { "Track ${track.id}" })
app/src/main/java/com/aeriotv/android/feature/player/PlayerChromeOverlay.kt	2028	  ·  ${meta.joinToString(	if (meta.isNotEmpty()) append("  ·  ${meta.joinToString("  ·  ")}")
app/src/main/java/com/aeriotv/android/feature/player/PlayerChromeOverlay.kt	2058	Audio Sync	text = "Audio Sync",
app/src/main/java/com/aeriotv/android/feature/player/PlayerChromeOverlay.kt	2077	-100 ms	TextButton(onClick = { applySync(syncMs - 100L) }) { Text("-100 ms") }
app/src/main/java/com/aeriotv/android/feature/player/PlayerChromeOverlay.kt	2078	+100 ms	TextButton(onClick = { applySync(syncMs + 100L) }) { Text("+100 ms") }
app/src/main/java/com/aeriotv/android/feature/player/PlayerChromeOverlay.kt	2081	Reset	TextButton(onClick = { applySync(0L) }) { Text("Reset") }
app/src/main/java/com/aeriotv/android/feature/player/PlayerChromeOverlay.kt	2085	Positive plays audio later; negative plays it earlier.	text = "Positive plays audio later; negative plays it earlier.",
app/src/main/java/com/aeriotv/android/feature/player/PlayerChromeOverlay.kt	2095	Switch Stream	* Player "Switch Stream" picker (Dispatcharr Direct Connect). Lists the
app/src/main/java/com/aeriotv/android/feature/player/PlayerChromeOverlay.kt	2120	Switch Stream	text = "Switch Stream",
app/src/main/java/com/aeriotv/android/feature/player/PlayerChromeOverlay.kt	2164	Playback Speed	text = "Playback Speed",
app/src/main/java/com/aeriotv/android/feature/player/PlayerChromeOverlay.kt	2185	Normal (1.0x)	1.0f to "Normal (1.0x)",
app/src/main/java/com/aeriotv/android/feature/player/PlayerChromeOverlay.kt	2224	${tf.format(Date(programme.startMillis))} – ${tf.format(Date(programme.endMillis))}	return "${tf.format(Date(programme.startMillis))} – ${tf.format(Date(programme.endMillis))}"
app/src/main/java/com/aeriotv/android/feature/player/PlayerChromeOverlay.kt	2230	${totalMinutes}m	if (totalMinutes < 60) return "${totalMinutes}m"
app/src/main/java/com/aeriotv/android/feature/player/PlayerChromeOverlay.kt	2261	Stream {id}	*  degrades to the stream name / "Stream {id}". */
app/src/main/java/com/aeriotv/android/feature/player/PlayerChromeOverlay.kt	2274	FOX 28  ·  Provider A  ·  1080p  ·  60fps  ·  8.2 Mbps  ·  H.264	/** Human row, e.g. "FOX 28  ·  Provider A  ·  1080p  ·  60fps  ·  8.2 Mbps  ·  H.264".
app/src/main/java/com/aeriotv/android/feature/player/PlayerChromeOverlay.kt	2279	Stream $id	append(name.ifBlank { "Stream $id" })
app/src/main/java/com/aeriotv/android/feature/player/PlayerChromeOverlay.kt	2283	${it.toInt()}fps	fps?.let { add("${it.toInt()}fps") }
app/src/main/java/com/aeriotv/android/feature/player/PlayerChromeOverlay.kt	2288	  ·  ${meta.joinToString(	if (meta.isNotEmpty()) append("  ·  ${meta.joinToString("  ·  ")}")
app/src/main/java/com/aeriotv/android/feature/player/PlayerChromeOverlay.kt	2309	${kbps.toInt()} kbps	else "${kbps.toInt()} kbps"
app/src/main/java/com/aeriotv/android/feature/player/PlayerDoubleBack.kt	15	Back twice	*                    the mini is never shown for a "Back twice".
app/src/main/java/com/aeriotv/android/feature/player/PlayerDoubleBack.kt	28	Back twice	/** Logan's spec: a second Back inside 300 ms is "Back twice". */
app/src/main/java/com/aeriotv/android/feature/player/PlayerDoubleBack.kt	50	Back twice	* second of a "Back twice". Cancels the minimize so the caller can run the
app/src/main/java/com/aeriotv/android/feature/player/PlayerScreen.kt	139	start channels in the mini player	*  tabs - the optional "start channels in the mini player" tune mode.
app/src/main/java/com/aeriotv/android/feature/player/PlayerScreen.kt	222	Some remote screen is playing this, not the phone	// "Some remote screen is playing this, not the phone" -- the shared gate for
app/src/main/java/com/aeriotv/android/feature/player/PlayerScreen.kt	288	[TUNE] channel id $initialChannelId not in active list 	"[TUNE] channel id $initialChannelId not in active list " +
app/src/main/java/com/aeriotv/android/feature/player/PlayerScreen.kt	404	Casting to <TV>	// post a second "Casting to <TV>" notification competing with the
app/src/main/java/com/aeriotv/android/feature/player/PlayerScreen.kt	528	already on this channel	// also treat a title match as "already on this channel" -- otherwise
app/src/main/java/com/aeriotv/android/feature/player/PlayerScreen.kt	559	Channel switch on Exo persistent player -> $url	Log.i(TAG, "Channel switch on Exo persistent player -> $url")
app/src/main/java/com/aeriotv/android/feature/player/PlayerScreen.kt	721	Recently Watched	// Remote Control (Logan spec 2026-07-20): hold-Up "Recently Watched"
app/src/main/java/com/aeriotv/android/feature/player/PlayerScreen.kt	811	Back twice = Close	// Logan 2026-09-14: "Back twice = Close". The first Back does not
app/src/main/java/com/aeriotv/android/feature/player/PlayerScreen.kt	863	what am I watching	// initial "what am I watching" hint doesn't drag the rest of the
app/src/main/java/com/aeriotv/android/feature/player/PlayerScreen.kt	1001	[FOLLOW] status 404 but ingest healthy (${ingestAgeMs}ms) ch=${ch.id}; not a dead session	"[FOLLOW] status 404 but ingest healthy (${ingestAgeMs}ms) ch=${ch.id}; not a dead session",
app/src/main/java/com/aeriotv/android/feature/player/PlayerScreen.kt	1009	[FOLLOW] 404 poll ${deadStatusCount + 1}/$deadThreshold ch=${ch.id} 	"[FOLLOW] 404 poll ${deadStatusCount + 1}/$deadThreshold ch=${ch.id} " +
app/src/main/java/com/aeriotv/android/feature/player/PlayerScreen.kt	1010	(stalled=$ingestStalled, ingest ${ingestAgeMs}ms)	"(stalled=$ingestStalled, ingest ${ingestAgeMs}ms)",
app/src/main/java/com/aeriotv/android/feature/player/PlayerScreen.kt	1018	[FOLLOW] dead session (status 404 x$deadStatusCount) ch=${ch.id}; reconnecting	"[FOLLOW] dead session (status 404 x$deadStatusCount) ch=${ch.id}; reconnecting",
app/src/main/java/com/aeriotv/android/feature/player/PlayerScreen.kt	1026	dead session (status 404)	reason = "dead session (status 404)",
app/src/main/java/com/aeriotv/android/feature/player/PlayerScreen.kt	1052	[FOLLOW] external switch ch=${ch.id} following onto $statusUrl	"[FOLLOW] external switch ch=${ch.id} following onto $statusUrl",
app/src/main/java/com/aeriotv/android/feature/player/PlayerScreen.kt	1095	[RETUNE] LAN/WAN flip -> re-priming ch=${ch.id} onto $newUrl	Log.w(TAG, "[RETUNE] LAN/WAN flip -> re-priming ch=${ch.id} onto $newUrl")
app/src/main/java/com/aeriotv/android/feature/player/PlayerScreen.kt	1154	Channel unavailable	// no-data watchdog). Drives the "Channel unavailable" overlay below instead
app/src/main/java/com/aeriotv/android/feature/player/PlayerScreen.kt	1379	[CATCHUP] re-tune to window ${windowOffset / 1000}s	Log.i(TAG, "[CATCHUP] re-tune to window ${windowOffset / 1000}s")
app/src/main/java/com/aeriotv/android/feature/player/PlayerScreen.kt	1656	Fill	// Transient "Fit" / "Fill" label for the pinch gesture above (no-op on
app/src/main/java/com/aeriotv/android/feature/player/PlayerScreen.kt	1656	Fit	// Transient "Fit" / "Fill" label for the pinch gesture above (no-op on
app/src/main/java/com/aeriotv/android/feature/player/PlayerScreen.kt	2288	Stream switch failed	Toast.makeText(context, "Stream switch failed", Toast.LENGTH_SHORT).show()
app/src/main/java/com/aeriotv/android/feature/player/PlayerScreen.kt	2314	Stream switch not confirmed; staying on current feed	"Stream switch not confirmed; staying on current feed",
app/src/main/java/com/aeriotv/android/feature/player/PlayerScreen.kt	2320	Switching stream...	Toast.makeText(context, "Switching stream...", Toast.LENGTH_SHORT).show()
app/src/main/java/com/aeriotv/android/feature/player/PlayerScreen.kt	2625	Show remote hints	// "Show remote hints" toggle is off.
app/src/main/java/com/aeriotv/android/feature/player/PlayerScreen.kt	2677	what we last switched to	// "what we last switched to". Fall back to status stream_id when we
app/src/main/java/com/aeriotv/android/feature/player/PlayerScreen.kt	2775	Catch-up Unavailable	text = "Catch-up Unavailable",
app/src/main/java/com/aeriotv/android/feature/player/PlayerScreen.kt	2783	Not Found	it.contains("404") || it.contains("Not Found", ignoreCase = true) ||
app/src/main/java/com/aeriotv/android/feature/player/PlayerScreen.kt	2788	Your provider doesn't have an archive for this programme.	"Your provider doesn't have an archive for this programme."
app/src/main/java/com/aeriotv/android/feature/player/PlayerScreen.kt	2790	Playback of this programme's archive failed.	"Playback of this programme's archive failed."
app/src/main/java/com/aeriotv/android/feature/player/PlayerScreen.kt	2805	Go Back	Text("Go Back")
app/src/main/java/com/aeriotv/android/feature/player/PlayerScreen.kt	2847	Channel Unavailable	text = "Channel Unavailable",
app/src/main/java/com/aeriotv/android/feature/player/PlayerScreen.kt	2862	Retrying in ${retryCountdown}s	retryCountdown > 0 -> "Retrying in ${retryCountdown}s"
app/src/main/java/com/aeriotv/android/feature/player/PlayerScreen.kt	2877	Retry Now	Text("Retry Now")
app/src/main/java/com/aeriotv/android/feature/player/PlayerScreen.kt	2882	Retry is highlighted below - press Select. Back to exit, or D-pad up/down to change channels.	"Retry is highlighted below - press Select. Back to exit, or D-pad up/down to change channels."
app/src/main/java/com/aeriotv/android/feature/player/PlayerScreen.kt	2884	Press Back to exit, or use the D-pad up/down to change channels.	"Press Back to exit, or use the D-pad up/down to change channels."
app/src/main/java/com/aeriotv/android/feature/player/PlayerScreen.kt	2907	Channel Not Available	text = "Channel Not Available",
app/src/main/java/com/aeriotv/android/feature/player/PlayerScreen.kt	2912	This channel isn't in the active playlist. If you just 	text = "This channel isn't in the active playlist. If you just " +
app/src/main/java/com/aeriotv/android/feature/player/PlayerScreen.kt	2920	Go Back	Text("Go Back")
app/src/main/java/com/aeriotv/android/feature/player/PlayerScreen.kt	2938	No Stream Assigned	text = "No Stream Assigned",
app/src/main/java/com/aeriotv/android/feature/player/PlayerScreen.kt	2943	This channel doesn't have a stream yet. Event channels 	text = "This channel doesn't have a stream yet. Event channels " +
app/src/main/java/com/aeriotv/android/feature/player/PlayerScreen.kt	2950	Go Back	Text("Go Back")
app/src/main/java/com/aeriotv/android/feature/player/RecentChannelsOverlay.kt	52	Recently Watched	* Hold-Up "Recently Watched" overlay (Remote Control initiative, Logan spec
app/src/main/java/com/aeriotv/android/feature/player/RecentChannelsOverlay.kt	101	Recently Watched	text = "Recently Watched",
app/src/main/java/com/aeriotv/android/feature/player/RecentChannelsOverlay.kt	109	Channels you watch will show up here.	text = "Channels you watch will show up here.",
app/src/main/java/com/aeriotv/android/feature/player/VODPlayerScreen.kt	128	Watch from Beginning	* GH #78: how long the "Watch from Beginning" watcher follows an in-progress
app/src/main/java/com/aeriotv/android/feature/player/VODPlayerScreen.kt	274	Play from Beginning	/** Hero "Play from Beginning" (tvOS MoviesView:1507-1511): ignore the
app/src/main/java/com/aeriotv/android/feature/player/VODPlayerScreen.kt	321	Switch Version	*  copies of the playing item. The Options sheet offers "Switch Version"
app/src/main/java/com/aeriotv/android/feature/player/VODPlayerScreen.kt	554	Audio keeps playing after leaving the app	// "Audio keeps playing after leaving the app" on TV (jonzee222): VOD owns
app/src/main/java/com/aeriotv/android/feature/player/VODPlayerScreen.kt	679	Native catch-up re-mint failed; keeping current window	Log.w(TAG, "Native catch-up re-mint failed; keeping current window")
app/src/main/java/com/aeriotv/android/feature/player/VODPlayerScreen.kt	689	Native catch-up re-mint to ${t / 1000}s	Log.i(TAG, "Native catch-up re-mint to ${t / 1000}s")
app/src/main/java/com/aeriotv/android/feature/player/VODPlayerScreen.kt	706	Catch-up re-tune URL rebuild failed; ignoring seek	Log.w(TAG, "Catch-up re-tune URL rebuild failed; ignoring seek")
app/src/main/java/com/aeriotv/android/feature/player/VODPlayerScreen.kt	718	Catch-up re-tune to ${target / 1000}s (window ${windowOffset / 1000}s)	Log.i(TAG, "Catch-up re-tune to ${target / 1000}s (window ${windowOffset / 1000}s)")
app/src/main/java/com/aeriotv/android/feature/player/VODPlayerScreen.kt	1025	Connecting to server	// Loading detail line ("Connecting to server" / "Waiting for stream
app/src/main/java/com/aeriotv/android/feature/player/VODPlayerScreen.kt	1032	Failed to open	// auth headers and fails with "Failed to open".
app/src/main/java/com/aeriotv/android/feature/player/VODPlayerScreen.kt	1165	VOD ExoPlayer error: ${error.errorCodeName}	Log.e(TAG, "VOD ExoPlayer error: ${error.errorCodeName}", error)
app/src/main/java/com/aeriotv/android/feature/player/VODPlayerScreen.kt	1204	Native catch-up session recovered after 4xx	Log.i(TAG, "Native catch-up session recovered after 4xx")
app/src/main/java/com/aeriotv/android/feature/player/VODPlayerScreen.kt	1210	Catch-up session expired (HTTP $status)	"Catch-up session expired (HTTP $status)"
app/src/main/java/com/aeriotv/android/feature/player/VODPlayerScreen.kt	1219	Catch-up isn't available for this program on your provider.	"Catch-up isn't available for this program on your provider.",
app/src/main/java/com/aeriotv/android/feature/player/VODPlayerScreen.kt	1245	dvr	tracer.markTuneStart(title, "dvr")
app/src/main/java/com/aeriotv/android/feature/player/VODPlayerScreen.kt	1254	${error.errorCodeName}: $it	?.let { "${error.errorCodeName}: $it" }
app/src/main/java/com/aeriotv/android/feature/player/VODPlayerScreen.kt	1274	Watch from Beginning	// "Watch from Beginning" on an in-progress recording
app/src/main/java/com/aeriotv/android/feature/player/VODPlayerScreen.kt	1323	Loading VOD on ExoPlayer: $streamUrl	Log.i(TAG, "Loading VOD on ExoPlayer: $streamUrl")
app/src/main/java/com/aeriotv/android/feature/player/VODPlayerScreen.kt	1354	Fill	// Transient "Fit" / "Fill" label for the pinch gesture on the tap layer
app/src/main/java/com/aeriotv/android/feature/player/VODPlayerScreen.kt	1354	Fit	// Transient "Fit" / "Fill" label for the pinch gesture on the tap layer
app/src/main/java/com/aeriotv/android/feature/player/VODPlayerScreen.kt	1400	Resumed from 10000ms	// (seen in the #45 logcat: "Resumed from 10000ms" -> native_flush
app/src/main/java/com/aeriotv/android/feature/player/VODPlayerScreen.kt	1405	Resumed from ${pos}ms	Log.i(TAG, "Resumed from ${pos}ms")
app/src/main/java/com/aeriotv/android/feature/player/VODPlayerScreen.kt	1420	Resuming from $label	context, "Resuming from $label", android.widget.Toast.LENGTH_SHORT,
app/src/main/java/com/aeriotv/android/feature/player/VODPlayerScreen.kt	1426	Watch from Beginning	// GH #78: "Watch from Beginning" on an in-progress recording.
app/src/main/java/com/aeriotv/android/feature/player/VODPlayerScreen.kt	1513	(corrections=$corrections, position=${lastPos}ms)	"(corrections=$corrections, position=${lastPos}ms)",
app/src/main/java/com/aeriotv/android/feature/player/VODPlayerScreen.kt	1772	Exit fullscreen	contentDescription = if (forcedLandscape) "Exit fullscreen" else "Fullscreen",
app/src/main/java/com/aeriotv/android/feature/player/VODPlayerScreen.kt	1792	Picture in picture	contentDescription = "Picture in picture",
app/src/main/java/com/aeriotv/android/feature/player/VODPlayerScreen.kt	1894	Video Not Supported	text = "Video Not Supported",
app/src/main/java/com/aeriotv/android/feature/player/VODPlayerScreen.kt	1899	This device cannot decode this copy's video format, 	text = "This device cannot decode this copy's video format, " +
app/src/main/java/com/aeriotv/android/feature/player/VODPlayerScreen.kt	1908	Open Options in the player controls, then Switch Version, 	"Open Options in the player controls, then Switch Version, " +
app/src/main/java/com/aeriotv/android/feature/player/VODPlayerScreen.kt	1909	to try another copy of this title.	"to try another copy of this title."
app/src/main/java/com/aeriotv/android/feature/player/VODPlayerScreen.kt	1911	Tap here to try another copy of this title.	"Tap here to try another copy of this title."
app/src/main/java/com/aeriotv/android/feature/player/VODPlayerScreen.kt	1937	DVR scheduled end imminent (edge viewer); raising prompt	Log.i(TAG, "DVR scheduled end imminent (edge viewer); raising prompt")
app/src/main/java/com/aeriotv/android/feature/player/VODPlayerScreen.kt	1952	Recording Ending	text = "Recording Ending",
app/src/main/java/com/aeriotv/android/feature/player/VODPlayerScreen.kt	1957	This recording is about to reach its scheduled end.	text = "This recording is about to reach its scheduled end.",
app/src/main/java/com/aeriotv/android/feature/player/VODPlayerScreen.kt	1973	Continue on Live TV	Text("Continue on Live TV")
app/src/main/java/com/aeriotv/android/feature/player/VODPlayerScreen.kt	1981	Back to DVR	Text("Back to DVR")
app/src/main/java/com/aeriotv/android/feature/player/VODPlayerScreen.kt	1987	Keep Watching	Text("Keep Watching")
app/src/main/java/com/aeriotv/android/feature/player/VODPlayerScreen.kt	2037	Playback Problem	text = "Playback Problem",
app/src/main/java/com/aeriotv/android/feature/player/VODPlayerScreen.kt	2049	Reconnecting…	errorReconnecting -> "Reconnecting…"
app/src/main/java/com/aeriotv/android/feature/player/VODPlayerScreen.kt	2050	Retrying in ${errorRetryCountdown}s	errorRetryCountdown > 0 -> "Retrying in ${errorRetryCountdown}s"
app/src/main/java/com/aeriotv/android/feature/player/VODPlayerScreen.kt	2095	Retry Now	Text("Retry Now")
app/src/main/java/com/aeriotv/android/feature/player/VODPlayerScreen.kt	2098	Close	Text("Close")
app/src/main/java/com/aeriotv/android/feature/player/VODPlayerScreen.kt	2119	Switch Version	PlayerOptionRow("Switch Version") {
app/src/main/java/com/aeriotv/android/feature/player/VODPlayerScreen.kt	2124	Audio Track	PlayerOptionRow("Audio Track") {
app/src/main/java/com/aeriotv/android/feature/player/VODPlayerScreen.kt	2128	Subtitles	PlayerOptionRow("Subtitles") {
app/src/main/java/com/aeriotv/android/feature/player/VODPlayerScreen.kt	2389	Player options	contentDescription = "Player options",
app/src/main/java/com/aeriotv/android/feature/player/VideoScale.kt	54	Fill	/** How long the centered "Fit" / "Fill" label stays up after a pinch. */
app/src/main/java/com/aeriotv/android/feature/player/VideoScale.kt	54	Fit	/** How long the centered "Fit" / "Fill" label stays up after a pinch. */
app/src/main/java/com/aeriotv/android/feature/player/VideoScale.kt	107	Fill	* Shared, transient signal for the centered "Fit" / "Fill" / "Stretch" label.
app/src/main/java/com/aeriotv/android/feature/player/VideoScale.kt	107	Fit	* Shared, transient signal for the centered "Fit" / "Fill" / "Stretch" label.
app/src/main/java/com/aeriotv/android/feature/player/VideoScale.kt	107	Stretch	* Shared, transient signal for the centered "Fit" / "Fill" / "Stretch" label.
app/src/main/java/com/aeriotv/android/feature/player/VideoScale.kt	172	Fill	* The transient centered "Fit" / "Fill" / "Stretch" label for [videoScalePinch].
app/src/main/java/com/aeriotv/android/feature/player/VideoScale.kt	172	Fit	* The transient centered "Fit" / "Fill" / "Stretch" label for [videoScalePinch].
app/src/main/java/com/aeriotv/android/feature/player/VideoScale.kt	172	Stretch	* The transient centered "Fit" / "Fill" / "Stretch" label for [videoScalePinch].
app/src/main/java/com/aeriotv/android/feature/player/VideoScale.kt	225	Video Scale: Fit / Fill / Stretch	* "Video Scale: Fit / Fill / Stretch" row for the on-demand options sheet. Takes the
app/src/main/java/com/aeriotv/android/feature/player/VideoScale.kt	242	Video Scale: ${videoScaleLabel(scaleMode)}	text = "Video Scale: ${videoScaleLabel(scaleMode)}",
app/src/main/java/com/aeriotv/android/feature/playlist/PlaylistViewModel.kt	89	Fetch On Demand from this playlist	*  Bound to the "Fetch On Demand from this playlist" toggle in
app/src/main/java/com/aeriotv/android/feature/playlist/PlaylistViewModel.kt	160	Skip for now	* "Skip for now" on the Welcome screen: the user chose to enter the app
app/src/main/java/com/aeriotv/android/feature/playlist/PlaylistViewModel.kt	176	Recently Watched	/** Synthetic "Recently Watched" group (Logan 2026-09-14): the last 25
app/src/main/java/com/aeriotv/android/feature/playlist/PlaylistViewModel.kt	270	put the tab shell back on Live TV	* Companion remote X (GH #33): "put the tab shell back on Live TV".
app/src/main/java/com/aeriotv/android/feature/playlist/PlaylistViewModel.kt	395	onTrimMemory=$level: shedding in-memory EPG map	Log.i(TAG, "onTrimMemory=$level: shedding in-memory EPG map")
app/src/main/java/com/aeriotv/android/feature/playlist/PlaylistViewModel.kt	461	bootstrap: painted ${cachedChannels.size} cached channels	Log.i(TAG, "bootstrap: painted ${cachedChannels.size} cached channels")
app/src/main/java/com/aeriotv/android/feature/playlist/PlaylistViewModel.kt	480	bootstrap: refreshing channels (hadCache=$hasChannelCache)	Log.i(TAG, "bootstrap: refreshing channels (hadCache=$hasChannelCache)")
app/src/main/java/com/aeriotv/android/feature/playlist/PlaylistViewModel.kt	511	Failed to refresh saved source: ${LogSanitizer.redact(t.message ?: t::class.simpleName ?: 	error = "Failed to refresh saved source: ${LogSanitizer.redact(t.message ?: t::class.simpleName ?: "unknown error")}",
app/src/main/java/com/aeriotv/android/feature/playlist/PlaylistViewModel.kt	544	Fetch On Demand from this playlist	/** Bound to "Fetch On Demand from this playlist" in ConfigureSourceScreen /
app/src/main/java/com/aeriotv/android/feature/playlist/PlaylistViewModel.kt	554	Guide Days	/** Bound to the "Guide Days" picker in ConfigureSourceScreen (task
app/src/main/java/com/aeriotv/android/feature/playlist/PlaylistViewModel.kt	589	Default Group	// GH #81: an explicit "Default Group" setting wins; with nothing set
app/src/main/java/com/aeriotv/android/feature/playlist/PlaylistViewModel.kt	631	Enter a URL	_state.update { it.copy(error = "Enter a URL") }
app/src/main/java/com/aeriotv/android/feature/playlist/PlaylistViewModel.kt	644	${s.sourceType.displayName} support is coming in a later phase.	it.copy(error = "${s.sourceType.displayName} support is coming in a later phase.")
app/src/main/java/com/aeriotv/android/feature/playlist/PlaylistViewModel.kt	661	Enter an API key, or a username and password.	_state.update { it.copy(error = "Enter an API key, or a username and password.") }
app/src/main/java/com/aeriotv/android/feature/playlist/PlaylistViewModel.kt	670	Username and password are required	_state.update { it.copy(error = "Username and password are required") }
app/src/main/java/com/aeriotv/android/feature/playlist/PlaylistViewModel.kt	704	No channels found.	error = if (channels.isEmpty()) "No channels found." else null,
app/src/main/java/com/aeriotv/android/feature/playlist/PlaylistViewModel.kt	720	No channels found.	// so the "No channels found." error stays visible.
app/src/main/java/com/aeriotv/android/feature/playlist/PlaylistViewModel.kt	728	Failed to load	error = loadFailureMessage("Failed to load", t),
app/src/main/java/com/aeriotv/android/feature/playlist/PlaylistViewModel.kt	747	Xtream Codes get.php link, add it with the Xtream Codes source type instead.	"Xtream Codes get.php link, add it with the Xtream Codes source type instead."
app/src/main/java/com/aeriotv/android/feature/playlist/PlaylistViewModel.kt	749	$prefix: ${LogSanitizer.redact(t.message ?: t::class.simpleName ?: 	"$prefix: ${LogSanitizer.redact(t.message ?: t::class.simpleName ?: "unknown error")}"
app/src/main/java/com/aeriotv/android/feature/playlist/PlaylistViewModel.kt	809	Skipped 171 frames	* "Skipped 171 frames"); the Nothing Phone paid 4930 ms and a 229 MB heap
app/src/main/java/com/aeriotv/android/feature/playlist/PlaylistViewModel.kt	843	Guide Window	// Network "Guide Window" preference.
app/src/main/java/com/aeriotv/android/feature/playlist/PlaylistViewModel.kt	900	rebuildGuideCatalog($reason): cache read failed	.onFailure { Log.w(TAG, "rebuildGuideCatalog($reason): cache read failed", it) }
app/src/main/java/com/aeriotv/android/feature/playlist/PlaylistViewModel.kt	961	loadEpgIfConfigured: no EPG for sourceType=${playlist.sourceType}	Log.i(TAG, "loadEpgIfConfigured: no EPG for sourceType=${playlist.sourceType}")
app/src/main/java/com/aeriotv/android/feature/playlist/PlaylistViewModel.kt	1025	loadEpgIfConfigured: cached EPG keys do not match current channel 	"loadEpgIfConfigured: cached EPG keys do not match current channel " +
app/src/main/java/com/aeriotv/android/feature/playlist/PlaylistViewModel.kt	1040	loadEpgIfConfigured: painted ${cached.size} cached programmes 	"loadEpgIfConfigured: painted ${cached.size} cached programmes " +
app/src/main/java/com/aeriotv/android/feature/playlist/PlaylistViewModel.kt	1071	Does the cache reach past now?	// Deliberately NOT a heuristic. "Does the cache reach past now?" was
app/src/main/java/com/aeriotv/android/feature/playlist/PlaylistViewModel.kt	1086	loadEpgIfConfigured: cache epoch $cacheEpoch < $EPG_CACHE_EPOCH 	"loadEpgIfConfigured: cache epoch $cacheEpoch < $EPG_CACHE_EPOCH " +
app/src/main/java/com/aeriotv/android/feature/playlist/PlaylistViewModel.kt	1095	loadEpgIfConfigured: cache fresh, skipping network	Log.i(TAG, "loadEpgIfConfigured: cache fresh, skipping network")
app/src/main/java/com/aeriotv/android/feature/playlist/PlaylistViewModel.kt	1102	loadEpgIfConfigured: fetching EPG for ${playlist.sourceType} (force=$forceRefresh, hadCache=$hasCache)	Log.i(TAG, "loadEpgIfConfigured: fetching EPG for ${playlist.sourceType} (force=$forceRefresh, hadCache=$hasCache)")
app/src/main/java/com/aeriotv/android/feature/playlist/PlaylistViewModel.kt	1110	purgeEpgCoverage failed	.onFailure { Log.w(TAG, "purgeEpgCoverage failed", it) }
app/src/main/java/com/aeriotv/android/feature/playlist/PlaylistViewModel.kt	1133	Skipped 2111 frames	// for 30-35s at a time (Choreographer "Skipped 2111 frames",
app/src/main/java/com/aeriotv/android/feature/playlist/PlaylistViewModel.kt	1195	saveEpgToCache failed	.onFailure { Log.w(TAG, "saveEpgToCache failed", it) }
app/src/main/java/com/aeriotv/android/feature/playlist/PlaylistViewModel.kt	1238	(${changedRows.size} of ${enriched.size} rows written)	"(${changedRows.size} of ${enriched.size} rows written)",
app/src/main/java/com/aeriotv/android/feature/playlist/PlaylistViewModel.kt	1337	Refresh Playlist	* Playlist Detail's "Refresh Playlist" action.
app/src/main/java/com/aeriotv/android/feature/playlist/PlaylistViewModel.kt	1342	refreshPlaylist: re-loading ${active.name}	Log.i(TAG, "refreshPlaylist: re-loading ${active.name}")
app/src/main/java/com/aeriotv/android/feature/playlist/PlaylistViewModel.kt	1357	refreshPlaylist: ${channels.size} channels loaded	Log.i(TAG, "refreshPlaylist: ${channels.size} channels loaded")
app/src/main/java/com/aeriotv/android/feature/playlist/PlaylistViewModel.kt	1369	No channels found.	error = if (channels.isEmpty()) "No channels found." else null,
app/src/main/java/com/aeriotv/android/feature/playlist/PlaylistViewModel.kt	1375	refreshPlaylist failed	Log.w(TAG, "refreshPlaylist failed", t)
app/src/main/java/com/aeriotv/android/feature/playlist/PlaylistViewModel.kt	1380	Refresh failed: ${LogSanitizer.redact(t.message ?: t::class.simpleName ?: 	"Refresh failed: ${LogSanitizer.redact(t.message ?: t::class.simpleName ?: "unknown error")}",
app/src/main/java/com/aeriotv/android/feature/playlist/PlaylistViewModel.kt	1382	Refresh failed: ${LogSanitizer.redact(t.message ?: t::class.simpleName ?: 	error = "Refresh failed: ${LogSanitizer.redact(t.message ?: t::class.simpleName ?: "unknown error")}",
app/src/main/java/com/aeriotv/android/feature/playlist/PlaylistViewModel.kt	1431	maybePrefetchUpcoming: scroll reached cached edge, forcing EPG refresh	"maybePrefetchUpcoming: scroll reached cached edge, forcing EPG refresh",
app/src/main/java/com/aeriotv/android/feature/playlist/PlaylistViewModel.kt	1454	purgeEpgCache failed	.onFailure { Log.w(TAG, "purgeEpgCache failed", it) }
app/src/main/java/com/aeriotv/android/feature/playlist/PlaylistViewModel.kt	1459	Refresh EPG Data	// "Refresh EPG Data" is the user's reset-everything hammer).
app/src/main/java/com/aeriotv/android/feature/playlist/PlaylistViewModel.kt	1464	Last refreshed	// repo) reaches the detail card's "Last refreshed" footer.
app/src/main/java/com/aeriotv/android/feature/playlist/PlaylistViewModel.kt	1470	No EPG source configured	outcome == null -> ActionStatus.Failure("No EPG source configured")
app/src/main/java/com/aeriotv/android/feature/playlist/PlaylistViewModel.kt	1472	EPG updated (${outcome.getOrThrow()} programmes)	"EPG updated (${outcome.getOrThrow()} programmes)",
app/src/main/java/com/aeriotv/android/feature/playlist/PlaylistViewModel.kt	1475	EPG refresh failed: ${LogSanitizer.redact(outcome.exceptionOrNull()?.message ?: 	"EPG refresh failed: ${LogSanitizer.redact(outcome.exceptionOrNull()?.message ?: "unknown error")}",
app/src/main/java/com/aeriotv/android/feature/playlist/PlaylistViewModel.kt	1485	Refresh Everything	* "Refresh Everything" nuclear reset (iOS a039ba71a parity). Strictly
app/src/main/java/com/aeriotv/android/feature/playlist/PlaylistViewModel.kt	1498	refreshEverything: nuking all caches for ${active.name}	Log.i(TAG, "refreshEverything: nuking all caches for ${active.name}")
app/src/main/java/com/aeriotv/android/feature/playlist/PlaylistViewModel.kt	1508	refreshEverything: purgeEpgCache failed	.onFailure { Log.w(TAG, "refreshEverything: purgeEpgCache failed", it) }
app/src/main/java/com/aeriotv/android/feature/playlist/PlaylistViewModel.kt	1520	refreshEverything: ${channels.size} channels reloaded	Log.i(TAG, "refreshEverything: ${channels.size} channels reloaded")
app/src/main/java/com/aeriotv/android/feature/playlist/PlaylistViewModel.kt	1530	No channels found.	error = if (channels.isEmpty()) "No channels found." else null,
app/src/main/java/com/aeriotv/android/feature/playlist/PlaylistViewModel.kt	1537	refreshEverything failed	Log.w(TAG, "refreshEverything failed", t)
app/src/main/java/com/aeriotv/android/feature/playlist/PlaylistViewModel.kt	1542	Refresh failed: ${LogSanitizer.redact(t.message ?: t::class.simpleName ?: 	"Refresh failed: ${LogSanitizer.redact(t.message ?: t::class.simpleName ?: "unknown error")}",
app/src/main/java/com/aeriotv/android/feature/playlist/PlaylistViewModel.kt	1544	Refresh failed: ${LogSanitizer.redact(t.message ?: t::class.simpleName ?: 	error = "Refresh failed: ${LogSanitizer.redact(t.message ?: t::class.simpleName ?: "unknown error")}",
app/src/main/java/com/aeriotv/android/feature/playlist/PlaylistViewModel.kt	1569	refreshEpgIfStale: guide is ${ageMs / 60000}min old, refreshing on foreground	Log.i(TAG, "refreshEpgIfStale: guide is ${ageMs / 60000}min old, refreshing on foreground")
app/src/main/java/com/aeriotv/android/feature/playlist/PlaylistViewModel.kt	1588	checkEpgSourcesForChanges failed: $it	.onFailure { Log.w(TAG, "checkEpgSourcesForChanges failed: $it") }
app/src/main/java/com/aeriotv/android/feature/playlist/PlaylistViewModel.kt	1602	All Channels	* list empty so the picker just shows "All Channels".
app/src/main/java/com/aeriotv/android/feature/playlist/PlaylistViewModel.kt	1617	loadDispatcharrProfiles failed	.onFailure { Log.w(TAG, "loadDispatcharrProfiles failed", it) }
app/src/main/java/com/aeriotv/android/feature/playlist/PlaylistViewModel.kt	1682	No channels found.	error = if (channels.isEmpty()) "No channels found." else null,
app/src/main/java/com/aeriotv/android/feature/playlist/PlaylistViewModel.kt	1688	saveEdits failed	Log.w(TAG, "saveEdits failed", t)
app/src/main/java/com/aeriotv/android/feature/playlist/PlaylistViewModel.kt	1693	Save failed	error = loadFailureMessage("Save failed", t),
app/src/main/java/com/aeriotv/android/feature/playlist/PlaylistViewModel.kt	1710	testConnection: probing ${active.urlString}	Log.i(TAG, "testConnection: probing ${active.urlString}")
app/src/main/java/com/aeriotv/android/feature/playlist/PlaylistViewModel.kt	1714	testConnection: ok (${channels.size} channels)	Log.i(TAG, "testConnection: ok (${channels.size} channels)")
app/src/main/java/com/aeriotv/android/feature/playlist/PlaylistViewModel.kt	1718	Connected OK (${channels.size} channels)	"Connected OK (${channels.size} channels)",
app/src/main/java/com/aeriotv/android/feature/playlist/PlaylistViewModel.kt	1724	testConnection failed	Log.w(TAG, "testConnection failed", t)
app/src/main/java/com/aeriotv/android/feature/playlist/PlaylistViewModel.kt	1728	Connection failed: ${LogSanitizer.redact(t.message ?: t::class.simpleName ?: 	"Connection failed: ${LogSanitizer.redact(t.message ?: t::class.simpleName ?: "unknown error")}",
app/src/main/java/com/aeriotv/android/feature/playlist/PlaylistViewModel.kt	1756	Refresh LAN Detection	/** Manual "Refresh LAN Detection" action on Playlist Detail: re-probe
app/src/main/java/com/aeriotv/android/feature/playlist/PlaylistViewModel.kt	1770	Local server reachable, using local URL	if (isLan) "Local server reachable, using local URL" else "Using remote URL",
app/src/main/java/com/aeriotv/android/feature/playlist/PlaylistViewModel.kt	1770	Using remote URL	if (isLan) "Local server reachable, using local URL" else "Using remote URL",
app/src/main/java/com/aeriotv/android/feature/playlist/PlaylistViewModel.kt	1854	No channels found.	error = if (channels.isEmpty()) "No channels found." else null,
app/src/main/java/com/aeriotv/android/feature/playlist/PlaylistViewModel.kt	1884	switchToPlaylist failed	Log.w(TAG, "switchToPlaylist failed", t)
app/src/main/java/com/aeriotv/android/feature/playlist/PlaylistViewModel.kt	1888	Switch failed: ${LogSanitizer.redact(t.message ?: t::class.simpleName ?: 	error = "Switch failed: ${LogSanitizer.redact(t.message ?: t::class.simpleName ?: "unknown error")}",
app/src/main/java/com/aeriotv/android/feature/playlist/PlaylistViewModel.kt	1951	Switch Stream	* Player "Switch Stream" (Dispatcharr Direct Connect): the active channel's
app/src/main/java/com/aeriotv/android/feature/playlist/PlaylistViewModel.kt	1968	Switch Stream	* Player "Switch Stream": ask Dispatcharr to switch the channel's active
app/src/main/java/com/aeriotv/android/feature/playlist/PlaylistViewModel.kt	1984	Stream ended	/** Clean-end session check for the player's "Stream ended" card. */
app/src/main/java/com/aeriotv/android/feature/playlist/PlaylistViewModel.kt	2014	By Number	ByNumber("By Number"),
app/src/main/java/com/aeriotv/android/feature/playlist/PlaylistViewModel.kt	2015	By Name	ByName("By Name"),
app/src/main/java/com/aeriotv/android/feature/playlist/PlaylistViewModel.kt	2016	Favorites First	FavoritesFirst("Favorites First"),
app/src/main/java/com/aeriotv/android/feature/playlist/PlaylistViewModel.kt	2071	$scheme$hostPart	return "$scheme$hostPart"
app/src/main/java/com/aeriotv/android/feature/reminders/ReminderBanner.kt	124	Starting now on ${banner.channelName}	"Starting now on ${banner.channelName}"
app/src/main/java/com/aeriotv/android/feature/reminders/ReminderBanner.kt	126	Starting now	"Starting now",
app/src/main/java/com/aeriotv/android/feature/reminders/ReminderBanner.kt	146	$channelId|$channelName	private fun ReminderBannerData.startMillisKey(): String = "$channelId|$channelName"
app/src/main/java/com/aeriotv/android/feature/reminders/ReminderBroadcastReceiver.kt	62	Starting soon on $channelName	.setContentText("Starting soon on $channelName")
app/src/main/java/com/aeriotv/android/feature/reminders/ReminderBroadcastReceiver.kt	78	Programme reminders	"Programme reminders",
app/src/main/java/com/aeriotv/android/feature/reminders/ReminderBroadcastReceiver.kt	81	Heads-up when a programme you set a reminder on is about to start.	description = "Heads-up when a programme you set a reminder on is about to start."
app/src/main/java/com/aeriotv/android/feature/reminders/ReminderBroadcastReceiver.kt	88	extra_title	const val EXTRA_TITLE = "extra_title"
app/src/main/java/com/aeriotv/android/feature/reminders/RemindersViewModel.kt	115	scheduleAlarm failed	}.onFailure { Log.w(TAG, "scheduleAlarm failed", it) }
app/src/main/java/com/aeriotv/android/feature/search/SearchScreen.kt	142	Search movies, shows, programs…	placeholder = { Text("Search movies, shows, programs…") },
app/src/main/java/com/aeriotv/android/feature/search/SearchScreen.kt	164	Search for movies, shows, or EPG programs	title = "Search for movies, shows, or EPG programs",
app/src/main/java/com/aeriotv/android/feature/search/SearchScreen.kt	172	No results for “${state.query}”	title = "No results for “${state.query}”",
app/src/main/java/com/aeriotv/android/feature/search/SearchScreen.kt	173	Try a different search term or change the scope filter.	subtitle = "Try a different search term or change the scope filter.",
app/src/main/java/com/aeriotv/android/feature/search/SearchScreen.kt	345	TV Show	"TV Show",
app/src/main/java/com/aeriotv/android/feature/search/SearchViewModel.kt	49	All	enum class Scope(val label: String) { All("All"), Movies("Movies"), Series("TV Shows"), Epg("EPG") }
app/src/main/java/com/aeriotv/android/feature/search/SearchViewModel.kt	49	EPG	enum class Scope(val label: String) { All("All"), Movies("Movies"), Series("TV Shows"), Epg("EPG") }
app/src/main/java/com/aeriotv/android/feature/search/SearchViewModel.kt	49	Movies	enum class Scope(val label: String) { All("All"), Movies("Movies"), Series("TV Shows"), Epg("EPG") }
app/src/main/java/com/aeriotv/android/feature/search/SearchViewModel.kt	49	TV Shows	enum class Scope(val label: String) { All("All"), Movies("Movies"), Series("TV Shows"), Epg("EPG") }
app/src/main/java/com/aeriotv/android/feature/search/SearchViewModel.kt	62	epg-${programme.channelId}-${programme.startMillis}	override val key = "epg-${programme.channelId}-${programme.startMillis}"
app/src/main/java/com/aeriotv/android/feature/settings/AddMoreCategoriesScreen.kt	92	Add More Categories	text = "Add More Categories",
app/src/main/java/com/aeriotv/android/feature/settings/AddMoreCategoriesScreen.kt	134	Extra buckets	text = "Extra buckets",
app/src/main/java/com/aeriotv/android/feature/settings/AddMoreCategoriesScreen.kt	140	Toggle a bucket on to colour matching programmes. Select the swatch to override its hex.	text = "Toggle a bucket on to colour matching programmes. Select the swatch to override its hex.",
app/src/main/java/com/aeriotv/android/feature/settings/AddMoreCategoriesScreen.kt	166	Match an XMLTV category substring and pick its colour. Useful for genres outside the built-in buckets (e.g. Horror, Anime).	text = "Match an XMLTV category substring and pick its colour. Useful for genres outside the built-in buckets (e.g. Horror, Anime).",
app/src/main/java/com/aeriotv/android/feature/settings/AddMoreCategoriesScreen.kt	180	Add custom category	contentDescription = "Add custom category",
app/src/main/java/com/aeriotv/android/feature/settings/AddMoreCategoriesScreen.kt	189	No custom categories yet. Select + above to add one.	text = "No custom categories yet. Select + above to add one.",
app/src/main/java/com/aeriotv/android/feature/settings/AddMoreCategoriesScreen.kt	376	Add Custom Category	title = { Text(if (initial == null) "Add Custom Category" else "Edit Custom Category") },
app/src/main/java/com/aeriotv/android/feature/settings/AddMoreCategoriesScreen.kt	376	Edit Custom Category	title = { Text(if (initial == null) "Add Custom Category" else "Edit Custom Category") },
app/src/main/java/com/aeriotv/android/feature/settings/AddMoreCategoriesScreen.kt	382	Match (substring, case-insensitive)	label = { Text("Match (substring, case-insensitive)") },
app/src/main/java/com/aeriotv/android/feature/settings/AddMoreCategoriesScreen.kt	408	Hex color	label = { Text("Hex color") },
app/src/main/java/com/aeriotv/android/feature/settings/AddMoreCategoriesScreen.kt	421	Save	label = "Save",
app/src/main/java/com/aeriotv/android/feature/settings/AddMoreCategoriesScreen.kt	427	Cancel	SettingsDialogTextButton(label = "Cancel", onClick = onDismiss)
app/src/main/java/com/aeriotv/android/feature/settings/AppUpdatesScreen.kt	61	App Updates	SettingsDetailTopBar(title = "App Updates", onBack = onBack)
app/src/main/java/com/aeriotv/android/feature/settings/AppUpdatesScreen.kt	72	This device	header = "This device",
app/src/main/java/com/aeriotv/android/feature/settings/AppUpdatesScreen.kt	73	Updates on this channel come from the project's GitHub 	footer = "Updates on this channel come from the project's GitHub " +
app/src/main/java/com/aeriotv/android/feature/settings/AppUpdatesScreen.kt	74	releases. Installing keeps your channels, settings, and 	"releases. Installing keeps your channels, settings, and " +
app/src/main/java/com/aeriotv/android/feature/settings/AppUpdatesScreen.kt	75	recordings; AerioTV closes during the install and you reopen 	"recordings; AerioTV closes during the install and you reopen " +
app/src/main/java/com/aeriotv/android/feature/settings/AppUpdatesScreen.kt	76	it from your home screen.	"it from your home screen.",
app/src/main/java/com/aeriotv/android/feature/settings/AppUpdatesScreen.kt	78	Version	SettingsInfoRow(label = "Version", value = BuildConfig.VERSION_NAME)
app/src/main/java/com/aeriotv/android/feature/settings/AppUpdatesScreen.kt	79	Channel	SettingsInfoRow(label = "Channel", value = "GitHub releases")
app/src/main/java/com/aeriotv/android/feature/settings/AppUpdatesScreen.kt	79	GitHub releases	SettingsInfoRow(label = "Channel", value = "GitHub releases")
app/src/main/java/com/aeriotv/android/feature/settings/AppUpdatesScreen.kt	81	Check for updates	label = "Check for updates",
app/src/main/java/com/aeriotv/android/feature/settings/AppUpdatesScreen.kt	88	You're on the latest version.	is UpdateState.UpToDate -> StatusText("You're on the latest version.")
app/src/main/java/com/aeriotv/android/feature/settings/AppUpdatesScreen.kt	90	Update available	header = "Update available",
app/src/main/java/com/aeriotv/android/feature/settings/AppUpdatesScreen.kt	94	Download AerioTV ${s.info.versionName}	label = "Download AerioTV ${s.info.versionName}",
app/src/main/java/com/aeriotv/android/feature/settings/AppUpdatesScreen.kt	95	${s.info.apkSizeBytes / (1024 * 1024)} MB from GitHub	subtitle = "${s.info.apkSizeBytes / (1024 * 1024)} MB from GitHub",
app/src/main/java/com/aeriotv/android/feature/settings/AppUpdatesScreen.kt	111	Verifying download...	StatusText("Verifying download...")
app/src/main/java/com/aeriotv/android/feature/settings/AppUpdatesScreen.kt	114	Ready to install	header = "Ready to install",
app/src/main/java/com/aeriotv/android/feature/settings/AppUpdatesScreen.kt	115	Your data is kept. AerioTV will close to install; reopen 	footer = "Your data is kept. AerioTV will close to install; reopen " +
app/src/main/java/com/aeriotv/android/feature/settings/AppUpdatesScreen.kt	116	it from your home screen.	"it from your home screen.",
app/src/main/java/com/aeriotv/android/feature/settings/AppUpdatesScreen.kt	119	Install AerioTV ${s.info.versionName}	label = "Install AerioTV ${s.info.versionName}",
app/src/main/java/com/aeriotv/android/feature/settings/AppUpdatesScreen.kt	125	One-time permission needed	header = "One-time permission needed",
app/src/main/java/com/aeriotv/android/feature/settings/AppUpdatesScreen.kt	126	Allow AerioTV to install updates in the Settings screen, 	footer = "Allow AerioTV to install updates in the Settings screen, " +
app/src/main/java/com/aeriotv/android/feature/settings/AppUpdatesScreen.kt	127	then come back. If you've already allowed it, Install 	"then come back. If you've already allowed it, Install " +
app/src/main/java/com/aeriotv/android/feature/settings/AppUpdatesScreen.kt	131	Install	label = "Install",
app/src/main/java/com/aeriotv/android/feature/settings/AppUpdatesScreen.kt	137	Confirm the update in the Android dialog. AerioTV will close to 	"Confirm the update in the Android dialog. AerioTV will close to " +
app/src/main/java/com/aeriotv/android/feature/settings/AppUpdatesScreen.kt	141	Update problem	header = "Update problem",
app/src/main/java/com/aeriotv/android/feature/settings/AppUpdatesScreen.kt	145	Check again	label = if (s.info != null) "Try again" else "Check again",
app/src/main/java/com/aeriotv/android/feature/settings/AppUpdatesScreen.kt	145	Try again	label = if (s.info != null) "Try again" else "Check again",
app/src/main/java/com/aeriotv/android/feature/settings/AppUpdatesScreen.kt	152	Dismiss	label = "Dismiss",
app/src/main/java/com/aeriotv/android/feature/settings/AppearanceSettingsScreen.kt	138	Appearance	SettingsDetailTopBar(title = "Appearance", onBack = onBack)
app/src/main/java/com/aeriotv/android/feature/settings/AppearanceSettingsScreen.kt	168	Choose the palette and the light or dark appearance. Theme sets the color; Appearance sets light vs dark. They are independent, so any theme works in either appearance. Changes apply live; the preset accent kicks in unless Custom Accent is on.	footer = "Choose the palette and the light or dark appearance. Theme sets the color; Appearance sets light vs dark. They are independent, so any theme works in either appearance. Changes apply live; the preset accent kicks in unless Custom Accent is on.",
app/src/main/java/com/aeriotv/android/feature/settings/AppearanceSettingsScreen.kt	248	Text Size	header = "Text Size",
app/src/main/java/com/aeriotv/android/feature/settings/AppearanceSettingsScreen.kt	249	Scales all text in AerioTV, on top of your device's font size. Changes apply live.	footer = "Scales all text in AerioTV, on top of your device's font size. Changes apply live.",
app/src/main/java/com/aeriotv/android/feature/settings/AppearanceSettingsScreen.kt	252	Text Size	label = "Text Size",
app/src/main/java/com/aeriotv/android/feature/settings/AppearanceSettingsScreen.kt	262	Subtext Size	header = "Subtext Size",
app/src/main/java/com/aeriotv/android/feature/settings/AppearanceSettingsScreen.kt	263	Scales only secondary text such as descriptions, program details, and captions, on top of Text Size. Titles and buttons stay the same. Changes apply live.	footer = "Scales only secondary text such as descriptions, program details, and captions, on top of Text Size. Titles and buttons stay the same. Changes apply live.",
app/src/main/java/com/aeriotv/android/feature/settings/AppearanceSettingsScreen.kt	266	Subtext Size	label = "Subtext Size",
app/src/main/java/com/aeriotv/android/feature/settings/AppearanceSettingsScreen.kt	276	Text Contrast	header = "Text Contrast",
app/src/main/java/com/aeriotv/android/feature/settings/AppearanceSettingsScreen.kt	280	Text Contrast	label = "Text Contrast",
app/src/main/java/com/aeriotv/android/feature/settings/AppearanceSettingsScreen.kt	290	Time Format	header = "Time Format",
app/src/main/java/com/aeriotv/android/feature/settings/AppearanceSettingsScreen.kt	291	System follows your device's clock setting. Applies to the Guide, program info, and recordings.	footer = "System follows your device's clock setting. Applies to the Guide, program info, and recordings.",
app/src/main/java/com/aeriotv/android/feature/settings/AppearanceSettingsScreen.kt	445	Cyan on deep navy (default)	AppTheme.Aerio -> "Cyan on deep navy (default)"
app/src/main/java/com/aeriotv/android/feature/settings/AppearanceSettingsScreen.kt	446	Cool blue on near-black	AppTheme.Midnight -> "Cool blue on near-black"
app/src/main/java/com/aeriotv/android/feature/settings/AppearanceSettingsScreen.kt	447	Warm orange on near-black	AppTheme.Sunset -> "Warm orange on near-black"
app/src/main/java/com/aeriotv/android/feature/settings/AppearanceSettingsScreen.kt	448	Green on near-black	AppTheme.Forest -> "Green on near-black"
app/src/main/java/com/aeriotv/android/feature/settings/AppearanceSettingsScreen.kt	449	Purple on near-black	AppTheme.Lavender -> "Purple on near-black"
app/src/main/java/com/aeriotv/android/feature/settings/AppearanceSettingsScreen.kt	450	Greyscale on near-black	AppTheme.Monochrome -> "Greyscale on near-black"
app/src/main/java/com/aeriotv/android/feature/settings/AppearanceSettingsScreen.kt	451	Neutral teal-grey on white	AppTheme.Light -> "Neutral teal-grey on white"
app/src/main/java/com/aeriotv/android/feature/settings/AppearanceSettingsScreen.kt	475	Dark surfaces everywhere (default)	AppearanceMode.Dark -> "Dark surfaces everywhere (default)"
app/src/main/java/com/aeriotv/android/feature/settings/AppearanceSettingsScreen.kt	476	Light surfaces everywhere	AppearanceMode.Light -> "Light surfaces everywhere"
app/src/main/java/com/aeriotv/android/feature/settings/AppearanceSettingsScreen.kt	477	Follow the device light or dark setting	AppearanceMode.System -> "Follow the device light or dark setting"
app/src/main/java/com/aeriotv/android/feature/settings/AppearanceSettingsScreen.kt	523	Custom Accent Color	* Custom accent color row. Mirrors iOS Appearance > "Custom Accent Color"
app/src/main/java/com/aeriotv/android/feature/settings/AppearanceSettingsScreen.kt	552	Custom Accent Color	text = "Custom Accent Color",
app/src/main/java/com/aeriotv/android/feature/settings/AppearanceSettingsScreen.kt	558	Override active: #${hex.uppercase()}	text = if (enabled && hex.isNotBlank()) "Override active: #${hex.uppercase()}"
app/src/main/java/com/aeriotv/android/feature/settings/AppearanceSettingsScreen.kt	559	Override the preset accent with your own hex.	else "Override the preset accent with your own hex.",
app/src/main/java/com/aeriotv/android/feature/settings/AppearanceSettingsScreen.kt	631	Channel 042	text = "Channel 042",
app/src/main/java/com/aeriotv/android/feature/settings/AppearanceSettingsScreen.kt	637	AerioTV Sample Program	text = "AerioTV Sample Program",
app/src/main/java/com/aeriotv/android/feature/settings/AppearanceSettingsScreen.kt	948	Documentary, Drama, Comedy, Reality, + 3 more, plus custom.	extraOn == 0 && customCount == 0 -> "Documentary, Drama, Comedy, Reality, + 3 more, plus custom."
app/src/main/java/com/aeriotv/android/feature/settings/AppearanceSettingsScreen.kt	949	$extraOn extra on · $customCount custom	else -> "$extraOn extra on · $customCount custom"
app/src/main/java/com/aeriotv/android/feature/settings/AppearanceSettingsScreen.kt	961	Add More Categories	text = "Add More Categories",
app/src/main/java/com/aeriotv/android/feature/settings/AppearanceSettingsScreen.kt	997	Save	label = "Save",
app/src/main/java/com/aeriotv/android/feature/settings/AppearanceSettingsScreen.kt	1004	Reset	SettingsDialogTextButton(label = "Reset", onClick = onReset)
app/src/main/java/com/aeriotv/android/feature/settings/AppearanceSettingsScreen.kt	1005	Cancel	SettingsDialogTextButton(label = "Cancel", onClick = onDismiss)
app/src/main/java/com/aeriotv/android/feature/settings/AppearanceSettingsScreen.kt	1008	Custom Accent	title = { Text("Custom Accent") },
app/src/main/java/com/aeriotv/android/feature/settings/AppearanceSettingsScreen.kt	1025	Enter 6-char hex	text = if (isValid) "Preview $sanitized" else "Enter 6-char hex",
app/src/main/java/com/aeriotv/android/feature/settings/AppearanceSettingsScreen.kt	1025	Preview $sanitized	text = if (isValid) "Preview $sanitized" else "Enter 6-char hex",
app/src/main/java/com/aeriotv/android/feature/settings/AppearanceSettingsScreen.kt	1036	Hex color (e.g. 1AC4D8)	label = { Text("Hex color (e.g. 1AC4D8)") },
app/src/main/java/com/aeriotv/android/feature/settings/DeveloperSettingsScreen.kt	90	Logs include network requests, playback events...	* across platforms ("Logs include network requests, playback events..."
app/src/main/java/com/aeriotv/android/feature/settings/DeveloperSettingsScreen.kt	92	On My iPhone › AerioTV	* of iOS's "On My iPhone › AerioTV" Files-app shorthand.
app/src/main/java/com/aeriotv/android/feature/settings/DeveloperSettingsScreen.kt	130	Developer	SettingsDetailTopBar(title = "Developer", onBack = onBack)
app/src/main/java/com/aeriotv/android/feature/settings/DeveloperSettingsScreen.kt	143	What's Captured	// Build section (version code, "What's Captured" list) isn't
app/src/main/java/com/aeriotv/android/feature/settings/DeveloperSettingsScreen.kt	185	Enable Debug Logging?	title = { Text("Enable Debug Logging?") },
app/src/main/java/com/aeriotv/android/feature/settings/DeveloperSettingsScreen.kt	188	AerioTV will write detailed diagnostic logs to a file in the app's 	"AerioTV will write detailed diagnostic logs to a file in the app's " +
app/src/main/java/com/aeriotv/android/feature/settings/DeveloperSettingsScreen.kt	189	private storage.\n\nLogs include network requests, playback events, 	"private storage.\n\nLogs include network requests, playback events, " +
app/src/main/java/com/aeriotv/android/feature/settings/DeveloperSettingsScreen.kt	190	and error details. They never leave the device unless you share the 	"and error details. They never leave the device unless you share the " +
app/src/main/java/com/aeriotv/android/feature/settings/DeveloperSettingsScreen.kt	191	file from this screen.\n\nLogging has a minor impact on performance 	"file from this screen.\n\nLogging has a minor impact on performance " +
app/src/main/java/com/aeriotv/android/feature/settings/DeveloperSettingsScreen.kt	192	and storage. You can disable it at any time.	"and storage. You can disable it at any time.",
app/src/main/java/com/aeriotv/android/feature/settings/DeveloperSettingsScreen.kt	197	Enable Logging	label = "Enable Logging",
app/src/main/java/com/aeriotv/android/feature/settings/DeveloperSettingsScreen.kt	205	Cancel	SettingsDialogTextButton(label = "Cancel", onClick = { pendingEnable = false })
app/src/main/java/com/aeriotv/android/feature/settings/DeveloperSettingsScreen.kt	213	Disable Debug Logging?	title = { Text("Disable Debug Logging?") },
app/src/main/java/com/aeriotv/android/feature/settings/DeveloperSettingsScreen.kt	215	The existing log file will be kept. You can share or clear it at any time.	Text("The existing log file will be kept. You can share or clear it at any time.")
app/src/main/java/com/aeriotv/android/feature/settings/DeveloperSettingsScreen.kt	219	Disable	label = "Disable",
app/src/main/java/com/aeriotv/android/feature/settings/DeveloperSettingsScreen.kt	228	Keep Logging	SettingsDialogTextButton(label = "Keep Logging", onClick = { pendingDisable = false })
app/src/main/java/com/aeriotv/android/feature/settings/DeveloperSettingsScreen.kt	236	Delete All Logs?	title = { Text("Delete All Logs?") },
app/src/main/java/com/aeriotv/android/feature/settings/DeveloperSettingsScreen.kt	239	This permanently deletes the current log and any rotated 	"This permanently deletes the current log and any rotated " +
app/src/main/java/com/aeriotv/android/feature/settings/DeveloperSettingsScreen.kt	240	archives. This cannot be undone.	"archives. This cannot be undone.",
app/src/main/java/com/aeriotv/android/feature/settings/DeveloperSettingsScreen.kt	245	Delete All Logs	label = "Delete All Logs",
app/src/main/java/com/aeriotv/android/feature/settings/DeveloperSettingsScreen.kt	254	Cancel	SettingsDialogTextButton(label = "Cancel", onClick = { pendingClear = false })
app/src/main/java/com/aeriotv/android/feature/settings/DeveloperSettingsScreen.kt	275	When enabled, detailed logs are written to a file in the app's private 	footer = "When enabled, detailed logs are written to a file in the app's private " +
app/src/main/java/com/aeriotv/android/feature/settings/DeveloperSettingsScreen.kt	276	storage. Logs include network requests, playback events, EPG activity, errors, 	"storage. Logs include network requests, playback events, EPG activity, errors, " +
app/src/main/java/com/aeriotv/android/feature/settings/DeveloperSettingsScreen.kt	280	Debug Logging	title = "Debug Logging",
app/src/main/java/com/aeriotv/android/feature/settings/DeveloperSettingsScreen.kt	281	Active, writing to aerio_debug_logs.txt	subtitle = if (enabled) "Active, writing to aerio_debug_logs.txt"
app/src/main/java/com/aeriotv/android/feature/settings/DeveloperSettingsScreen.kt	282	Off, no data is collected	else "Off, no data is collected",
app/src/main/java/com/aeriotv/android/feature/settings/DeveloperSettingsScreen.kt	300	Log File	header = "Log File",
app/src/main/java/com/aeriotv/android/feature/settings/DeveloperSettingsScreen.kt	301	Logs rotate automatically when the file exceeds 10 MB. The previous log is 	footer = "Logs rotate automatically when the file exceeds 10 MB. The previous log is " +
app/src/main/java/com/aeriotv/android/feature/settings/DeveloperSettingsScreen.kt	305	Total Log Size	label = "Total Log Size",
app/src/main/java/com/aeriotv/android/feature/settings/DeveloperSettingsScreen.kt	310	View Log File	label = "View Log File",
app/src/main/java/com/aeriotv/android/feature/settings/DeveloperSettingsScreen.kt	311	Scroll through entries in the app	subtitle = "Scroll through entries in the app",
app/src/main/java/com/aeriotv/android/feature/settings/DeveloperSettingsScreen.kt	316	Share Log File	label = "Share Log File",
app/src/main/java/com/aeriotv/android/feature/settings/DeveloperSettingsScreen.kt	317	Email, Messages, Drive, etc.	subtitle = if (isTv) "Scan a QR code with your phone" else "Email, Messages, Drive, etc.",
app/src/main/java/com/aeriotv/android/feature/settings/DeveloperSettingsScreen.kt	317	Scan a QR code with your phone	subtitle = if (isTv) "Scan a QR code with your phone" else "Email, Messages, Drive, etc.",
app/src/main/java/com/aeriotv/android/feature/settings/DeveloperSettingsScreen.kt	322	Delete All Logs	label = "Delete All Logs",
app/src/main/java/com/aeriotv/android/feature/settings/DeveloperSettingsScreen.kt	323	Removes the current log and rotated archives	subtitle = "Removes the current log and rotated archives",
app/src/main/java/com/aeriotv/android/feature/settings/DeveloperSettingsScreen.kt	334	What's Captured	header = "What's Captured",
app/src/main/java/com/aeriotv/android/feature/settings/DeveloperSettingsScreen.kt	335	Logs include only diagnostic context. AerioTV never logs your Dispatcharr 	footer = "Logs include only diagnostic context. AerioTV never logs your Dispatcharr " +
app/src/main/java/com/aeriotv/android/feature/settings/DeveloperSettingsScreen.kt	340	Network	title = "Network",
app/src/main/java/com/aeriotv/android/feature/settings/DeveloperSettingsScreen.kt	341	All API requests: URL, method, status code, duration, payload size	detail = "All API requests: URL, method, status code, duration, payload size",
app/src/main/java/com/aeriotv/android/feature/settings/DeveloperSettingsScreen.kt	346	Playback	title = "Playback",
app/src/main/java/com/aeriotv/android/feature/settings/DeveloperSettingsScreen.kt	347	Stream URLs loaded, player state transitions, DVR mode, failover attempts	detail = "Stream URLs loaded, player state transitions, DVR mode, failover attempts",
app/src/main/java/com/aeriotv/android/feature/settings/DeveloperSettingsScreen.kt	352	EPG	title = "EPG",
app/src/main/java/com/aeriotv/android/feature/settings/DeveloperSettingsScreen.kt	353	Current program fetches, upcoming program loads, decode errors	detail = "Current program fetches, upcoming program loads, decode errors",
app/src/main/java/com/aeriotv/android/feature/settings/DeveloperSettingsScreen.kt	358	Channels	title = "Channels",
app/src/main/java/com/aeriotv/android/feature/settings/DeveloperSettingsScreen.kt	359	Channel list loads, source type, item counts, timing	detail = "Channel list loads, source type, item counts, timing",
app/src/main/java/com/aeriotv/android/feature/settings/DeveloperSettingsScreen.kt	364	Lifecycle	title = "Lifecycle",
app/src/main/java/com/aeriotv/android/feature/settings/DeveloperSettingsScreen.kt	365	App foreground/background, launch, scene transitions	detail = "App foreground/background, launch, scene transitions",
app/src/main/java/com/aeriotv/android/feature/settings/DeveloperSettingsScreen.kt	370	Errors	title = "Errors",
app/src/main/java/com/aeriotv/android/feature/settings/DeveloperSettingsScreen.kt	371	Caught exceptions with full context, source file and line number	detail = "Caught exceptions with full context, source file and line number",
app/src/main/java/com/aeriotv/android/feature/settings/DeveloperSettingsScreen.kt	376	Performance	title = "Performance",
app/src/main/java/com/aeriotv/android/feature/settings/DeveloperSettingsScreen.kt	377	Timed operations: parse time, load time, memory at session start	detail = "Timed operations: parse time, load time, memory at session start",
app/src/main/java/com/aeriotv/android/feature/settings/DeveloperSettingsScreen.kt	385	Application ID	InfoRow(icon = Icons.Outlined.Build, label = "Application ID", value = BuildConfig.APPLICATION_ID)
app/src/main/java/com/aeriotv/android/feature/settings/DeveloperSettingsScreen.kt	387	Version	InfoRow(icon = null, label = "Version", value = BuildConfig.VERSION_NAME)
app/src/main/java/com/aeriotv/android/feature/settings/DeveloperSettingsScreen.kt	389	Version Code	InfoRow(icon = null, label = "Version Code", value = BuildConfig.VERSION_CODE.toString())
app/src/main/java/com/aeriotv/android/feature/settings/DeveloperSettingsScreen.kt	391	Build Type	InfoRow(icon = null, label = "Build Type", value = BuildConfig.BUILD_TYPE)
app/src/main/java/com/aeriotv/android/feature/settings/DeveloperSettingsScreen.kt	393	Manufacturer	InfoRow(icon = null, label = "Manufacturer", value = android.os.Build.MANUFACTURER)
app/src/main/java/com/aeriotv/android/feature/settings/DeveloperSettingsScreen.kt	395	Model	InfoRow(icon = null, label = "Model", value = android.os.Build.MODEL)
app/src/main/java/com/aeriotv/android/feature/settings/DeveloperSettingsScreen.kt	399	Android	label = "Android",
app/src/main/java/com/aeriotv/android/feature/settings/DeveloperSettingsScreen.kt	519	No log file to share yet.	android.widget.Toast.makeText(context, "No log file to share yet.", android.widget.Toast.LENGTH_SHORT).show()
app/src/main/java/com/aeriotv/android/feature/settings/DeveloperSettingsScreen.kt	527	Couldn't prepare log for share: ${it.message ?: it::class.simpleName}	"Couldn't prepare log for share: ${it.message ?: it::class.simpleName}",
app/src/main/java/com/aeriotv/android/feature/settings/DeveloperSettingsScreen.kt	535	AerioTV debug logs	putExtra(Intent.EXTRA_SUBJECT, "AerioTV debug logs")
app/src/main/java/com/aeriotv/android/feature/settings/DeveloperSettingsScreen.kt	538	Share Log File	val chooser = Intent.createChooser(sendIntent, "Share Log File")
app/src/main/java/com/aeriotv/android/feature/settings/DvrSettingsScreen.kt	107	DVR Settings	SettingsDetailTopBar(title = "DVR Settings", onBack = onBack)
app/src/main/java/com/aeriotv/android/feature/settings/DvrSettingsScreen.kt	132	Default Destination	header = "Default Destination",
app/src/main/java/com/aeriotv/android/feature/settings/DvrSettingsScreen.kt	133	Where new recordings are saved unless you change it in the record sheet. Accounts without server recording always record to this device.	footer = "Where new recordings are saved unless you change it in the record sheet. Accounts without server recording always record to this device.",
app/src/main/java/com/aeriotv/android/feature/settings/DvrSettingsScreen.kt	137	Server (Dispatcharr)	label = "Server (Dispatcharr)",
app/src/main/java/com/aeriotv/android/feature/settings/DvrSettingsScreen.kt	143	This device	label = "This device",
app/src/main/java/com/aeriotv/android/feature/settings/DvrSettingsScreen.kt	153	Default Recording Buffers	header = "Default Recording Buffers",
app/src/main/java/com/aeriotv/android/feature/settings/DvrSettingsScreen.kt	154	Buffers extend new recordings beyond the scheduled window. Existing recordings aren't touched. Useful for sports and live events that run over.	footer = "Buffers extend new recordings beyond the scheduled window. Existing recordings aren't touched. Useful for sports and live events that run over.",
app/src/main/java/com/aeriotv/android/feature/settings/DvrSettingsScreen.kt	158	Start Early	label = "Start Early",
app/src/main/java/com/aeriotv/android/feature/settings/DvrSettingsScreen.kt	165	End Late	label = "End Late",
app/src/main/java/com/aeriotv/android/feature/settings/DvrSettingsScreen.kt	176	Local Storage	header = "Local Storage",
app/src/main/java/com/aeriotv/android/feature/settings/DvrSettingsScreen.kt	177	Cap applies to local recordings on this device only. Server recordings live on Dispatcharr and are tracked there.	footer = "Cap applies to local recordings on this device only. Server recordings live on Dispatcharr and are tracked there.",
app/src/main/java/com/aeriotv/android/feature/settings/DvrSettingsScreen.kt	213	${formatStorage(usedMB)} of ${formatStorage(capMB)} used	text = "${formatStorage(usedMB)} of ${formatStorage(capMB)} used",
app/src/main/java/com/aeriotv/android/feature/settings/DvrSettingsScreen.kt	248	Storage Location	header = "Storage Location",
app/src/main/java/com/aeriotv/android/feature/settings/DvrSettingsScreen.kt	249	Local recordings save to your Downloads folder (in an AerioTV subfolder) by default, so you can find them in any file manager. Choose Folder picks a custom location via the Storage Access Framework, retained across reboots.	footer = "Local recordings save to your Downloads folder (in an AerioTV subfolder) by default, so you can find them in any file manager. Choose Folder picks a custom location via the Storage Access Framework, retained across reboots.",
app/src/main/java/com/aeriotv/android/feature/settings/DvrSettingsScreen.kt	253	Currently saving to:	text = "Currently saving to:",
app/src/main/java/com/aeriotv/android/feature/settings/DvrSettingsScreen.kt	271	Choose Folder	text = "Choose Folder",
app/src/main/java/com/aeriotv/android/feature/settings/DvrSettingsScreen.kt	295	Reset to Default	text = "Reset to Default",
app/src/main/java/com/aeriotv/android/feature/settings/DvrSettingsScreen.kt	308	Holds a CPU wake lock while a local recording is downloading so Doze can't stall it. Server-side recordings are unaffected (they run on Dispatcharr). Leave on unless you're debugging battery drain.	footer = "Holds a CPU wake lock while a local recording is downloading so Doze can't stall it. Server-side recordings are unaffected (they run on Dispatcharr). Leave on unless you're debugging battery drain.",
app/src/main/java/com/aeriotv/android/feature/settings/DvrSettingsScreen.kt	311	Keep device awake during recording	title = "Keep device awake during recording",
app/src/main/java/com/aeriotv/android/feature/settings/DvrSettingsScreen.kt	312	Recommended for long local recordings.	subtitle = "Recommended for long local recordings.",
app/src/main/java/com/aeriotv/android/feature/settings/DvrSettingsScreen.kt	447	${gb.toInt()} GB	return if (gb >= 10) "${gb.toInt()} GB" else String.format("%.1f GB", gb)
app/src/main/java/com/aeriotv/android/feature/settings/DvrSettingsScreen.kt	463	Device Downloads (AerioTV folder)	return "Device Downloads (AerioTV folder)"
app/src/main/java/com/aeriotv/android/feature/settings/EditPlaylistScreen.kt	64	Edit Playlist	* left, "Edit Playlist" title, Save header right. Three sections — Connection,
app/src/main/java/com/aeriotv/android/feature/settings/EditPlaylistScreen.kt	70	Change Source Type	* fields shape. iOS gates that behind a separate "Change Source Type" flow
app/src/main/java/com/aeriotv/android/feature/settings/EditPlaylistScreen.kt	170	Edit Playlist	text = "Edit Playlist",
app/src/main/java/com/aeriotv/android/feature/settings/EditPlaylistScreen.kt	180	Cancel	Text("Cancel", color = MaterialTheme.colorScheme.textAccent)
app/src/main/java/com/aeriotv/android/feature/settings/EditPlaylistScreen.kt	189	Save	label = "Save",
app/src/main/java/com/aeriotv/android/feature/settings/EditPlaylistScreen.kt	242	Name	label = { Text("Name") },
app/src/main/java/com/aeriotv/android/feature/settings/EditPlaylistScreen.kt	257	Playlist URL	SourceType.M3uUrl -> "Playlist URL"
app/src/main/java/com/aeriotv/android/feature/settings/EditPlaylistScreen.kt	259	Server URL	SourceType.DispatcharrUserPass -> "Server URL"
app/src/main/java/com/aeriotv/android/feature/settings/EditPlaylistScreen.kt	260	Server URL	SourceType.XtreamCodes -> "Server URL"
app/src/main/java/com/aeriotv/android/feature/settings/EditPlaylistScreen.kt	273	Type: ${sourceType.displayName}. To switch types, use Change Playlist.	text = "Type: ${sourceType.displayName}. To switch types, use Change Playlist.",
app/src/main/java/com/aeriotv/android/feature/settings/EditPlaylistScreen.kt	286	Local Network	header = "Local Network",
app/src/main/java/com/aeriotv/android/feature/settings/EditPlaylistScreen.kt	287	Used automatically whenever the server answers at this address 	footer = "Used automatically whenever the server answers at this address " +
app/src/main/java/com/aeriotv/android/feature/settings/EditPlaylistScreen.kt	288	(checked at launch, on network changes, and after edits). Leave blank 	"(checked at launch, on network changes, and after edits). Leave blank " +
app/src/main/java/com/aeriotv/android/feature/settings/EditPlaylistScreen.kt	295	Local URL (optional)	label = { Text("Local URL (optional)") },
app/src/main/java/com/aeriotv/android/feature/settings/EditPlaylistScreen.kt	316	API Key	label = { Text("API Key") },
app/src/main/java/com/aeriotv/android/feature/settings/EditPlaylistScreen.kt	342	Username & Password	left = "Username & Password",
app/src/main/java/com/aeriotv/android/feature/settings/EditPlaylistScreen.kt	343	API Key	right = "API Key",
app/src/main/java/com/aeriotv/android/feature/settings/EditPlaylistScreen.kt	352	Username	label = { Text("Username") },
app/src/main/java/com/aeriotv/android/feature/settings/EditPlaylistScreen.kt	363	Password	label = { Text("Password") },
app/src/main/java/com/aeriotv/android/feature/settings/EditPlaylistScreen.kt	384	API Key	label = { Text("API Key") },
app/src/main/java/com/aeriotv/android/feature/settings/EditPlaylistScreen.kt	408	Username	label = { Text("Username") },
app/src/main/java/com/aeriotv/android/feature/settings/EditPlaylistScreen.kt	420	Password	label = { Text("Password") },
app/src/main/java/com/aeriotv/android/feature/settings/EditPlaylistScreen.kt	451	On Demand	header = "On Demand",
app/src/main/java/com/aeriotv/android/feature/settings/EditPlaylistScreen.kt	452	When off, this playlist's movies and TV shows aren't loaded into On Demand. Useful if you only want Live TV from this server, or if you have a second playlist that already provides On Demand.	footer = "When off, this playlist's movies and TV shows aren't loaded into On Demand. Useful if you only want Live TV from this server, or if you have a second playlist that already provides On Demand.",
app/src/main/java/com/aeriotv/android/feature/settings/EditPlaylistScreen.kt	468	Fetch On Demand from this playlist	text = "Fetch On Demand from this playlist",
app/src/main/java/com/aeriotv/android/feature/settings/EditPlaylistScreen.kt	493	Guide Days	header = "Guide Days",
app/src/main/java/com/aeriotv/android/feature/settings/EditPlaylistScreen.kt	494	How many days of guide data to load, back and ahead. 	footer = "How many days of guide data to load, back and ahead. " +
app/src/main/java/com/aeriotv/android/feature/settings/EditPlaylistScreen.kt	495	Dispatcharr only; other sources show what their guide carries.	"Dispatcharr only; other sources show what their guide carries.",
app/src/main/java/com/aeriotv/android/feature/settings/EditPlaylistScreen.kt	503	All Available	0 -> "All Available"
app/src/main/java/com/aeriotv/android/feature/settings/EditPlaylistScreen.kt	504	1 Day	1 -> "1 Day"
app/src/main/java/com/aeriotv/android/feature/settings/EditPlaylistScreen.kt	505	$days Days	else -> "$days Days"
app/src/main/java/com/aeriotv/android/feature/settings/EditPlaylistScreen.kt	519	Channel Profile	header = "Channel Profile",
app/src/main/java/com/aeriotv/android/feature/settings/EditPlaylistScreen.kt	520	Limit this playlist to the channels in a Dispatcharr profile. 	footer = "Limit this playlist to the channels in a Dispatcharr profile. " +
app/src/main/java/com/aeriotv/android/feature/settings/EditPlaylistScreen.kt	521	\"All Channels\" shows everything on the server.	"\"All Channels\" shows everything on the server.",
app/src/main/java/com/aeriotv/android/feature/settings/EditPlaylistScreen.kt	537	Loading profiles...	"Loading profiles...",
app/src/main/java/com/aeriotv/android/feature/settings/EditPlaylistScreen.kt	544	All Channels	label = "All Channels",
app/src/main/java/com/aeriotv/android/feature/settings/EditPlaylistScreen.kt	552	${profile.channelCount} channels	detail = "${profile.channelCount} channels",
app/src/main/java/com/aeriotv/android/feature/settings/EditPlaylistScreen.kt	566	Optional XMLTV URL. Leave empty if your M3U doesn't ship with a separate EPG.	"Optional XMLTV URL. Leave empty if your M3U doesn't ship with a separate EPG."
app/src/main/java/com/aeriotv/android/feature/settings/EditPlaylistScreen.kt	568	Optional override. When set, AerioTV pulls the guide from this XMLTV URL instead of the server's xmltv.php. Useful when an external provider supplies richer category tags.	"Optional override. When set, AerioTV pulls the guide from this XMLTV URL instead of the server's xmltv.php. Useful when an external provider supplies richer category tags."
app/src/main/java/com/aeriotv/android/feature/settings/EditPlaylistScreen.kt	571	EPG Source	header = "EPG Source",
app/src/main/java/com/aeriotv/android/feature/settings/EditPlaylistScreen.kt	578	XMLTV URL	label = { Text("XMLTV URL") },
app/src/main/java/com/aeriotv/android/feature/settings/EditPlaylistScreen.kt	596	Save Changes	label = "Save Changes",
app/src/main/java/com/aeriotv/android/feature/settings/EditPlaylistScreen.kt	600	Name and Server URL are required	subtitle = if (canSave) null else "Name and Server URL are required",
app/src/main/java/com/aeriotv/android/feature/settings/GeneralSettingsScreen.kt	65	General	SettingsDetailTopBar(title = "General", onBack = onBack)
app/src/main/java/com/aeriotv/android/feature/settings/GeneralSettingsScreen.kt	87	The tab shown when the app first launches. Skip loading screen may cause brief stutter while data hydrates. Resume last channel re-opens the player on launch if the saved channel still exists in your playlist.	footer = "The tab shown when the app first launches. Skip loading screen may cause brief stutter while data hydrates. Resume last channel re-opens the player on launch if the saved channel still exists in your playlist." +
app/src/main/java/com/aeriotv/android/feature/settings/GeneralSettingsScreen.kt	91	 The player's fullscreen button can still rotate into landscape whatever Auto-rotate says.	" The player's fullscreen button can still rotate into landscape whatever Auto-rotate says."
app/src/main/java/com/aeriotv/android/feature/settings/GeneralSettingsScreen.kt	109	Skip loading screen	title = "Skip loading screen",
app/src/main/java/com/aeriotv/android/feature/settings/GeneralSettingsScreen.kt	110	Land on Live TV instantly; data hydrates in the background	subtitle = "Land on Live TV instantly; data hydrates in the background",
app/src/main/java/com/aeriotv/android/feature/settings/GeneralSettingsScreen.kt	115	Resume last channel	title = "Resume last channel",
app/src/main/java/com/aeriotv/android/feature/settings/GeneralSettingsScreen.kt	116	Auto-start the last-played channel on launch.	subtitle = "Auto-start the last-played channel on launch.",
app/src/main/java/com/aeriotv/android/feature/settings/GeneralSettingsScreen.kt	127	Auto-rotate	title = "Auto-rotate",
app/src/main/java/com/aeriotv/android/feature/settings/GeneralSettingsScreen.kt	128	Follow the device orientation. When off, 	subtitle = "Follow the device orientation. When off, " +
app/src/main/java/com/aeriotv/android/feature/settings/GeneralSettingsScreen.kt	129	AerioTV stays in its current orientation	"AerioTV stays in its current orientation",
app/src/main/java/com/aeriotv/android/feature/settings/GeneralSettingsScreen.kt	139	Refresh channels + the EPG in the background on Wi-Fi while the battery isn't low, so the guide is current the moment you open the app. 	footer = "Refresh channels + the EPG in the background on Wi-Fi while the battery isn't low, so the guide is current the moment you open the app. " +
app/src/main/java/com/aeriotv/android/feature/settings/GeneralSettingsScreen.kt	141	Off here means data refreshes only when you launch AerioTV or refresh from the playlist menu.	"Off here means data refreshes only when you launch AerioTV or refresh from the playlist menu."
app/src/main/java/com/aeriotv/android/feature/settings/GeneralSettingsScreen.kt	143	Off here means data refreshes only when you launch AerioTV or pull to refresh.	"Off here means data refreshes only when you launch AerioTV or pull to refresh."
app/src/main/java/com/aeriotv/android/feature/settings/GeneralSettingsScreen.kt	147	Refresh in the background	title = "Refresh in the background",
app/src/main/java/com/aeriotv/android/feature/settings/GeneralSettingsScreen.kt	172	Adjust timeouts if you have a slow or unstable connection.	footer = "Adjust timeouts if you have a slow or unstable connection.",
app/src/main/java/com/aeriotv/android/feature/settings/GeneralSettingsScreen.kt	176	$secs seconds	label = if (secs == 1) "1 second" else "$secs seconds",
app/src/main/java/com/aeriotv/android/feature/settings/GeneralSettingsScreen.kt	176	1 second	label = if (secs == 1) "1 second" else "$secs seconds",
app/src/main/java/com/aeriotv/android/feature/settings/GeneralSettingsScreen.kt	185	Max Retries	header = "Max Retries",
app/src/main/java/com/aeriotv/android/feature/settings/GeneralSettingsScreen.kt	186	Per-request retry budget (0-10).	footer = "Per-request retry budget (0-10).",
app/src/main/java/com/aeriotv/android/feature/settings/GeneralSettingsScreen.kt	237	Every hour	BgRefreshIntervalOption(60, "Every hour"),
app/src/main/java/com/aeriotv/android/feature/settings/GeneralSettingsScreen.kt	238	Every 3 hours	BgRefreshIntervalOption(180, "Every 3 hours"),
app/src/main/java/com/aeriotv/android/feature/settings/GeneralSettingsScreen.kt	239	Every 6 hours	BgRefreshIntervalOption(360, "Every 6 hours"),
app/src/main/java/com/aeriotv/android/feature/settings/GeneralSettingsScreen.kt	240	Every 12 hours	BgRefreshIntervalOption(720, "Every 12 hours"),
app/src/main/java/com/aeriotv/android/feature/settings/GeneralSettingsScreen.kt	241	Every 24 hours	BgRefreshIntervalOption(1440, "Every 24 hours"),
app/src/main/java/com/aeriotv/android/feature/settings/GeneralSettingsScreen.kt	242	Every 48 hours	BgRefreshIntervalOption(2880, "Every 48 hours"),
app/src/main/java/com/aeriotv/android/feature/settings/HexPickerDialog.kt	61	Save	label = "Save",
app/src/main/java/com/aeriotv/android/feature/settings/HexPickerDialog.kt	68	Reset	SettingsDialogTextButton(label = "Reset", onClick = onReset)
app/src/main/java/com/aeriotv/android/feature/settings/HexPickerDialog.kt	69	Cancel	SettingsDialogTextButton(label = "Cancel", onClick = onDismiss)
app/src/main/java/com/aeriotv/android/feature/settings/HexPickerDialog.kt	72	${bucket.displayName} Color	title = { Text("${bucket.displayName} Color") },
app/src/main/java/com/aeriotv/android/feature/settings/HexPickerDialog.kt	90	Default ${bucket.defaultHex}	text = "Default ${bucket.defaultHex}",
app/src/main/java/com/aeriotv/android/feature/settings/HexPickerDialog.kt	95	Enter 6-char hex	text = if (isValid) "Preview $sanitized" else "Enter 6-char hex",
app/src/main/java/com/aeriotv/android/feature/settings/HexPickerDialog.kt	95	Preview $sanitized	text = if (isValid) "Preview $sanitized" else "Enter 6-char hex",
app/src/main/java/com/aeriotv/android/feature/settings/HexPickerDialog.kt	108	Hex color (e.g. ${bucket.defaultHex})	label = { Text("Hex color (e.g. ${bucket.defaultHex})") },
app/src/main/java/com/aeriotv/android/feature/settings/LicensesScreen.kt	81	GNU General Public License v3.0	Gpl3("GNU General Public License v3.0", R.raw.license_gpl_3_0),
app/src/main/java/com/aeriotv/android/feature/settings/LicensesScreen.kt	82	GNU Lesser General Public License v2.1	Lgpl21("GNU Lesser General Public License v2.1", R.raw.license_lgpl_2_1),
app/src/main/java/com/aeriotv/android/feature/settings/LicensesScreen.kt	83	Apache License 2.0	Apache2("Apache License 2.0", R.raw.license_apache_2_0),
app/src/main/java/com/aeriotv/android/feature/settings/LicensesScreen.kt	93	GNU General Public License v3.0	// on the settings stack would put "GNU General Public License v3.0" in the
app/src/main/java/com/aeriotv/android/feature/settings/LicensesScreen.kt	108	Scan with your phone to open this page.	caption = "Scan with your phone to open this page.",
app/src/main/java/com/aeriotv/android/feature/settings/LicensesScreen.kt	125	Open Source Licenses	title = viewing?.title ?: "Open Source Licenses",
app/src/main/java/com/aeriotv/android/feature/settings/LicensesScreen.kt	175	Copyright (C) 2026 Logan Jones\n\n	"Copyright (C) 2026 Logan Jones\n\n" +
app/src/main/java/com/aeriotv/android/feature/settings/LicensesScreen.kt	176	AerioTV for Android is free software: you can redistribute it 	"AerioTV for Android is free software: you can redistribute it " +
app/src/main/java/com/aeriotv/android/feature/settings/LicensesScreen.kt	177	and/or modify it under the terms of the GNU General Public 	"and/or modify it under the terms of the GNU General Public " +
app/src/main/java/com/aeriotv/android/feature/settings/LicensesScreen.kt	178	License as published by the Free Software Foundation, either 	"License as published by the Free Software Foundation, either " +
app/src/main/java/com/aeriotv/android/feature/settings/LicensesScreen.kt	179	version 3 of the License, or (at your option) any later version.\n\n	"version 3 of the License, or (at your option) any later version.\n\n" +
app/src/main/java/com/aeriotv/android/feature/settings/LicensesScreen.kt	180	This program is distributed in the hope that it will be useful, 	"This program is distributed in the hope that it will be useful, " +
app/src/main/java/com/aeriotv/android/feature/settings/LicensesScreen.kt	188	GNU General Public License v3.0	title = "GNU General Public License v3.0",
app/src/main/java/com/aeriotv/android/feature/settings/LicensesScreen.kt	189	The license this app is distributed under	subtitle = "The license this app is distributed under",
app/src/main/java/com/aeriotv/android/feature/settings/LicensesScreen.kt	194	Source Code	title = "Source Code",
app/src/main/java/com/aeriotv/android/feature/settings/LicensesScreen.kt	197	Source Code	onClick = { onOpenUrl("Source Code", SOURCE_URL) },
app/src/main/java/com/aeriotv/android/feature/settings/LicensesScreen.kt	204	Linking with the proprietary Google Play services libraries is 	"Linking with the proprietary Google Play services libraries is " +
app/src/main/java/com/aeriotv/android/feature/settings/LicensesScreen.kt	206	See LICENSE-EXCEPTIONS.md in the source repository.	"See LICENSE-EXCEPTIONS.md in the source repository.",
app/src/main/java/com/aeriotv/android/feature/settings/LicensesScreen.kt	218	This app includes FFmpeg (release/6.0, libavcodec 60.3.100), used 	"This app includes FFmpeg (release/6.0, libavcodec 60.3.100), used " +
app/src/main/java/com/aeriotv/android/feature/settings/LicensesScreen.kt	220	DTS, TrueHD and MP2 on devices with no hardware decoder for 	"DTS, TrueHD and MP2 on devices with no hardware decoder for " +
app/src/main/java/com/aeriotv/android/feature/settings/LicensesScreen.kt	222	FFmpeg is licensed under the GNU Lesser General Public License, 	"FFmpeg is licensed under the GNU Lesser General Public License, " +
app/src/main/java/com/aeriotv/android/feature/settings/LicensesScreen.kt	226	AerioTV includes independent implementations of audio and video 	"AerioTV includes independent implementations of audio and video " +
app/src/main/java/com/aeriotv/android/feature/settings/LicensesScreen.kt	227	codecs, supplied by FFmpeg, that may be covered by patents in 	"codecs, supplied by FFmpeg, that may be covered by patents in " +
app/src/main/java/com/aeriotv/android/feature/settings/LicensesScreen.kt	228	some countries. AerioTV is free software under GPL-3.0-or-later 	"some countries. AerioTV is free software under GPL-3.0-or-later " +
app/src/main/java/com/aeriotv/android/feature/settings/LicensesScreen.kt	231	Dolby, DTS and other names are trademarks of their respective 	"Dolby, DTS and other names are trademarks of their respective " +
app/src/main/java/com/aeriotv/android/feature/settings/LicensesScreen.kt	233	AerioTV is not affiliated with or certified by them.\n\n	"AerioTV is not affiliated with or certified by them.\n\n" +
app/src/main/java/com/aeriotv/android/feature/settings/LicensesScreen.kt	234	FFmpeg is loaded as a dynamically linked JNI shared object 	"FFmpeg is loaded as a dynamically linked JNI shared object " +
app/src/main/java/com/aeriotv/android/feature/settings/LicensesScreen.kt	236	section 6 of the LGPL requires. Build steps are in app/libs/README.md 	"section 6 of the LGPL requires. Build steps are in app/libs/README.md " +
app/src/main/java/com/aeriotv/android/feature/settings/LicensesScreen.kt	243	GNU Lesser General Public License v2.1	title = "GNU Lesser General Public License v2.1",
app/src/main/java/com/aeriotv/android/feature/settings/LicensesScreen.kt	244	The license FFmpeg is distributed under	subtitle = "The license FFmpeg is distributed under",
app/src/main/java/com/aeriotv/android/feature/settings/LicensesScreen.kt	249	FFmpeg Source	title = "FFmpeg Source",
app/src/main/java/com/aeriotv/android/feature/settings/LicensesScreen.kt	250	github.com/FFmpeg/FFmpeg (release/6.0)	subtitle = "github.com/FFmpeg/FFmpeg (release/6.0)",
app/src/main/java/com/aeriotv/android/feature/settings/LicensesScreen.kt	252	FFmpeg Source	onClick = { onOpenUrl("FFmpeg Source", FFMPEG_SOURCE_URL) },
app/src/main/java/com/aeriotv/android/feature/settings/LicensesScreen.kt	264	The following are used under the Apache License, Version 2.0:\n\n	"The following are used under the Apache License, Version 2.0:\n\n" +
app/src/main/java/com/aeriotv/android/feature/settings/LicensesScreen.kt	271	Apache License 2.0	title = "Apache License 2.0",
app/src/main/java/com/aeriotv/android/feature/settings/LicensesScreen.kt	272	The license the above are distributed under	subtitle = "The license the above are distributed under",
app/src/main/java/com/aeriotv/android/feature/settings/LicensesScreen.kt	282	Google Play Services	item("gms-header") { SettingsSectionHeader("Google Play Services") }
app/src/main/java/com/aeriotv/android/feature/settings/LicensesScreen.kt	285	Google Cast (sender and receiver), Play services Auth and the Google 	"Google Cast (sender and receiver), Play services Auth and the Google " +
app/src/main/java/com/aeriotv/android/feature/settings/LicensesScreen.kt	286	Identity library are not open source. They are used under the 	"Identity library are not open source. They are used under the " +
app/src/main/java/com/aeriotv/android/feature/settings/LicensesScreen.kt	287	Android Software Development Kit License Agreement and the Google 	"Android Software Development Kit License Agreement and the Google " +
app/src/main/java/com/aeriotv/android/feature/settings/LicensesScreen.kt	288	APIs Terms of Service.\n\n	"APIs Terms of Service.\n\n" +
app/src/main/java/com/aeriotv/android/feature/settings/LicensesScreen.kt	289	The four-color Google \"G\" on the Sign in with Google button is a 	"The four-color Google \"G\" on the Sign in with Google button is a " +
app/src/main/java/com/aeriotv/android/feature/settings/LicensesScreen.kt	290	trademark of Google LLC, used per the Google Sign-In branding 	"trademark of Google LLC, used per the Google Sign-In branding " +
app/src/main/java/com/aeriotv/android/feature/settings/LicensesScreen.kt	291	guidelines. AerioTV claims no rights in it.	"guidelines. AerioTV claims no rights in it.",
app/src/main/java/com/aeriotv/android/feature/settings/LicensesScreen.kt	303	AndroidX and Jetpack Compose (The Android Open Source Project)	"AndroidX and Jetpack Compose (The Android Open Source Project)",
app/src/main/java/com/aeriotv/android/feature/settings/LicensesScreen.kt	304	Media3 / ExoPlayer (The Android Open Source Project)	"Media3 / ExoPlayer (The Android Open Source Project)",
app/src/main/java/com/aeriotv/android/feature/settings/LicensesScreen.kt	305	Kotlin, kotlinx.coroutines, kotlinx.serialization (JetBrains)	"Kotlin, kotlinx.coroutines, kotlinx.serialization (JetBrains)",
app/src/main/java/com/aeriotv/android/feature/settings/LicensesScreen.kt	306	Ktor (JetBrains)	"Ktor (JetBrains)",
app/src/main/java/com/aeriotv/android/feature/settings/LicensesScreen.kt	307	Dagger and Hilt (Google)	"Dagger and Hilt (Google)",
app/src/main/java/com/aeriotv/android/feature/settings/LicensesScreen.kt	308	OkHttp (Square)	"OkHttp (Square)",
app/src/main/java/com/aeriotv/android/feature/settings/LicensesScreen.kt	309	Okio (Square)	"Okio (Square)",
app/src/main/java/com/aeriotv/android/feature/settings/LicensesScreen.kt	310	Coil (Coil Contributors)	"Coil (Coil Contributors)",
app/src/main/java/com/aeriotv/android/feature/settings/LicensesScreen.kt	311	ZXing Core (ZXing Authors)	"ZXing Core (ZXing Authors)",
app/src/main/java/com/aeriotv/android/feature/settings/LicensesScreen.kt	312	Reorderable (Calvin Liang)	"Reorderable (Calvin Liang)",
app/src/main/java/com/aeriotv/android/feature/settings/LiveTvSettingsScreen.kt	95	Live TV	SettingsDetailTopBar(title = "Live TV", onBack = onBack)
app/src/main/java/com/aeriotv/android/feature/settings/LiveTvSettingsScreen.kt	116	Guide Presentation	header = "Guide Presentation",
app/src/main/java/com/aeriotv/android/feature/settings/LiveTvSettingsScreen.kt	119	Turn logos or numbers off to give long channel names more row width. Applies to the Live TV list and the Guide.	"Turn logos or numbers off to give long channel names more row width. Applies to the Live TV list and the Guide."
app/src/main/java/com/aeriotv/android/feature/settings/LiveTvSettingsScreen.kt	121	Turn logos or numbers off to give long channel names more room in the Guide's channel column.	"Turn logos or numbers off to give long channel names more room in the Guide's channel column."
app/src/main/java/com/aeriotv/android/feature/settings/LiveTvSettingsScreen.kt	123	 Rounded corners round channel logos and program artwork to match the card 	) + " Rounded corners round channel logos and program artwork to match the card " +
app/src/main/java/com/aeriotv/android/feature/settings/LiveTvSettingsScreen.kt	124	or cell they sit in. Artwork that floats on a transparent background stays square either way.	"or cell they sit in. Artwork that floats on a transparent background stays square either way.",
app/src/main/java/com/aeriotv/android/feature/settings/LiveTvSettingsScreen.kt	127	Show Channel Logos	title = "Show Channel Logos",
app/src/main/java/com/aeriotv/android/feature/settings/LiveTvSettingsScreen.kt	129	Display each channel's logo in the Live TV list.	"Display each channel's logo in the Live TV list."
app/src/main/java/com/aeriotv/android/feature/settings/LiveTvSettingsScreen.kt	131	Display each channel's logo in the Guide's channel column.	"Display each channel's logo in the Guide's channel column."
app/src/main/java/com/aeriotv/android/feature/settings/LiveTvSettingsScreen.kt	137	Show Channel Numbers	title = "Show Channel Numbers",
app/src/main/java/com/aeriotv/android/feature/settings/LiveTvSettingsScreen.kt	139	Display each channel's number in the Live TV list and Guide.	"Display each channel's number in the Live TV list and Guide."
app/src/main/java/com/aeriotv/android/feature/settings/LiveTvSettingsScreen.kt	141	Display each channel's number in the Guide's channel column.	"Display each channel's number in the Guide's channel column."
app/src/main/java/com/aeriotv/android/feature/settings/LiveTvSettingsScreen.kt	147	Show Channel Names	title = "Show Channel Names",
app/src/main/java/com/aeriotv/android/feature/settings/LiveTvSettingsScreen.kt	148	Display each channel's name in the Guide's channel column.	subtitle = "Display each channel's name in the Guide's channel column.",
app/src/main/java/com/aeriotv/android/feature/settings/LiveTvSettingsScreen.kt	153	Show Program Subtitles	title = "Show Program Subtitles",
app/src/main/java/com/aeriotv/android/feature/settings/LiveTvSettingsScreen.kt	155	Display the episode or match name under each program title in the Guide and Live TV list. Turn off if your EPG repeats the description there.	"Display the episode or match name under each program title in the Guide and Live TV list. Turn off if your EPG repeats the description there."
app/src/main/java/com/aeriotv/android/feature/settings/LiveTvSettingsScreen.kt	157	Display the episode or match name under each program title in the Guide. Turn off if your EPG repeats the description there.	"Display the episode or match name under each program title in the Guide. Turn off if your EPG repeats the description there."
app/src/main/java/com/aeriotv/android/feature/settings/LiveTvSettingsScreen.kt	163	Rounded corners in Guide view	title = "Rounded corners in Guide view",
app/src/main/java/com/aeriotv/android/feature/settings/LiveTvSettingsScreen.kt	176	List view	header = "List view",
app/src/main/java/com/aeriotv/android/feature/settings/LiveTvSettingsScreen.kt	177	Which layout Live TV opens in. Automatic uses the List on 	footer = "Which layout Live TV opens in. Automatic uses the List on " +
app/src/main/java/com/aeriotv/android/feature/settings/LiveTvSettingsScreen.kt	178	phones and the Guide on TV and larger tablets. On phones you 	"phones and the Guide on TV and larger tablets. On phones you " +
app/src/main/java/com/aeriotv/android/feature/settings/LiveTvSettingsScreen.kt	179	can still switch for the current session with the List / Guide 	"can still switch for the current session with the List / Guide " +
app/src/main/java/com/aeriotv/android/feature/settings/LiveTvSettingsScreen.kt	180	button; on TV this setting is the only switch.	"button; on TV this setting is the only switch.",
app/src/main/java/com/aeriotv/android/feature/settings/LiveTvSettingsScreen.kt	183	Rounded corners in List view	title = "Rounded corners in List view",
app/src/main/java/com/aeriotv/android/feature/settings/LiveTvSettingsScreen.kt	200	Guide Layout	SettingsSection(header = "Guide Layout") {
app/src/main/java/com/aeriotv/android/feature/settings/LiveTvSettingsScreen.kt	202	Basic	label = "Basic",
app/src/main/java/com/aeriotv/android/feature/settings/LiveTvSettingsScreen.kt	203	Full program details in every guide cell	subtitle = "Full program details in every guide cell",
app/src/main/java/com/aeriotv/android/feature/settings/LiveTvSettingsScreen.kt	208	Channel Preview	label = "Channel Preview",
app/src/main/java/com/aeriotv/android/feature/settings/LiveTvSettingsScreen.kt	209	A banner shows the highlighted program; cells keep the title and tags	subtitle = "A banner shows the highlighted program; cells keep the title and tags",
app/src/main/java/com/aeriotv/android/feature/settings/LiveTvSettingsScreen.kt	220	The Live TV group the app opens on for this playlist. 	footer = "The Live TV group the app opens on for this playlist. " +
app/src/main/java/com/aeriotv/android/feature/settings/LiveTvSettingsScreen.kt	221	Recently Watched is the last 25 channels you played, newest 	"Recently Watched is the last 25 channels you played, newest " +
app/src/main/java/com/aeriotv/android/feature/settings/LiveTvSettingsScreen.kt	222	first; picking it also shows it in Manage Groups. A group 	"first; picking it also shows it in Manage Groups. A group " +
app/src/main/java/com/aeriotv/android/feature/settings/LiveTvSettingsScreen.kt	251	Group Selection	header = "Group Selection",
app/src/main/java/com/aeriotv/android/feature/settings/LiveTvSettingsScreen.kt	252	How channel groups are picked in the guide. Top pills keep the group row above the grid; the sidebar menu hides that row and opens by holding Left in the grid (unless Left (Hold) is reassigned in Remote Control). Only one is active at a time.	footer = "How channel groups are picked in the guide. Top pills keep the group row above the grid; the sidebar menu hides that row and opens by holding Left in the grid (unless Left (Hold) is reassigned in Remote Control). Only one is active at a time.",
app/src/main/java/com/aeriotv/android/feature/settings/LiveTvSettingsScreen.kt	255	Group Selection	slotName = "Group Selection",
app/src/main/java/com/aeriotv/android/feature/settings/LiveTvSettingsScreen.kt	256	Sidebar menu	valueName = if (guideGroupSelector == "sidebar") "Sidebar menu" else "Top group pills",
app/src/main/java/com/aeriotv/android/feature/settings/LiveTvSettingsScreen.kt	256	Top group pills	valueName = if (guideGroupSelector == "sidebar") "Sidebar menu" else "Top group pills",
app/src/main/java/com/aeriotv/android/feature/settings/LiveTvSettingsScreen.kt	262	Group Selection	header = "Group Selection",
app/src/main/java/com/aeriotv/android/feature/settings/LiveTvSettingsScreen.kt	263	How Live TV picks a channel group. Drawer opens a 	footer = "How Live TV picks a channel group. Drawer opens a " +
app/src/main/java/com/aeriotv/android/feature/settings/LiveTvSettingsScreen.kt	264	group list from the header button; Pills puts the groups 	"group list from the header button; Pills puts the groups " +
app/src/main/java/com/aeriotv/android/feature/settings/LiveTvSettingsScreen.kt	265	in a strip across the header.	"in a strip across the header.",
app/src/main/java/com/aeriotv/android/feature/settings/LiveTvSettingsScreen.kt	268	Drawer	label = "Drawer",
app/src/main/java/com/aeriotv/android/feature/settings/LiveTvSettingsScreen.kt	273	Pills	label = "Pills",
app/src/main/java/com/aeriotv/android/feature/settings/LiveTvSettingsScreen.kt	285	Program badges are the LIVE, NEW, PREMIERE, FINALE, 	footer = "Program badges are the LIVE, NEW, PREMIERE, FINALE, " +
app/src/main/java/com/aeriotv/android/feature/settings/LiveTvSettingsScreen.kt	287	list. Remembered separately for 	"list. Remembered separately for " +
app/src/main/java/com/aeriotv/android/feature/settings/LiveTvSettingsScreen.kt	288	phones and tablets	(if (isTv) "TVs" else "phones and tablets") +
app/src/main/java/com/aeriotv/android/feature/settings/LiveTvSettingsScreen.kt	293	Show program badges	title = "Show program badges",
app/src/main/java/com/aeriotv/android/feature/settings/LiveTvSettingsScreen.kt	294	LIVE, NEW, and season/episode pills on the guide	subtitle = "LIVE, NEW, and season/episode pills on the guide",
app/src/main/java/com/aeriotv/android/feature/settings/LiveTvSettingsScreen.kt	301	${badge.first()}${badge.drop(1).lowercase()} badge	title = "${badge.first()}${badge.drop(1).lowercase()} badge",
app/src/main/java/com/aeriotv/android/feature/settings/LiveTvSettingsScreen.kt	314	Display Scale	header = "Display Scale",
app/src/main/java/com/aeriotv/android/feature/settings/LiveTvSettingsScreen.kt	322	Live TV	label = if (listViewShown) "Live TV List" else "Live TV",
app/src/main/java/com/aeriotv/android/feature/settings/LiveTvSettingsScreen.kt	322	Live TV List	label = if (listViewShown) "Live TV List" else "Live TV",
app/src/main/java/com/aeriotv/android/feature/settings/LiveTvSettingsScreen.kt	331	Tint EPG cells and channel cards by program category. Select a category below to override its hex.	footer = "Tint EPG cells and channel cards by program category. Select a category below to override its hex.",
app/src/main/java/com/aeriotv/android/feature/settings/LiveTvSettingsScreen.kt	334	Color Programs by Category	title = "Color Programs by Category",
app/src/main/java/com/aeriotv/android/feature/settings/LiveTvSettingsScreen.kt	335	Apply category tints to the guide and channel rows.	subtitle = "Apply category tints to the guide and channel rows.",
app/src/main/java/com/aeriotv/android/feature/settings/LiveTvSettingsScreen.kt	393	Reset Colors to Defaults	text = "Reset Colors to Defaults",
app/src/main/java/com/aeriotv/android/feature/settings/LiveTvSettingsScreen.kt	431	Group Selection	title = "Group Selection",
app/src/main/java/com/aeriotv/android/feature/settings/LiveTvSettingsScreen.kt	434	Top group pills	label = if (guideGroupSelector != "sidebar") "Top group pills  (current)" else "Top group pills",
app/src/main/java/com/aeriotv/android/feature/settings/LiveTvSettingsScreen.kt	434	Top group pills  (current)	label = if (guideGroupSelector != "sidebar") "Top group pills  (current)" else "Top group pills",
app/src/main/java/com/aeriotv/android/feature/settings/LiveTvSettingsScreen.kt	434	sidebar	label = if (guideGroupSelector != "sidebar") "Top group pills  (current)" else "Top group pills",
app/src/main/java/com/aeriotv/android/feature/settings/LiveTvSettingsScreen.kt	440	Sidebar menu	label = if (guideGroupSelector == "sidebar") "Sidebar menu  (current)" else "Sidebar menu",
app/src/main/java/com/aeriotv/android/feature/settings/LiveTvSettingsScreen.kt	440	Sidebar menu  (current)	label = if (guideGroupSelector == "sidebar") "Sidebar menu  (current)" else "Sidebar menu",
app/src/main/java/com/aeriotv/android/feature/settings/LiveTvSettingsScreen.kt	440	sidebar	label = if (guideGroupSelector == "sidebar") "Sidebar menu  (current)" else "Sidebar menu",
app/src/main/java/com/aeriotv/android/feature/settings/LogViewerScreen.kt	85	Log File	text = "Log File",
app/src/main/java/com/aeriotv/android/feature/settings/LogViewerScreen.kt	106	Refresh	SettingsHeaderTextButton(label = "Refresh", onClick = { refreshTick++ })
app/src/main/java/com/aeriotv/android/feature/settings/LogViewerScreen.kt	137	Log file is empty	text = "Log file is empty",
app/src/main/java/com/aeriotv/android/feature/settings/LogViewerScreen.kt	144	Enable Debug Logging on the previous screen and reproduce 	text = "Enable Debug Logging on the previous screen and reproduce " +
app/src/main/java/com/aeriotv/android/feature/settings/LogViewerScreen.kt	145	the issue you want to diagnose. Lines appear here as the app writes them.	"the issue you want to diagnose. Lines appear here as the app writes them.",
app/src/main/java/com/aeriotv/android/feature/settings/MoviesAndTvShowsSettingsScreen.kt	69	Movies & TV Shows	SettingsDetailTopBar(title = "Movies & TV Shows", onBack = onBack)
app/src/main/java/com/aeriotv/android/feature/settings/MoviesAndTvShowsSettingsScreen.kt	93	Refresh library	SettingsSection(header = "Refresh library") {
app/src/main/java/com/aeriotv/android/feature/settings/MoviesAndTvShowsSettingsScreen.kt	95	Every Launch	0 to "Every Launch",
app/src/main/java/com/aeriotv/android/feature/settings/MoviesAndTvShowsSettingsScreen.kt	106	Live TV channels refresh on every launch. Movies and TV Shows open from the saved library and re-sweep the provider on this schedule. Pull down on either tab to refresh right away.	text = "Live TV channels refresh on every launch. Movies and TV Shows open from the saved library and re-sweep the provider on this schedule. Pull down on either tab to refresh right away.",
app/src/main/java/com/aeriotv/android/feature/settings/MoviesAndTvShowsSettingsScreen.kt	118	Show posters in the Program Info panel and fill in missing artwork on On Demand detail screens, looked up on TMDB with your own free API key (themoviedb.org). Off by default. The key syncs across your devices via Google Drive (kept in your private app data).	footer = "Show posters in the Program Info panel and fill in missing artwork on On Demand detail screens, looked up on TMDB with your own free API key (themoviedb.org). Off by default. The key syncs across your devices via Google Drive (kept in your private app data).",
app/src/main/java/com/aeriotv/android/feature/settings/MoviesAndTvShowsSettingsScreen.kt	121	TMDB poster fallback	title = "TMDB poster fallback",
app/src/main/java/com/aeriotv/android/feature/settings/MoviesAndTvShowsSettingsScreen.kt	122	When a poster is missing, look it up on TMDB. Needs the free API key below.	subtitle = "When a poster is missing, look it up on TMDB. Needs the free API key below.",
app/src/main/java/com/aeriotv/android/feature/settings/MoviesAndTvShowsSettingsScreen.kt	140	TMDB API key (v3) or read token (v4)	label = { Text("TMDB API key (v3) or read token (v4)") },
app/src/main/java/com/aeriotv/android/feature/settings/MoviesAndTvShowsSettingsScreen.kt	166	Test	) { Text("Test") }
app/src/main/java/com/aeriotv/android/feature/settings/MoviesAndTvShowsSettingsScreen.kt	171	Save	) { Text("Save") }
app/src/main/java/com/aeriotv/android/feature/settings/MoviesAndTvShowsSettingsScreen.kt	177	Valid key	"Valid key" to androidx.compose.ui.graphics.Color(0xFF4CAF50)
app/src/main/java/com/aeriotv/android/feature/settings/MoviesAndTvShowsSettingsScreen.kt	179	Invalid key	"Invalid key" to MaterialTheme.colorScheme.error
app/src/main/java/com/aeriotv/android/feature/settings/MoviesAndTvShowsSettingsScreen.kt	199	Display Scale	header = "Display Scale",
app/src/main/java/com/aeriotv/android/feature/settings/MoviesAndTvShowsSettingsScreen.kt	203	Movies & Series	label = "Movies & Series",
app/src/main/java/com/aeriotv/android/feature/settings/PlayerSettingsScreen.kt	96	Player	SettingsDetailTopBar(title = "Player", onBack = onBack)
app/src/main/java/com/aeriotv/android/feature/settings/PlayerSettingsScreen.kt	114	Info Card	header = "Info Card",
app/src/main/java/com/aeriotv/android/feature/settings/PlayerSettingsScreen.kt	115	Choose what appears on the program info card in the 	footer = "Choose what appears on the program info card in the " +
app/src/main/java/com/aeriotv/android/feature/settings/PlayerSettingsScreen.kt	119	Channel Logo	title = "Channel Logo",
app/src/main/java/com/aeriotv/android/feature/settings/PlayerSettingsScreen.kt	124	Channel Name	title = "Channel Name",
app/src/main/java/com/aeriotv/android/feature/settings/PlayerSettingsScreen.kt	129	Program Name	title = "Program Name",
app/src/main/java/com/aeriotv/android/feature/settings/PlayerSettingsScreen.kt	134	Program Time	title = "Program Time",
app/src/main/java/com/aeriotv/android/feature/settings/PlayerSettingsScreen.kt	139	Program Subtitle	title = "Program Subtitle",
app/src/main/java/com/aeriotv/android/feature/settings/PlayerSettingsScreen.kt	144	Program Description	title = "Program Description",
app/src/main/java/com/aeriotv/android/feature/settings/PlayerSettingsScreen.kt	152	Live Rewind	header = "Live Rewind",
app/src/main/java/com/aeriotv/android/feature/settings/PlayerSettingsScreen.kt	153	Buffers the channel you are watching so you can pause and 	footer = "Buffers the channel you are watching so you can pause and " +
app/src/main/java/com/aeriotv/android/feature/settings/PlayerSettingsScreen.kt	154	rewind live TV. Uses device storage while you watch; buffered 	"rewind live TV. Uses device storage while you watch; buffered " +
app/src/main/java/com/aeriotv/android/feature/settings/PlayerSettingsScreen.kt	158	Pause & rewind live TV	title = "Pause & rewind live TV",
app/src/main/java/com/aeriotv/android/feature/settings/PlayerSettingsScreen.kt	159	Buffer fullscreen live playback on this device	subtitle = "Buffer fullscreen live playback on this device",
app/src/main/java/com/aeriotv/android/feature/settings/PlayerSettingsScreen.kt	166	Keep Available	header = "Keep Available",
app/src/main/java/com/aeriotv/android/feature/settings/PlayerSettingsScreen.kt	167	How far back you can rewind the channel you are 	footer = "How far back you can rewind the channel you are " +
app/src/main/java/com/aeriotv/android/feature/settings/PlayerSettingsScreen.kt	168	watching. Buffered video is released as soon as you 	"watching. Buffered video is released as soon as you " +
app/src/main/java/com/aeriotv/android/feature/settings/PlayerSettingsScreen.kt	173	Rewind up to	label = "Rewind up to",
app/src/main/java/com/aeriotv/android/feature/settings/PlayerSettingsScreen.kt	181	Keep Recent Channels Live	header = "Keep Recent Channels Live",
app/src/main/java/com/aeriotv/android/feature/settings/PlayerSettingsScreen.kt	183	Channels you flip away from keep buffering so you can flip 	"Channels you flip away from keep buffering so you can flip " +
app/src/main/java/com/aeriotv/android/feature/settings/PlayerSettingsScreen.kt	184	back and rewind across the time you were away. Each kept 	"back and rewind across the time you were away. Each kept " +
app/src/main/java/com/aeriotv/android/feature/settings/PlayerSettingsScreen.kt	186	limited to one connection should leave this off. Oldest 	"limited to one connection should leave this off. Oldest " +
app/src/main/java/com/aeriotv/android/feature/settings/PlayerSettingsScreen.kt	187	channels stop first, and all stop when the app leaves the screen.	"channels stop first, and all stop when the app leaves the screen."
app/src/main/java/com/aeriotv/android/feature/settings/PlayerSettingsScreen.kt	189	Keep buffering the channels you most recently flipped away 	"Keep buffering the channels you most recently flipped away " +
app/src/main/java/com/aeriotv/android/feature/settings/PlayerSettingsScreen.kt	190	from. Uses one extra provider connection per kept channel.	"from. Uses one extra provider connection per kept channel."
app/src/main/java/com/aeriotv/android/feature/settings/PlayerSettingsScreen.kt	194	Keep recent channels live	title = "Keep recent channels live",
app/src/main/java/com/aeriotv/android/feature/settings/PlayerSettingsScreen.kt	195	Buffer flipped-away channels in the background	subtitle = "Buffer flipped-away channels in the background",
app/src/main/java/com/aeriotv/android/feature/settings/PlayerSettingsScreen.kt	201	Channels to keep	label = "Channels to keep",
app/src/main/java/com/aeriotv/android/feature/settings/PlayerSettingsScreen.kt	219	How far the skip buttons and a single left or right press move 	"How far the skip buttons and a single left or right press move " +
app/src/main/java/com/aeriotv/android/feature/settings/PlayerSettingsScreen.kt	221	Holding left or right still scrubs faster the longer you hold.	"Holding left or right still scrubs faster the longer you hold."
app/src/main/java/com/aeriotv/android/feature/settings/PlayerSettingsScreen.kt	223	How far the skip buttons move in live rewind, catch-up, 	"How far the skip buttons move in live rewind, catch-up, " +
app/src/main/java/com/aeriotv/android/feature/settings/PlayerSettingsScreen.kt	227	 Buffer Size controls how much stream data is pre-loaded: larger 	) + " Buffer Size controls how much stream data is pre-loaded: larger " +
app/src/main/java/com/aeriotv/android/feature/settings/PlayerSettingsScreen.kt	229	If a live stream stops sending video, Auto-Recover reloads it; turn 	"If a live stream stops sending video, Auto-Recover reloads it; turn " +
app/src/main/java/com/aeriotv/android/feature/settings/PlayerSettingsScreen.kt	231	breaks, and a brief freeze may show instead. Recovery applies to the 	"breaks, and a brief freeze may show instead. Recovery applies to the " +
app/src/main/java/com/aeriotv/android/feature/settings/PlayerSettingsScreen.kt	235	Skip back	label = "Skip back",
app/src/main/java/com/aeriotv/android/feature/settings/PlayerSettingsScreen.kt	242	Skip forward	label = "Skip forward",
app/src/main/java/com/aeriotv/android/feature/settings/PlayerSettingsScreen.kt	257	Auto-Recover Frozen Streams	title = "Auto-Recover Frozen Streams",
app/src/main/java/com/aeriotv/android/feature/settings/PlayerSettingsScreen.kt	258	Reload a live stream that stops sending video. Off keeps the stream as-is through commercial-break stutters.	subtitle = "Reload a live stream that stops sending video. Off keeps the stream as-is through commercial-break stutters.",
app/src/main/java/com/aeriotv/android/feature/settings/PlayerSettingsScreen.kt	266	Passthrough sends surround sound audio as a bitstream for your TV or receiver to decode. Some TVs decode it late, which shows up as voices out of sync with lips on live TV. Off, AerioTV decodes audio itself and stays in sync. Takes effect on the next playback.	footer = "Passthrough sends surround sound audio as a bitstream for your TV or receiver to decode. Some TVs decode it late, which shows up as voices out of sync with lips on live TV. Off, AerioTV decodes audio itself and stays in sync. Takes effect on the next playback.",
app/src/main/java/com/aeriotv/android/feature/settings/PlayerSettingsScreen.kt	269	Surround sound passthrough	title = "Surround sound passthrough",
app/src/main/java/com/aeriotv/android/feature/settings/PlayerSettingsScreen.kt	270	Send AC-3 and E-AC-3 audio to your receiver untouched. Leave off if lip sync drifts.	subtitle = "Send AC-3 and E-AC-3 audio to your receiver untouched. Leave off if lip sync drifts.",
app/src/main/java/com/aeriotv/android/feature/settings/PlayerSettingsScreen.kt	285	Turn off if accidental swipes during playback flip channels by mistake. 	"Turn off if accidental swipes during playback flip channels by mistake. " +
app/src/main/java/com/aeriotv/android/feature/settings/PlayerSettingsScreen.kt	286	Brightness and volume slides are recognized only inside a narrow band at the very edge of the screen, 	"Brightness and volume slides are recognized only inside a narrow band at the very edge of the screen, " +
app/src/main/java/com/aeriotv/android/feature/settings/PlayerSettingsScreen.kt	291	Up / Down channel change	title = "Up / Down channel change",
app/src/main/java/com/aeriotv/android/feature/settings/PlayerSettingsScreen.kt	293	While the player chrome is visible, press up for the next channel and down for the previous. Live single-stream playback only.	"While the player chrome is visible, press up for the next channel and down for the previous. Live single-stream playback only."
app/src/main/java/com/aeriotv/android/feature/settings/PlayerSettingsScreen.kt	295	While the player chrome is visible, swipe up for the next channel and down for the previous. Live single-stream playback only.	"While the player chrome is visible, swipe up for the next channel and down for the previous. Live single-stream playback only."
app/src/main/java/com/aeriotv/android/feature/settings/PlayerSettingsScreen.kt	302	Brightness edge slide	title = "Brightness edge slide",
app/src/main/java/com/aeriotv/android/feature/settings/PlayerSettingsScreen.kt	303	Slide a finger up or down the brightness edge to dim or brighten the screen. Applies to this app only and is restored when you leave the player.	subtitle = "Slide a finger up or down the brightness edge to dim or brighten the screen. Applies to this app only and is restored when you leave the player.",
app/src/main/java/com/aeriotv/android/feature/settings/PlayerSettingsScreen.kt	308	Volume edge slide	title = "Volume edge slide",
app/src/main/java/com/aeriotv/android/feature/settings/PlayerSettingsScreen.kt	309	Slide a finger up or down the other edge to change the media volume.	subtitle = "Slide a finger up or down the other edge to change the media volume.",
app/src/main/java/com/aeriotv/android/feature/settings/PlayerSettingsScreen.kt	315	Brightness: Left, Volume: Right	PLAYER_EDGE_LEFT to "Brightness: Left, Volume: Right",
app/src/main/java/com/aeriotv/android/feature/settings/PlayerSettingsScreen.kt	316	Brightness: Right, Volume: Left	PLAYER_EDGE_RIGHT to "Brightness: Right, Volume: Left",
app/src/main/java/com/aeriotv/android/feature/settings/PlayerSettingsScreen.kt	335	How the grid shows which tile is unmuted. Center Icon fades with the chrome, Gray Outline stays visible, Accent Outline appears on switch and fades after 5 seconds. Padding inserts a small gap between tiles so each stream stands on its own.	footer = "How the grid shows which tile is unmuted. Center Icon fades with the chrome, Gray Outline stays visible, Accent Outline appears on switch and fades after 5 seconds. Padding inserts a small gap between tiles so each stream stands on its own.",
app/src/main/java/com/aeriotv/android/feature/settings/PlayerSettingsScreen.kt	346	Padding Between Tiles	title = "Padding Between Tiles",
app/src/main/java/com/aeriotv/android/feature/settings/PlayerSettingsScreen.kt	347	Add a small gap between tiles for visual separation.	subtitle = "Add a small gap between tiles for visual separation.",
app/src/main/java/com/aeriotv/android/feature/settings/PlayerSettingsScreen.kt	352	Square	label = "Square",
app/src/main/java/com/aeriotv/android/feature/settings/PlayerSettingsScreen.kt	357	Rounded	label = "Rounded",
app/src/main/java/com/aeriotv/android/feature/settings/PlayerSettingsScreen.kt	370	Startup Refresh Rate switches the display once at app launch so it is already on your main content rate before the first channel (changes apply on next launch). Match Content Resolution outputs at the stream's resolution so your TV does the upscaling; the screen blinks briefly on each switch.	footer = "Startup Refresh Rate switches the display once at app launch so it is already on your main content rate before the first channel (changes apply on next launch). Match Content Resolution outputs at the stream's resolution so your TV does the upscaling; the screen blinks briefly on each switch.",
app/src/main/java/com/aeriotv/android/feature/settings/PlayerSettingsScreen.kt	373	Match content resolution	title = "Match content resolution",
app/src/main/java/com/aeriotv/android/feature/settings/PlayerSettingsScreen.kt	374	Output 1080p streams at 1080p and let the TV upscale. Off keeps the display at its native mode.	subtitle = "Output 1080p streams at 1080p and let the TV upscale. Off keeps the display at its native mode.",
app/src/main/java/com/aeriotv/android/feature/settings/PlayerSettingsScreen.kt	379	Off (system default)	"off" to "Off (system default)",
app/src/main/java/com/aeriotv/android/feature/settings/PlayerSettingsScreen.kt	400	Center Icon	AudioFocusOption("centerIcon", "Center Icon", "Speaker icon centered on the active tile. Default."),
app/src/main/java/com/aeriotv/android/feature/settings/PlayerSettingsScreen.kt	400	Speaker icon centered on the active tile. Default.	AudioFocusOption("centerIcon", "Center Icon", "Speaker icon centered on the active tile. Default."),
app/src/main/java/com/aeriotv/android/feature/settings/PlayerSettingsScreen.kt	401	Gray Outline	AudioFocusOption("grayPersistent", "Gray Outline", "Subtle gray border always around the active tile."),
app/src/main/java/com/aeriotv/android/feature/settings/PlayerSettingsScreen.kt	401	Subtle gray border always around the active tile.	AudioFocusOption("grayPersistent", "Gray Outline", "Subtle gray border always around the active tile."),
app/src/main/java/com/aeriotv/android/feature/settings/PlayerSettingsScreen.kt	402	Accent Outline (Fading)	AudioFocusOption("themeFading", "Accent Outline (Fading)", "Accent-tinted border that auto-hides after 5 seconds."),
app/src/main/java/com/aeriotv/android/feature/settings/PlayerSettingsScreen.kt	402	Accent-tinted border that auto-hides after 5 seconds.	AudioFocusOption("themeFading", "Accent Outline (Fading)", "Accent-tinted border that auto-hides after 5 seconds."),
app/src/main/java/com/aeriotv/android/feature/settings/PlayerSettingsScreen.kt	431	8 seconds - unstable connections	BufferOption("large", "Large", "8 seconds - unstable connections", 8_000),
app/src/main/java/com/aeriotv/android/feature/settings/PlayerSettingsScreen.kt	432	Extra Large	BufferOption("xlarge", "Extra Large", "16 seconds - very poor networks", 16_000),
app/src/main/java/com/aeriotv/android/feature/settings/PlayerSettingsScreen.kt	463	~${v.roundToInt()} GB	return if (v < 10) String.format("~%.1f GB", v) else "~${v.roundToInt()} GB"
app/src/main/java/com/aeriotv/android/feature/settings/PlayerSettingsScreen.kt	465	Uses up to ${gb(4)} in HD, ${gb(8)} in FHD, or ${gb(20)} in UHD while you watch.	return "Uses up to ${gb(4)} in HD, ${gb(8)} in FHD, or ${gb(20)} in UHD while you watch."
app/src/main/java/com/aeriotv/android/feature/settings/PlaylistDetailScreen.kt	148	Edit	label = "Edit",
app/src/main/java/com/aeriotv/android/feature/settings/PlaylistDetailScreen.kt	198	Connection Details	header = "Connection Details",
app/src/main/java/com/aeriotv/android/feature/settings/PlaylistDetailScreen.kt	202	A checkmark marks the connection in use right now. The local URL is used 	"A checkmark marks the connection in use right now. The local URL is used " +
app/src/main/java/com/aeriotv/android/feature/settings/PlaylistDetailScreen.kt	204	Refresh LAN Detection below after a network change.	"Refresh LAN Detection below after a network change."
app/src/main/java/com/aeriotv/android/feature/settings/PlaylistDetailScreen.kt	239	Remote URL	label = "Remote URL",
app/src/main/java/com/aeriotv/android/feature/settings/PlaylistDetailScreen.kt	246	Local URL	label = "Local URL",
app/src/main/java/com/aeriotv/android/feature/settings/PlaylistDetailScreen.kt	262	Status	label = "Status",
app/src/main/java/com/aeriotv/android/feature/settings/PlaylistDetailScreen.kt	263	Not connected yet	value = if (hasConnected) "Connected" else "Not connected yet",
app/src/main/java/com/aeriotv/android/feature/settings/PlaylistDetailScreen.kt	273	Last Connected	"Last Connected",
app/src/main/java/com/aeriotv/android/feature/settings/PlaylistDetailScreen.kt	296	Active Playlist	label = if (isActivePlaylist) "Active Playlist" else "Set Active",
app/src/main/java/com/aeriotv/android/feature/settings/PlaylistDetailScreen.kt	296	Set Active	label = if (isActivePlaylist) "Active Playlist" else "Set Active",
app/src/main/java/com/aeriotv/android/feature/settings/PlaylistDetailScreen.kt	304	Edit Playlist	label = "Edit Playlist",
app/src/main/java/com/aeriotv/android/feature/settings/PlaylistDetailScreen.kt	312	Test Connection	label = "Test Connection",
app/src/main/java/com/aeriotv/android/feature/settings/PlaylistDetailScreen.kt	320	Refresh Playlist	label = "Refresh Playlist",
app/src/main/java/com/aeriotv/android/feature/settings/PlaylistDetailScreen.kt	330	Refresh LAN Detection	label = "Refresh LAN Detection",
app/src/main/java/com/aeriotv/android/feature/settings/PlaylistDetailScreen.kt	341	EPG Cache	header = "EPG Cache",
app/src/main/java/com/aeriotv/android/feature/settings/PlaylistDetailScreen.kt	342	Clears this playlist's cached guide data and downloads it fresh from the server. Use this if program cells look wrong or are missing. Takes a few minutes on large playlists.	footer = "Clears this playlist's cached guide data and downloads it fresh from the server. Use this if program cells look wrong or are missing. Takes a few minutes on large playlists.",
app/src/main/java/com/aeriotv/android/feature/settings/PlaylistDetailScreen.kt	346	Refresh EPG Data	label = "Refresh EPG Data",
app/src/main/java/com/aeriotv/android/feature/settings/PlaylistDetailScreen.kt	353	Last refreshed: ${DateFormat.getDateTimeInstance().format(Date(ts))}	text = "Last refreshed: ${DateFormat.getDateTimeInstance().format(Date(ts))}",
app/src/main/java/com/aeriotv/android/feature/settings/PlaylistDetailScreen.kt	364	Full Refresh	header = "Full Refresh",
app/src/main/java/com/aeriotv/android/feature/settings/PlaylistDetailScreen.kt	365	Clears every cache (channels, guide data, and On Demand) and reloads this playlist from scratch. Use this if newly-added channels, guide data, or movies and shows are missing or stale after changes on the server.	footer = "Clears every cache (channels, guide data, and On Demand) and reloads this playlist from scratch. Use this if newly-added channels, guide data, or movies and shows are missing or stale after changes on the server.",
app/src/main/java/com/aeriotv/android/feature/settings/PlaylistDetailScreen.kt	369	Refresh Everything	label = "Refresh Everything",
app/src/main/java/com/aeriotv/android/feature/settings/PlaylistDetailScreen.kt	380	Danger Zone	header = "Danger Zone",
app/src/main/java/com/aeriotv/android/feature/settings/PlaylistDetailScreen.kt	381	Removes this playlist and its credentials from this device. Your server data will not be affected.	footer = "Removes this playlist and its credentials from this device. Your server data will not be affected.",
app/src/main/java/com/aeriotv/android/feature/settings/PlaylistDetailScreen.kt	385	Delete Playlist	label = "Delete Playlist",
app/src/main/java/com/aeriotv/android/feature/settings/PlaylistDetailScreen.kt	398	Delete playlist?	title = { Text("Delete playlist?") },
app/src/main/java/com/aeriotv/android/feature/settings/PlaylistDetailScreen.kt	401	This removes \"${playlist.name}\" and its credentials from this 	"This removes \"${playlist.name}\" and its credentials from this " +
app/src/main/java/com/aeriotv/android/feature/settings/PlaylistDetailScreen.kt	407	Delete	label = "Delete",
app/src/main/java/com/aeriotv/android/feature/settings/PlaylistDetailScreen.kt	417	Cancel	SettingsDialogTextButton(label = "Cancel", onClick = { confirmDelete = false })
app/src/main/java/com/aeriotv/android/feature/settings/PlaylistDetailScreen.kt	425	Refresh Everything?	title = { Text("Refresh Everything?") },
app/src/main/java/com/aeriotv/android/feature/settings/PlaylistDetailScreen.kt	428	Clears all cached channels, guide data, and On Demand, then 	"Clears all cached channels, guide data, and On Demand, then " +
app/src/main/java/com/aeriotv/android/feature/settings/PlaylistDetailScreen.kt	429	reloads \"${playlist.name}\" from scratch. Use this if 	"reloads \"${playlist.name}\" from scratch. Use this if " +
app/src/main/java/com/aeriotv/android/feature/settings/PlaylistDetailScreen.kt	430	channels or guide data are missing or stale. May take a 	"channels or guide data are missing or stale. May take a " +
app/src/main/java/com/aeriotv/android/feature/settings/PlaylistDetailScreen.kt	436	Refresh	label = "Refresh",
app/src/main/java/com/aeriotv/android/feature/settings/PlaylistDetailScreen.kt	445	Cancel	SettingsDialogTextButton(label = "Cancel", onClick = { confirmRefreshAll = false })
app/src/main/java/com/aeriotv/android/feature/settings/PlaylistDetailScreen.kt	543	Active Playlist	// swallows the click instead. "Active Playlist" is exactly this state.
app/src/main/java/com/aeriotv/android/feature/settings/PlaylistsScreen.kt	76	Playlists section	* "Playlists section" implicit in canon since the iOS test-server screenshots
app/src/main/java/com/aeriotv/android/feature/settings/PlaylistsScreen.kt	128	Add	SettingsHeaderTextButton(label = "Add", onClick = onAddPlaylist)
app/src/main/java/com/aeriotv/android/feature/settings/PlaylistsScreen.kt	133	Add playlist	contentDescription = "Add playlist",
app/src/main/java/com/aeriotv/android/feature/settings/PlaylistsScreen.kt	151	No saved playlists. Select Add above to add one.	text = if (isTv) "No saved playlists. Select Add above to add one."
app/src/main/java/com/aeriotv/android/feature/settings/PlaylistsScreen.kt	152	No saved playlists. Tap + to add one.	else "No saved playlists. Tap + to add one.",
app/src/main/java/com/aeriotv/android/feature/settings/PlaylistsScreen.kt	226	Drag to reorder	contentDescription = "Drag to reorder",
app/src/main/java/com/aeriotv/android/feature/settings/PlaylistsScreen.kt	256	Move Up	add(TvMenuAction("Move Up", Icons.Filled.KeyboardArrowUp) { moveTo(index - 1) })
app/src/main/java/com/aeriotv/android/feature/settings/PlaylistsScreen.kt	259	Move Down	add(TvMenuAction("Move Down", Icons.Filled.KeyboardArrowDown) { moveTo(index + 1) })
app/src/main/java/com/aeriotv/android/feature/settings/PlaylistsScreen.kt	274	Delete playlist?	title = { Text("Delete playlist?") },
app/src/main/java/com/aeriotv/android/feature/settings/PlaylistsScreen.kt	277	This removes \"${pl.name}\" and its credentials from this device. 	"This removes \"${pl.name}\" and its credentials from this device. " +
app/src/main/java/com/aeriotv/android/feature/settings/PlaylistsScreen.kt	278	The next playlist on the list will be activated.	if (pl.id == activeId) "The next playlist on the list will be activated." else "",
app/src/main/java/com/aeriotv/android/feature/settings/PlaylistsScreen.kt	283	Delete	label = "Delete",
app/src/main/java/com/aeriotv/android/feature/settings/PlaylistsScreen.kt	293	Cancel	SettingsDialogTextButton(label = "Cancel", onClick = { pendingDelete = null })
app/src/main/java/com/aeriotv/android/feature/settings/PlaylistsScreen.kt	341	${playlist.channelCount} channels • ${playlist.sourceType}	text = "${playlist.channelCount} channels • ${playlist.sourceType}",
app/src/main/java/com/aeriotv/android/feature/settings/RemoteControlSettingsScreen.kt	132	Select (Hold)	RemoteSlot.OK_LONG -> "Select (Hold)"
app/src/main/java/com/aeriotv/android/feature/settings/RemoteControlSettingsScreen.kt	136	Down (hold)	RemoteSlot.DOWN_LONG -> "Down (hold)"
app/src/main/java/com/aeriotv/android/feature/settings/RemoteControlSettingsScreen.kt	138	Left (Hold)	RemoteSlot.LEFT_LONG -> "Left (Hold)"
app/src/main/java/com/aeriotv/android/feature/settings/RemoteControlSettingsScreen.kt	140	Right (Hold)	RemoteSlot.RIGHT_LONG -> "Right (Hold)"
app/src/main/java/com/aeriotv/android/feature/settings/RemoteControlSettingsScreen.kt	142	Fast Forward	RemoteSlot.FFWD -> "Fast Forward"
app/src/main/java/com/aeriotv/android/feature/settings/RemoteControlSettingsScreen.kt	144	Channel Up	RemoteSlot.CHANNEL_UP -> "Channel Up"
app/src/main/java/com/aeriotv/android/feature/settings/RemoteControlSettingsScreen.kt	145	Channel Down	RemoteSlot.CHANNEL_DOWN -> "Channel Down"
app/src/main/java/com/aeriotv/android/feature/settings/RemoteControlSettingsScreen.kt	150	Channel up	PlayerRemoteAction.CHANNEL_UP -> "Channel up"
app/src/main/java/com/aeriotv/android/feature/settings/RemoteControlSettingsScreen.kt	151	Channel down	PlayerRemoteAction.CHANNEL_DOWN -> "Channel down"
app/src/main/java/com/aeriotv/android/feature/settings/RemoteControlSettingsScreen.kt	152	Previous channel	PlayerRemoteAction.LAST_CHANNEL -> "Previous channel"
app/src/main/java/com/aeriotv/android/feature/settings/RemoteControlSettingsScreen.kt	153	Recently watched	PlayerRemoteAction.RECENT_CHANNELS -> "Recently watched"
app/src/main/java/com/aeriotv/android/feature/settings/RemoteControlSettingsScreen.kt	156	Stop playback	PlayerRemoteAction.STOP_PLAYBACK -> "Stop playback"
app/src/main/java/com/aeriotv/android/feature/settings/RemoteControlSettingsScreen.kt	157	Show/hide controls	PlayerRemoteAction.TOGGLE_CONTROLS -> "Show/hide controls"
app/src/main/java/com/aeriotv/android/feature/settings/RemoteControlSettingsScreen.kt	158	Show program info	PlayerRemoteAction.SHOW_PROGRAM_INFO -> "Show program info"
app/src/main/java/com/aeriotv/android/feature/settings/RemoteControlSettingsScreen.kt	159	Options menu	PlayerRemoteAction.OPTIONS_MENU -> "Options menu"
app/src/main/java/com/aeriotv/android/feature/settings/RemoteControlSettingsScreen.kt	161	Seek forward	PlayerRemoteAction.SEEK_FORWARD -> "Seek forward"
app/src/main/java/com/aeriotv/android/feature/settings/RemoteControlSettingsScreen.kt	162	Seek back	PlayerRemoteAction.SEEK_BACKWARD -> "Seek back"
app/src/main/java/com/aeriotv/android/feature/settings/RemoteControlSettingsScreen.kt	163	Restart program	PlayerRemoteAction.RESTART_PROGRAM -> "Restart program"
app/src/main/java/com/aeriotv/android/feature/settings/RemoteControlSettingsScreen.kt	164	Jump to live	PlayerRemoteAction.JUMP_TO_LIVE -> "Jump to live"
app/src/main/java/com/aeriotv/android/feature/settings/RemoteControlSettingsScreen.kt	165	Return to TV Guide	PlayerRemoteAction.MINIMIZE_TO_GUIDE -> "Return to TV Guide"
app/src/main/java/com/aeriotv/android/feature/settings/RemoteControlSettingsScreen.kt	166	Channel list	PlayerRemoteAction.CHANNEL_LIST -> "Channel list"
app/src/main/java/com/aeriotv/android/feature/settings/RemoteControlSettingsScreen.kt	167	Subtitles	PlayerRemoteAction.SUBTITLES -> "Subtitles"
app/src/main/java/com/aeriotv/android/feature/settings/RemoteControlSettingsScreen.kt	168	Audio tracks	PlayerRemoteAction.AUDIO_TRACKS -> "Audio tracks"
app/src/main/java/com/aeriotv/android/feature/settings/RemoteControlSettingsScreen.kt	169	Aspect ratio	PlayerRemoteAction.ASPECT_RATIO -> "Aspect ratio"
app/src/main/java/com/aeriotv/android/feature/settings/RemoteControlSettingsScreen.kt	171	Sleep timer	PlayerRemoteAction.SLEEP_TIMER -> "Sleep timer"
app/src/main/java/com/aeriotv/android/feature/settings/RemoteControlSettingsScreen.kt	173	Do nothing	PlayerRemoteAction.NONE -> "Do nothing"
app/src/main/java/com/aeriotv/android/feature/settings/RemoteControlSettingsScreen.kt	178	Go to group pills	GuideRemoteAction.FOCUS_GROUP_PILLS -> if (sidebarGroups) "Open sidebar" else "Go to group pills"
app/src/main/java/com/aeriotv/android/feature/settings/RemoteControlSettingsScreen.kt	178	Open sidebar	GuideRemoteAction.FOCUS_GROUP_PILLS -> if (sidebarGroups) "Open sidebar" else "Go to group pills"
app/src/main/java/com/aeriotv/android/feature/settings/RemoteControlSettingsScreen.kt	184	Page channels up	GuideRemoteAction.PAGE_UP -> "Page channels up"
app/src/main/java/com/aeriotv/android/feature/settings/RemoteControlSettingsScreen.kt	185	Page channels down	GuideRemoteAction.PAGE_DOWN -> "Page channels down"
app/src/main/java/com/aeriotv/android/feature/settings/RemoteControlSettingsScreen.kt	186	Browse earlier programs	GuideRemoteAction.TIMELINE_BACK -> "Browse earlier programs"
app/src/main/java/com/aeriotv/android/feature/settings/RemoteControlSettingsScreen.kt	187	Browse later programs	GuideRemoteAction.TIMELINE_FORWARD -> "Browse later programs"
app/src/main/java/com/aeriotv/android/feature/settings/RemoteControlSettingsScreen.kt	188	Jump to now	GuideRemoteAction.JUMP_TO_NOW -> "Jump to now"
app/src/main/java/com/aeriotv/android/feature/settings/RemoteControlSettingsScreen.kt	189	Jump to a day and time	GuideRemoteAction.JUMP_TO_DAY -> "Jump to a day and time"
app/src/main/java/com/aeriotv/android/feature/settings/RemoteControlSettingsScreen.kt	190	Jump to top channel	GuideRemoteAction.JUMP_TO_TOP -> "Jump to top channel"
app/src/main/java/com/aeriotv/android/feature/settings/RemoteControlSettingsScreen.kt	191	Go to group pills	GuideRemoteAction.FOCUS_GROUP_PILLS -> "Go to group pills"
app/src/main/java/com/aeriotv/android/feature/settings/RemoteControlSettingsScreen.kt	192	Return to player	GuideRemoteAction.RESUME_PLAYER -> "Return to player"
app/src/main/java/com/aeriotv/android/feature/settings/RemoteControlSettingsScreen.kt	193	Close mini player	GuideRemoteAction.CLOSE_MINI_PLAYER -> "Close mini player"
app/src/main/java/com/aeriotv/android/feature/settings/RemoteControlSettingsScreen.kt	194	Program info	GuideRemoteAction.PROGRAM_INFO -> "Program info"
app/src/main/java/com/aeriotv/android/feature/settings/RemoteControlSettingsScreen.kt	195	Program menu	GuideRemoteAction.PROGRAM_MENU -> "Program menu"
app/src/main/java/com/aeriotv/android/feature/settings/RemoteControlSettingsScreen.kt	198	Move focus	GuideRemoteAction.NAVIGATE -> "Move focus"
app/src/main/java/com/aeriotv/android/feature/settings/RemoteControlSettingsScreen.kt	200	Do nothing	GuideRemoteAction.NONE -> "Do nothing"
app/src/main/java/com/aeriotv/android/feature/settings/RemoteControlSettingsScreen.kt	231	Remote Control	SettingsDetailTopBar(title = "Remote Control", onBack = onBack)
app/src/main/java/com/aeriotv/android/feature/settings/RemoteControlSettingsScreen.kt	243	The one-line key reminder under the tab bar on Live TV and at the bottom of the player controls. Turn it off once the buttons are second nature.	footer = "The one-line key reminder under the tab bar on Live TV and at the bottom of the player controls. Turn it off once the buttons are second nature.",
app/src/main/java/com/aeriotv/android/feature/settings/RemoteControlSettingsScreen.kt	246	Show remote hints	title = "Show remote hints",
app/src/main/java/com/aeriotv/android/feature/settings/RemoteControlSettingsScreen.kt	247	Key reminders on Live TV and in the player	subtitle = "Key reminders on Live TV and in the player",
app/src/main/java/com/aeriotv/android/feature/settings/RemoteControlSettingsScreen.kt	254	While Watching	header = "While Watching",
app/src/main/java/com/aeriotv/android/feature/settings/RemoteControlSettingsScreen.kt	255	What each button does while a channel is playing fullscreen. Changes apply immediately. Back always navigates and cannot be reassigned.	footer = "What each button does while a channel is playing fullscreen. Changes apply immediately. Back always navigates and cannot be reassigned.",
app/src/main/java/com/aeriotv/android/feature/settings/RemoteControlSettingsScreen.kt	267	In the TV Guide	header = "In the TV Guide",
app/src/main/java/com/aeriotv/android/feature/settings/RemoteControlSettingsScreen.kt	268	What each button does while browsing the guide. A Left or Right set to anything other than Move focus still moves between programs, and runs its action once focus reaches the edge of the timeline (Play, Record, Program info and Program menu run on every press). Up, Down and Back always navigate.	footer = "What each button does while browsing the guide. A Left or Right set to anything other than Move focus still moves between programs, and runs its action once focus reaches the edge of the timeline (Play, Record, Program info and Program menu run on every press). Up, Down and Back always navigate.",
app/src/main/java/com/aeriotv/android/feature/settings/RemoteControlSettingsScreen.kt	273	sidebar	valueName = map.guideAction(slot, groupSelector == "sidebar").displayName(groupSelector == "sidebar"),
app/src/main/java/com/aeriotv/android/feature/settings/RemoteControlSettingsScreen.kt	280	Additional Buttons	header = "Additional Buttons",
app/src/main/java/com/aeriotv/android/feature/settings/RemoteControlSettingsScreen.kt	281	Applies when your remote has these buttons (many Bluetooth and Shield remotes do; the stock Google TV remote does not).	footer = "Applies when your remote has these buttons (many Bluetooth and Shield remotes do; the stock Google TV remote does not).",
app/src/main/java/com/aeriotv/android/feature/settings/RemoteControlSettingsScreen.kt	285	${slot.displayName} (watching)	slotName = "${slot.displayName} (watching)",
app/src/main/java/com/aeriotv/android/feature/settings/RemoteControlSettingsScreen.kt	292	${slot.displayName} (guide)	slotName = "${slot.displayName} (guide)",
app/src/main/java/com/aeriotv/android/feature/settings/RemoteControlSettingsScreen.kt	293	sidebar	valueName = map.guideAction(slot).displayName(groupSelector == "sidebar"),
app/src/main/java/com/aeriotv/android/feature/settings/RemoteControlSettingsScreen.kt	301	Where a channel starts playing when you press OK on it in Live TV. Mini player keeps you browsing with the channel in the corner; press OK on it again (or hold Right) to go fullscreen.	footer = "Where a channel starts playing when you press OK on it in Live TV. Mini player keeps you browsing with the channel in the corner; press OK on it again (or hold Right) to go fullscreen.",
app/src/main/java/com/aeriotv/android/feature/settings/RemoteControlSettingsScreen.kt	304	Play Channels In	slotName = "Play Channels In",
app/src/main/java/com/aeriotv/android/feature/settings/RemoteControlSettingsScreen.kt	305	Full screen	valueName = if (tuneInMini) "Mini player" else "Full screen",
app/src/main/java/com/aeriotv/android/feature/settings/RemoteControlSettingsScreen.kt	305	Mini player	valueName = if (tuneInMini) "Mini player" else "Full screen",
app/src/main/java/com/aeriotv/android/feature/settings/RemoteControlSettingsScreen.kt	312	Restore every button to the standard AerioTV scheme.	footer = "Restore every button to the standard AerioTV scheme.",
app/src/main/java/com/aeriotv/android/feature/settings/RemoteControlSettingsScreen.kt	315	Reset to Defaults	slotName = "Reset to Defaults",
app/src/main/java/com/aeriotv/android/feature/settings/RemoteControlSettingsScreen.kt	326	Play Channels In	title = "Play Channels In",
app/src/main/java/com/aeriotv/android/feature/settings/RemoteControlSettingsScreen.kt	329	Full screen	label = if (!tuneInMini) "Full screen  (current)" else "Full screen",
app/src/main/java/com/aeriotv/android/feature/settings/RemoteControlSettingsScreen.kt	329	Full screen  (current)	label = if (!tuneInMini) "Full screen  (current)" else "Full screen",
app/src/main/java/com/aeriotv/android/feature/settings/RemoteControlSettingsScreen.kt	335	Mini player	label = if (tuneInMini) "Mini player  (current)" else "Mini player",
app/src/main/java/com/aeriotv/android/feature/settings/RemoteControlSettingsScreen.kt	335	Mini player  (current)	label = if (tuneInMini) "Mini player  (current)" else "Mini player",
app/src/main/java/com/aeriotv/android/feature/settings/RemoteControlSettingsScreen.kt	352	${action.displayName}  (current)	label = if (current) "${action.displayName}  (current)" else action.displayName,
app/src/main/java/com/aeriotv/android/feature/settings/RemoteControlSettingsScreen.kt	368	sidebar	val name = action.displayName(groupSelector == "sidebar")
app/src/main/java/com/aeriotv/android/feature/settings/RemoteControlSettingsScreen.kt	370	$name  (current)	label = if (current) "$name  (current)" else name,
app/src/main/java/com/aeriotv/android/feature/settings/RemoteControlSettingsScreen.kt	383	Lose your remote control customizations?	title = "Lose your remote control customizations?",
app/src/main/java/com/aeriotv/android/feature/settings/RemoteControlSettingsScreen.kt	385	Reset to Defaults	TvMenuAction(label = "Reset to Defaults", destructive = true) {
app/src/main/java/com/aeriotv/android/feature/settings/RemoteControlSettingsScreen.kt	389	Cancel	TvMenuAction(label = "Cancel") { showResetConfirm = false },
app/src/main/java/com/aeriotv/android/feature/settings/SettingsHost.kt	206	settingsPane	label = "settingsPane",
app/src/main/java/com/aeriotv/android/feature/settings/SettingsHost.kt	250	Settings	// Status bar inset: on the unfolded Fold the "Settings" title sat under
app/src/main/java/com/aeriotv/android/feature/settings/SettingsHost.kt	264	title	item("title") {
app/src/main/java/com/aeriotv/android/feature/settings/SettingsHost.kt	277	Playlists	title = "Playlists",
app/src/main/java/com/aeriotv/android/feature/settings/SettingsHost.kt	289	header-${group.key}	item("header-${group.key}") {
app/src/main/java/com/aeriotv/android/feature/settings/SettingsHost.kt	501	settingsPane	label = "settingsPane",
app/src/main/java/com/aeriotv/android/feature/settings/SettingsHost.kt	613	Select a setting	text = "Select a setting",
app/src/main/java/com/aeriotv/android/feature/settings/SettingsRoute.kt	139	the Settings root	* opens. Used by the screenshot deep link; null means "the Settings root",
app/src/main/java/com/aeriotv/android/feature/settings/SettingsRoute.kt	270	add:configure:${s.sourceType.name}	is AddPlaylistWizardStep.Configure -> "add:configure:${s.sourceType.name}"
app/src/main/java/com/aeriotv/android/feature/settings/SettingsRoute.kt	289	section:	SettingsSection.entries.firstOrNull { it.name == raw.removePrefix("section:") }
app/src/main/java/com/aeriotv/android/feature/settings/SettingsRoute.kt	294	add:configure:	SourceType.entries.firstOrNull { it.name == raw.removePrefix("add:configure:") }
app/src/main/java/com/aeriotv/android/feature/settings/SettingsScreen.kt	308	AerioTV diagnostics	cm?.setPrimaryClip(android.content.ClipData.newPlainText("AerioTV diagnostics", text))
app/src/main/java/com/aeriotv/android/feature/settings/SettingsScreen.kt	311	Copied diagnostics to clipboard.	"Copied diagnostics to clipboard.",
app/src/main/java/com/aeriotv/android/feature/settings/SettingsScreen.kt	319	Developer Website	title = "Developer Website",
app/src/main/java/com/aeriotv/android/feature/settings/SettingsScreen.kt	320	Scan with your phone to open this page.	caption = "Scan with your phone to open this page.",
app/src/main/java/com/aeriotv/android/feature/settings/SettingsScreen.kt	332	Report an Issue	title = "Report an Issue",
app/src/main/java/com/aeriotv/android/feature/settings/SettingsScreen.kt	333	Scan with your phone to open this page.	caption = "Scan with your phone to open this page.",
app/src/main/java/com/aeriotv/android/feature/settings/SettingsScreen.kt	427	Add Playlist	text = "Add Playlist",
app/src/main/java/com/aeriotv/android/feature/settings/SettingsScreen.kt	446	Manage Playlists	text = "Manage Playlists",
app/src/main/java/com/aeriotv/android/feature/settings/SettingsScreen.kt	466	Select a playlist to open it · Set Active lives in its Actions section	SectionFooter("Select a playlist to open it · Set Active lives in its Actions section")
app/src/main/java/com/aeriotv/android/feature/settings/SettingsScreen.kt	468	Select Manage Playlists to reorder	SectionFooter("Select Manage Playlists to reorder")
app/src/main/java/com/aeriotv/android/feature/settings/SettingsScreen.kt	471	Tap ○ to set the active playlist · Tap the active playlist to edit or delete it	SectionFooter("Tap ○ to set the active playlist · Tap the active playlist to edit or delete it")
app/src/main/java/com/aeriotv/android/feature/settings/SettingsScreen.kt	473	Tap Manage Playlists to reorder	SectionFooter("Tap Manage Playlists to reorder")
app/src/main/java/com/aeriotv/android/feature/settings/SettingsScreen.kt	502	Tap ○ to set the active playlist	// SettingsView footer hint "Tap ○ to set the active playlist".
app/src/main/java/com/aeriotv/android/feature/settings/SettingsScreen.kt	505	Set active	contentDescription = if (isActive) "Active" else "Set active",
app/src/main/java/com/aeriotv/android/feature/settings/SettingsScreen.kt	518	${playlist.channelCount} channels	append("${playlist.channelCount} channels")
app/src/main/java/com/aeriotv/android/feature/settings/SettingsScreen.kt	642	$versionName ($versionCode)	value = "$versionName ($versionCode)",
app/src/main/java/com/aeriotv/android/feature/settings/SettingsScreen.kt	646	First Installed	AboutInfoRow("First Installed", formatInstallTime(installedAt))
app/src/main/java/com/aeriotv/android/feature/settings/SettingsScreen.kt	649	Last Updated	"Last Updated",
app/src/main/java/com/aeriotv/android/feature/settings/SettingsScreen.kt	653	Copy to Clipboard	AboutActionRow("Copy to Clipboard", Icons.Filled.ContentCopy, onClick = onCopy)
app/src/main/java/com/aeriotv/android/feature/settings/SettingsScreen.kt	656	Developer Website	"Developer Website",
app/src/main/java/com/aeriotv/android/feature/settings/SettingsScreen.kt	663	Report an Issue	"Report an Issue",
app/src/main/java/com/aeriotv/android/feature/settings/SettingsScreen.kt	670	Open Source Licenses	"Open Source Licenses",
app/src/main/java/com/aeriotv/android/feature/settings/SettingsScreen.kt	677	In loving memory of Jesse Mann aka EPG Guru	text = "In loving memory of Jesse Mann aka EPG Guru",
app/src/main/java/com/aeriotv/android/feature/settings/SettingsScreen.kt	715	What's New	* the installed build. The trailing "What's New" hint is the only affordance;
app/src/main/java/com/aeriotv/android/feature/settings/SettingsScreen.kt	731	App Version	text = "App Version",
app/src/main/java/com/aeriotv/android/feature/settings/SettingsScreen.kt	743	What's New	text = "What's New",
app/src/main/java/com/aeriotv/android/feature/settings/SettingsScreen.kt	837	Google TV Streamer	* the brand ("Google TV Streamer" on a Google box), so blindly joining the two
app/src/main/java/com/aeriotv/android/feature/settings/SettingsScreen.kt	838	Google Google TV Streamer	* printed "Google Google TV Streamer" in the About panel.
app/src/main/java/com/aeriotv/android/feature/settings/SettingsScreen.kt	862	AerioTV diagnostics	appendLine("AerioTV diagnostics")
app/src/main/java/com/aeriotv/android/feature/settings/SettingsScreen.kt	863	Device: ${deviceDisplayName()}	appendLine("Device: ${deviceDisplayName()}")
app/src/main/java/com/aeriotv/android/feature/settings/SettingsScreen.kt	865	App Version: $versionName ($versionCode)	appendLine("App Version: $versionName ($versionCode)")
app/src/main/java/com/aeriotv/android/feature/settings/SettingsScreen.kt	866	First Installed: ${formatInstallTime(installedAt)}	appendLine("First Installed: ${formatInstallTime(installedAt)}")
app/src/main/java/com/aeriotv/android/feature/settings/SettingsScreen.kt	867	Last Updated: ${if (updatedAt > 0 && updatedAt != installedAt) formatInstallTime(updatedAt) else 	appendLine("Last Updated: ${if (updatedAt > 0 && updatedAt != installedAt) formatInstallTime(updatedAt) else "Never"}")
app/src/main/java/com/aeriotv/android/feature/settings/SettingsScreen.kt	893	Live TV	title = "Live TV",
app/src/main/java/com/aeriotv/android/feature/settings/SettingsScreen.kt	894	Guide, groups, badges, colors	subtitle = "Guide, groups, badges, colors",
app/src/main/java/com/aeriotv/android/feature/settings/SettingsScreen.kt	898	Player	title = "Player",
app/src/main/java/com/aeriotv/android/feature/settings/SettingsScreen.kt	899	Info card, rewind, gestures, multiview	subtitle = "Info card, rewind, gestures, multiview",
app/src/main/java/com/aeriotv/android/feature/settings/SettingsScreen.kt	903	Movies & TV Shows	title = "Movies & TV Shows",
app/src/main/java/com/aeriotv/android/feature/settings/SettingsScreen.kt	904	Library refresh, posters	subtitle = "Library refresh, posters",
app/src/main/java/com/aeriotv/android/feature/settings/SettingsScreen.kt	908	DVR	title = "DVR",
app/src/main/java/com/aeriotv/android/feature/settings/SettingsScreen.kt	909	Recordings, buffers, storage	subtitle = "Recordings, buffers, storage",
app/src/main/java/com/aeriotv/android/feature/settings/SettingsScreen.kt	913	Appearance	title = "Appearance",
app/src/main/java/com/aeriotv/android/feature/settings/SettingsScreen.kt	914	Theme, text size, time format	subtitle = "Theme, text size, time format",
app/src/main/java/com/aeriotv/android/feature/settings/SettingsScreen.kt	918	General	title = "General",
app/src/main/java/com/aeriotv/android/feature/settings/SettingsScreen.kt	919	Startup, refresh, network	subtitle = "Startup, refresh, network",
app/src/main/java/com/aeriotv/android/feature/settings/SettingsScreen.kt	923	Remote Control	title = "Remote Control",
app/src/main/java/com/aeriotv/android/feature/settings/SettingsScreen.kt	924	Customize remote buttons	subtitle = "Customize remote buttons",
app/src/main/java/com/aeriotv/android/feature/settings/SettingsScreen.kt	932	Sync	title = "Sync",
app/src/main/java/com/aeriotv/android/feature/settings/SettingsScreen.kt	937	Updates	title = "Updates",
app/src/main/java/com/aeriotv/android/feature/settings/SettingsScreen.kt	938	Check for new releases	subtitle = "Check for new releases",
app/src/main/java/com/aeriotv/android/feature/settings/SettingsScreen.kt	942	Developer	title = "Developer",
app/src/main/java/com/aeriotv/android/feature/settings/SettingsScreen.kt	943	Debug logging & diagnostics	subtitle = "Debug logging & diagnostics",
app/src/main/java/com/aeriotv/android/feature/settings/SettingsScreen.kt	947	About	title = "About",
app/src/main/java/com/aeriotv/android/feature/settings/SettingsViewModel.kt	228	Recently Watched	* Whether the synthetic "Recently Watched" group is shown, per playlist
app/src/main/java/com/aeriotv/android/feature/settings/SyncSettingsScreen.kt	84	Sign in with Google	*   1. Tap "Sign in with Google" → Credential Manager surfaces the
app/src/main/java/com/aeriotv/android/feature/settings/SyncSettingsScreen.kt	92	missing OAuth config	* unlock. The "missing OAuth config" red banner shows only when the
app/src/main/java/com/aeriotv/android/feature/settings/SyncSettingsScreen.kt	135	disabled button + no feedback	// nothing — the prior "disabled button + no feedback" UX had testers
app/src/main/java/com/aeriotv/android/feature/settings/SyncSettingsScreen.kt	150	Sync	SettingsDetailTopBar(title = "Sync", onBack = onBack)
app/src/main/java/com/aeriotv/android/feature/settings/SyncSettingsScreen.kt	168	Sign-in cancelled or failed.	Toast.makeText(context, "Sign-in cancelled or failed.", Toast.LENGTH_SHORT).show()
app/src/main/java/com/aeriotv/android/feature/settings/SyncSettingsScreen.kt	174	Signed in as $email	Toast.makeText(context, "Signed in as $email", Toast.LENGTH_SHORT).show()
app/src/main/java/com/aeriotv/android/feature/settings/SyncSettingsScreen.kt	185	Drive authorization failed.	Toast.makeText(context, "Drive authorization failed.", Toast.LENGTH_SHORT).show()
app/src/main/java/com/aeriotv/android/feature/settings/SyncSettingsScreen.kt	214	Drive Sync	header = "Drive Sync",
app/src/main/java/com/aeriotv/android/feature/settings/SyncSettingsScreen.kt	215	Playlists, watch progress, reminders, app preferences and credentials sync via your Drive AppData folder. Files are scoped per-app and never appear in your main Drive UI.	footer = "Playlists, watch progress, reminders, app preferences and credentials sync via your Drive AppData folder. Files are scoped per-app and never appear in your main Drive UI.",
app/src/main/java/com/aeriotv/android/feature/settings/SyncSettingsScreen.kt	222	Sync enabled	title = "Sync enabled",
app/src/main/java/com/aeriotv/android/feature/settings/SyncSettingsScreen.kt	224	Auto-syncing the categories you've toggled below.	"Auto-syncing the categories you've toggled below."
app/src/main/java/com/aeriotv/android/feature/settings/SyncSettingsScreen.kt	226	Sign in below, then enable sync to push and pull data.	"Sign in below, then enable sync to push and pull data.",
app/src/main/java/com/aeriotv/android/feature/settings/SyncSettingsScreen.kt	248	Signed out of Drive.	Toast.makeText(context, "Signed out of Drive.", Toast.LENGTH_SHORT).show()
app/src/main/java/com/aeriotv/android/feature/settings/SyncSettingsScreen.kt	280	Choose what syncs across your devices. Syncing runs 	footer = "Choose what syncs across your devices. Syncing runs " +
app/src/main/java/com/aeriotv/android/feature/settings/SyncSettingsScreen.kt	282	the battery is not low. Use Push or Pull below when you want 	"the battery is not low. Use Push or Pull below when you want " +
app/src/main/java/com/aeriotv/android/feature/settings/SyncSettingsScreen.kt	302	Remote Button Map	title = "Remote Button Map",
app/src/main/java/com/aeriotv/android/feature/settings/SyncSettingsScreen.kt	303	Part of App Preferences. Turn off on a device whose 	subtitle = "Part of App Preferences. Turn off on a device whose " +
app/src/main/java/com/aeriotv/android/feature/settings/SyncSettingsScreen.kt	304	remote differs from your others. This choice stays on this 	"remote differs from your others. This choice stays on this " +
app/src/main/java/com/aeriotv/android/feature/settings/SyncSettingsScreen.kt	318	Push overwrites the Drive backup with this device; Pull overwrites this device with the backup. Last Push: ${formatTimestamp(lastPush)}. Last Pull: ${formatTimestamp(lastPull)}.	footer = "Push overwrites the Drive backup with this device; Pull overwrites this device with the backup. Last Push: ${formatTimestamp(lastPush)}. Last Pull: ${formatTimestamp(lastPull)}.",
app/src/main/java/com/aeriotv/android/feature/settings/SyncSettingsScreen.kt	326	Sync Now	// "Sync Now" (push-then-pull in one tap) was removed in
app/src/main/java/com/aeriotv/android/feature/settings/SyncSettingsScreen.kt	332	Push Config to Drive	label = "Push Config to Drive",
app/src/main/java/com/aeriotv/android/feature/settings/SyncSettingsScreen.kt	333	Overwrite the Drive backup with this device's setup	subtitle = "Overwrite the Drive backup with this device's setup",
app/src/main/java/com/aeriotv/android/feature/settings/SyncSettingsScreen.kt	348	Pull Config from Drive	label = "Pull Config from Drive",
app/src/main/java/com/aeriotv/android/feature/settings/SyncSettingsScreen.kt	349	Overwrite this device with the Drive backup	subtitle = "Overwrite this device with the Drive backup",
app/src/main/java/com/aeriotv/android/feature/settings/SyncSettingsScreen.kt	364	Clear Drive Data	label = "Clear Drive Data",
app/src/main/java/com/aeriotv/android/feature/settings/SyncSettingsScreen.kt	389	Push Config to Drive?	title = { Text("Push Config to Drive?") },
app/src/main/java/com/aeriotv/android/feature/settings/SyncSettingsScreen.kt	392	This replaces the entire Drive backup with this device's 	"This replaces the entire Drive backup with this device's " +
app/src/main/java/com/aeriotv/android/feature/settings/SyncSettingsScreen.kt	393	current configuration. Other devices that pull later 	"current configuration. Other devices that pull later " +
app/src/main/java/com/aeriotv/android/feature/settings/SyncSettingsScreen.kt	399	Push to Drive	label = "Push to Drive",
app/src/main/java/com/aeriotv/android/feature/settings/SyncSettingsScreen.kt	407	Cancel	SettingsDialogTextButton(label = "Cancel", onClick = { pushConfirmOpen = false })
app/src/main/java/com/aeriotv/android/feature/settings/SyncSettingsScreen.kt	415	Pull Config from Drive?	title = { Text("Pull Config from Drive?") },
app/src/main/java/com/aeriotv/android/feature/settings/SyncSettingsScreen.kt	418	This replaces this device's playlists, preferences, and 	"This replaces this device's playlists, preferences, and " +
app/src/main/java/com/aeriotv/android/feature/settings/SyncSettingsScreen.kt	419	watch progress with the Drive backup. The current setup 	"watch progress with the Drive backup. The current setup " +
app/src/main/java/com/aeriotv/android/feature/settings/SyncSettingsScreen.kt	425	Pull from Drive	label = "Pull from Drive",
app/src/main/java/com/aeriotv/android/feature/settings/SyncSettingsScreen.kt	434	Cancel	SettingsDialogTextButton(label = "Cancel", onClick = { pullConfirmOpen = false })
app/src/main/java/com/aeriotv/android/feature/settings/SyncSettingsScreen.kt	445	Credentials sync to your Drive	title = { Text("Credentials sync to your Drive") },
app/src/main/java/com/aeriotv/android/feature/settings/SyncSettingsScreen.kt	448	So your servers restore automatically on another device, AerioTV 	"So your servers restore automatically on another device, AerioTV " +
app/src/main/java/com/aeriotv/android/feature/settings/SyncSettingsScreen.kt	450	key) in the Drive backup. These files live in your own Google Drive 	"key) in the Drive backup. These files live in your own Google Drive " +
app/src/main/java/com/aeriotv/android/feature/settings/SyncSettingsScreen.kt	451	app data, are reachable only by AerioTV, and never appear in your 	"app data, are reachable only by AerioTV, and never appear in your " +
app/src/main/java/com/aeriotv/android/feature/settings/SyncSettingsScreen.kt	452	Drive UI, but they are stored without an extra password. On this 	"Drive UI, but they are stored without an extra password. On this " +
app/src/main/java/com/aeriotv/android/feature/settings/SyncSettingsScreen.kt	454	You can turn this off any time with the Credentials toggle below.	"You can turn this off any time with the Credentials toggle below.",
app/src/main/java/com/aeriotv/android/feature/settings/SyncSettingsScreen.kt	459	Got it	label = "Got it",
app/src/main/java/com/aeriotv/android/feature/settings/SyncSettingsScreen.kt	475	Drive Sync isn't set up yet	title = { Text("Drive Sync isn't set up yet") },
app/src/main/java/com/aeriotv/android/feature/settings/SyncSettingsScreen.kt	478	This AerioTV build doesn't have a Google Cloud OAuth Web Client ID baked in, 	"This AerioTV build doesn't have a Google Cloud OAuth Web Client ID baked in, " +
app/src/main/java/com/aeriotv/android/feature/settings/SyncSettingsScreen.kt	479	so the Sign in with Google sheet can't load.\n\n	"so the Sign in with Google sheet can't load.\n\n" +
app/src/main/java/com/aeriotv/android/feature/settings/SyncSettingsScreen.kt	480	To enable Drive Sync on your own build, create an OAuth Web Client ID in 	"To enable Drive Sync on your own build, create an OAuth Web Client ID in " +
app/src/main/java/com/aeriotv/android/feature/settings/SyncSettingsScreen.kt	482	Android Client in the same project, then add the line 	"Android Client in the same project, then add the line " +
app/src/main/java/com/aeriotv/android/feature/settings/SyncSettingsScreen.kt	488	Got it	label = "Got it",
app/src/main/java/com/aeriotv/android/feature/settings/SyncSettingsScreen.kt	525	Drive Sync isn't set up yet	text = "Drive Sync isn't set up yet",
app/src/main/java/com/aeriotv/android/feature/settings/SyncSettingsScreen.kt	532	Select Sign in with Google below to connect your account. AerioTV will 	text = "Select Sign in with Google below to connect your account. AerioTV will " +
app/src/main/java/com/aeriotv/android/feature/settings/SyncSettingsScreen.kt	534	sync across every device signed into the same Google account.	"sync across every device signed into the same Google account.",
app/src/main/java/com/aeriotv/android/feature/settings/SyncSettingsScreen.kt	551	This build doesn't have a Google Cloud OAuth client configured, so 	text = "This build doesn't have a Google Cloud OAuth client configured, so " +
app/src/main/java/com/aeriotv/android/feature/settings/SyncSettingsScreen.kt	552	Sign in with Google is disabled. Add GOOGLE_DRIVE_WEB_CLIENT_ID to 	"Sign in with Google is disabled. Add GOOGLE_DRIVE_WEB_CLIENT_ID to " +
app/src/main/java/com/aeriotv/android/feature/settings/SyncSettingsScreen.kt	593	Not signed in	text = if (signedIn) "Signed in to Drive" else "Not signed in",
app/src/main/java/com/aeriotv/android/feature/settings/SyncSettingsScreen.kt	593	Signed in to Drive	text = if (signedIn) "Signed in to Drive" else "Not signed in",
app/src/main/java/com/aeriotv/android/feature/settings/SyncSettingsScreen.kt	601	Account connected	signedIn -> "Account connected"
app/src/main/java/com/aeriotv/android/feature/settings/SyncSettingsScreen.kt	602	Sign in to start syncing across devices	else -> "Sign in to start syncing across devices"
app/src/main/java/com/aeriotv/android/feature/settings/SyncSettingsScreen.kt	631	Sign out	text = "Sign out",
app/src/main/java/com/aeriotv/android/feature/settings/SyncSettingsScreen.kt	643	Sign in with Google	* mark on the left, "Sign in with Google" label). Avoids embedding a raster
app/src/main/java/com/aeriotv/android/feature/settings/SyncSettingsScreen.kt	688	Sign in with Google	text = "Sign in with Google",
app/src/main/java/com/aeriotv/android/feature/settings/SyncSettingsViewModel.kt	155	Not signed in to Drive	_pushStatus.value = ActionStatus.Failure("Not signed in to Drive")
app/src/main/java/com/aeriotv/android/feature/settings/SyncSettingsViewModel.kt	162	No sync categories enabled	_pushStatus.value = ActionStatus.Failure("No sync categories enabled")
app/src/main/java/com/aeriotv/android/feature/settings/SyncSettingsViewModel.kt	169	 else 	ActionStatus.Success("Pushed ${pushed.size} ${if (pushed.size == 1) "category" else "categories"} to Drive")
app/src/main/java/com/aeriotv/android/feature/settings/SyncSettingsViewModel.kt	169	Pushed ${pushed.size} ${if (pushed.size == 1) 	ActionStatus.Success("Pushed ${pushed.size} ${if (pushed.size == 1) "category" else "categories"} to Drive")
app/src/main/java/com/aeriotv/android/feature/settings/SyncSettingsViewModel.kt	169	} to Drive	ActionStatus.Success("Pushed ${pushed.size} ${if (pushed.size == 1) "category" else "categories"} to Drive")
app/src/main/java/com/aeriotv/android/feature/settings/SyncSettingsViewModel.kt	171	$failed of ${pushed.size} categories failed to push	ActionStatus.Failure("$failed of ${pushed.size} categories failed to push")
app/src/main/java/com/aeriotv/android/feature/settings/SyncSettingsViewModel.kt	187	Not signed in to Drive	_pullStatus.value = ActionStatus.Failure("Not signed in to Drive")
app/src/main/java/com/aeriotv/android/feature/settings/SyncSettingsViewModel.kt	194	No sync categories enabled	_pullStatus.value = ActionStatus.Failure("No sync categories enabled")
app/src/main/java/com/aeriotv/android/feature/settings/SyncSettingsViewModel.kt	200	 else 	ActionStatus.Success("Pulled ${pulled.size} ${if (pulled.size == 1) "category" else "categories"} from Drive")
app/src/main/java/com/aeriotv/android/feature/settings/SyncSettingsViewModel.kt	200	Pulled ${pulled.size} ${if (pulled.size == 1) 	ActionStatus.Success("Pulled ${pulled.size} ${if (pulled.size == 1) "category" else "categories"} from Drive")
app/src/main/java/com/aeriotv/android/feature/settings/SyncSettingsViewModel.kt	200	} from Drive	ActionStatus.Success("Pulled ${pulled.size} ${if (pulled.size == 1) "category" else "categories"} from Drive")
app/src/main/java/com/aeriotv/android/feature/settings/SyncSettingsViewModel.kt	202	$failed of ${pulled.size} categories did not apply (missing in Drive or failed)	ActionStatus.Failure("$failed of ${pulled.size} categories did not apply (missing in Drive or failed)")
app/src/main/java/com/aeriotv/android/feature/settings/SyncSettingsViewModel.kt	218	Not signed in to Drive	_clearStatus.value = ActionStatus.Failure("Not signed in to Drive")
app/src/main/java/com/aeriotv/android/feature/settings/SyncSettingsViewModel.kt	222	Drive data cleared	onSuccess = { ActionStatus.Success("Drive data cleared") },
app/src/main/java/com/aeriotv/android/feature/settings/SyncSettingsViewModel.kt	223	Couldn't clear Drive data	onFailure = { ActionStatus.Failure(it.message ?: "Couldn't clear Drive data") },
app/src/main/java/com/aeriotv/android/feature/settings/SyncSettingsViewModel.kt	230	Sign in with Google	* "Sign in with Google" pill. Right after the user authorizes the Drive
app/src/main/java/com/aeriotv/android/feature/settings/TvLogShareDialog.kt	95	Share Log File	text = "Share Log File",
app/src/main/java/com/aeriotv/android/feature/settings/TvLogShareDialog.kt	103	The .txt file will download. Attach it to a GitHub Issue or email.	"The .txt file will download. Attach it to a GitHub Issue or email.",
app/src/main/java/com/aeriotv/android/feature/settings/TvLogShareDialog.kt	124	QR code for the log download URL	contentDescription = "QR code for the log download URL",
app/src/main/java/com/aeriotv/android/feature/settings/TvLogShareDialog.kt	144	The server stops when you close this screen. 	text = "The server stops when you close this screen. " +
app/src/main/java/com/aeriotv/android/feature/settings/TvLogShareDialog.kt	145	The TV and your phone must be on the same Wi-Fi network.	"The TV and your phone must be on the same Wi-Fi network.",
app/src/main/java/com/aeriotv/android/feature/settings/TvLogShareDialog.kt	152	Could not start LAN server. Check the TV's network connection.	text = "Could not start LAN server. Check the TV's network connection.",
app/src/main/java/com/aeriotv/android/feature/settings/TvLogShareDialog.kt	160	Close	SettingsDialogTextButton(label = "Close", onClick = onDismiss)
app/src/main/java/com/aeriotv/android/feature/splash/SplashScreen.kt	44	AerioTV	* bold "AerioTV", and the cyan "Live TV · Movies · Series" subtitle.
app/src/main/java/com/aeriotv/android/feature/splash/SplashScreen.kt	44	Live TV · Movies · Series	* bold "AerioTV", and the cyan "Live TV · Movies · Series" subtitle.
app/src/main/java/com/aeriotv/android/feature/splash/SplashScreen.kt	109	splashAlpha	label = "splashAlpha",
app/src/main/java/com/aeriotv/android/feature/splash/SplashScreen.kt	158	Live TV  ·  Movies  ·  Series	text = "Live TV  ·  Movies  ·  Series",
app/src/main/java/com/aeriotv/android/feature/update/UpdateUi.kt	83	Install unknown apps	// Returning from the "Install unknown apps" Settings toggle
app/src/main/java/com/aeriotv/android/feature/update/UpdateUi.kt	193	Update available	titleText = "Update available"
app/src/main/java/com/aeriotv/android/feature/update/UpdateUi.kt	195	AerioTV ${state.info.versionName} is ready to download (${mb} MB).	bodyText = "AerioTV ${state.info.versionName} is ready to download (${mb} MB)."
app/src/main/java/com/aeriotv/android/feature/update/UpdateUi.kt	200	Downloading update	titleText = "Downloading update"
app/src/main/java/com/aeriotv/android/feature/update/UpdateUi.kt	201	AerioTV ${state.info.versionName}	bodyText = "AerioTV ${state.info.versionName}"
app/src/main/java/com/aeriotv/android/feature/update/UpdateUi.kt	206	Verifying download	titleText = "Verifying download"
app/src/main/java/com/aeriotv/android/feature/update/UpdateUi.kt	207	Checking the update's signature and version.	bodyText = "Checking the update's signature and version."
app/src/main/java/com/aeriotv/android/feature/update/UpdateUi.kt	212	Ready to install	titleText = "Ready to install"
app/src/main/java/com/aeriotv/android/feature/update/UpdateUi.kt	213	AerioTV ${state.info.versionName} is verified and ready. Your 	bodyText = "AerioTV ${state.info.versionName} is verified and ready. Your " +
app/src/main/java/com/aeriotv/android/feature/update/UpdateUi.kt	214	channels, settings, and recordings are kept. AerioTV will close to 	"channels, settings, and recordings are kept. AerioTV will close to " +
app/src/main/java/com/aeriotv/android/feature/update/UpdateUi.kt	215	install; reopen it from your home screen.	"install; reopen it from your home screen."
app/src/main/java/com/aeriotv/android/feature/update/UpdateUi.kt	219	One-time permission needed	titleText = "One-time permission needed"
app/src/main/java/com/aeriotv/android/feature/update/UpdateUi.kt	220	Android needs you to allow AerioTV to install updates. Turn on 	bodyText = "Android needs you to allow AerioTV to install updates. Turn on " +
app/src/main/java/com/aeriotv/android/feature/update/UpdateUi.kt	221	\"Allow from this source\" in the Settings screen, come back, and tap 	"\"Allow from this source\" in the Settings screen, come back, and tap " +
app/src/main/java/com/aeriotv/android/feature/update/UpdateUi.kt	222	Install. If you've already allowed it, Install continues right away.	"Install. If you've already allowed it, Install continues right away."
app/src/main/java/com/aeriotv/android/feature/update/UpdateUi.kt	228	Installing	titleText = "Installing"
app/src/main/java/com/aeriotv/android/feature/update/UpdateUi.kt	229	Confirm the update in the Android dialog. AerioTV will close to 	bodyText = "Confirm the update in the Android dialog. AerioTV will close to " +
app/src/main/java/com/aeriotv/android/feature/update/UpdateUi.kt	230	install; reopen it from your home screen. Your data is kept.	"install; reopen it from your home screen. Your data is kept."
app/src/main/java/com/aeriotv/android/feature/update/UpdateUi.kt	235	Update problem	titleText = "Update problem"
app/src/main/java/com/aeriotv/android/feature/update/UpdateUi.kt	237	Try again	primaryLabel = "Try again"
app/src/main/java/com/aeriotv/android/feature/watchprogress/WatchProgressViewModel.kt	103	Continue Watching	* the current Movies / Series cache. iOS calls this "Continue Watching"
app/src/main/java/com/aeriotv/android/feature/watchprogress/WatchProgressViewModel.kt	292	s=${row.seasonNumber} e=${row.episodeNumber} pos=${row.positionMs} 	"s=${row.seasonNumber} e=${row.episodeNumber} pos=${row.positionMs} " +
app/src/main/java/com/aeriotv/android/feature/watchprogress/WatchProgressViewModel.kt	293	dur=${row.durationMs} type=${row.vodType} finished=${row.isFinished}	"dur=${row.durationMs} type=${row.vodType} finished=${row.isFinished}",
app/src/main/java/com/aeriotv/android/feature/whatsnew/LiveRewindPrompt.kt	36	Still no playback controls	* player showed no transport at all ("Still no playback controls").
app/src/main/java/com/aeriotv/android/feature/whatsnew/LiveRewindPrompt.kt	81	New: Live Rewind	title = { Text("New: Live Rewind") },
app/src/main/java/com/aeriotv/android/feature/whatsnew/LiveRewindPrompt.kt	85	Pause and rewind live TV. While you watch a channel 	"Pause and rewind live TV. While you watch a channel " +
app/src/main/java/com/aeriotv/android/feature/whatsnew/LiveRewindPrompt.kt	86	fullscreen, AerioTV keeps a rolling buffer on this 	"fullscreen, AerioTV keeps a rolling buffer on this " +
app/src/main/java/com/aeriotv/android/feature/whatsnew/LiveRewindPrompt.kt	93	Buffered video is deleted automatically. You can change 	"Buffered video is deleted automatically. You can change " +
app/src/main/java/com/aeriotv/android/feature/whatsnew/LiveRewindPrompt.kt	94	this anytime in Settings > App Behaviors > Live Rewind.	"this anytime in Settings > App Behaviors > Live Rewind.",
app/src/main/java/com/aeriotv/android/feature/whatsnew/LiveRewindPrompt.kt	110	Enable	) { Text("Enable") }
app/src/main/java/com/aeriotv/android/feature/whatsnew/LiveRewindPrompt.kt	118	Not Now	) { Text("Not Now") }
app/src/main/java/com/aeriotv/android/feature/whatsnew/WhatsNewSheet.kt	91	What's New in v$version	text = "What's New in v$version",
app/src/main/java/com/aeriotv/android/feature/whatsnew/WhatsNewSheet.kt	298	Your whole library	title = "Your whole library",
app/src/main/java/com/aeriotv/android/feature/whatsnew/WhatsNewSheet.kt	299	Movies and TV Shows no longer stop at 40,000 titles. The catalog is stored on the device as it loads, resumes where it left off after a restart, and never loads the whole library into memory.	body = "Movies and TV Shows no longer stop at 40,000 titles. The catalog is stored on the device as it loads, resumes where it left off after a restart, and never loads the whole library into memory.",
app/src/main/java/com/aeriotv/android/feature/whatsnew/WhatsNewSheet.kt	302	Guide channel column	title = "Guide channel column",
app/src/main/java/com/aeriotv/android/feature/whatsnew/WhatsNewSheet.kt	303	Channel number, favorite star and catch-up icon sit in a band above the logo, and the logo fills the space below it. Season and episode moved from the guide cells to the program details.	body = "Channel number, favorite star and catch-up icon sit in a band above the logo, and the logo fills the space below it. Season and episode moved from the guide cells to the program details.",
app/src/main/java/com/aeriotv/android/feature/whatsnew/WhatsNewSheet.kt	306	Playlist switching keeps your data	title = "Playlist switching keeps your data",
app/src/main/java/com/aeriotv/android/feature/whatsnew/WhatsNewSheet.kt	307	Switching playlists no longer clears the previous playlist's guide or library, and permissions refresh the moment you switch. Refresh Everything rebuilds the library from scratch.	body = "Switching playlists no longer clears the previous playlist's guide or library, and permissions refresh the moment you switch. Refresh Everything rebuilds the library from scratch.",
app/src/main/java/com/aeriotv/android/feature/whatsnew/WhatsNewSheet.kt	310	Rounded corners, two toggles	title = "Rounded corners, two toggles",
app/src/main/java/com/aeriotv/android/feature/whatsnew/WhatsNewSheet.kt	311	Rounded corners for List view and Guide view are now separate in Settings > Appearance, and guide artwork follows the Guide toggle.	body = "Rounded corners for List view and Guide view are now separate in Settings > Appearance, and guide artwork follows the Guide toggle.",
app/src/main/java/com/aeriotv/android/feature/whatsnew/WhatsNewSheet.kt	314	Android TV: Guide only	title = "Android TV: Guide only",
app/src/main/java/com/aeriotv/android/feature/whatsnew/WhatsNewSheet.kt	315	The List view is retired on TV. Live TV always opens the Guide, and its options live under Guide Presentation in Appearance.	body = "The List view is retired on TV. Live TV always opens the Guide, and its options live under Guide Presentation in Appearance.",
app/src/main/java/com/aeriotv/android/feature/whatsnew/WhatsNewSheet.kt	318	Fixes	title = "Fixes",
app/src/main/java/com/aeriotv/android/feature/whatsnew/WhatsNewSheet.kt	319	Switching streams on a slow provider no longer freezes the picture. The interface no longer runs off the screen after a resolution switch on the Google TV Streamer. Crash reports are captured automatically for the log export.	body = "Switching streams on a slow provider no longer freezes the picture. The interface no longer runs off the screen after a resolution switch on the Google TV Streamer. Crash reports are captured automatically for the log export.",
app/src/main/java/com/aeriotv/android/ui/FormFactorModal.kt	40	Drag handle	*    (showing a "Drag handle" tooltip), and the sheet hugs the screen
app/src/main/java/com/aeriotv/android/ui/RecordCapability.kt	11	Admin vs Standard	* Replaces the old hard "Admin vs Standard" split: what the user sees now
app/src/main/java/com/aeriotv/android/ui/TmdbAttribution.kt	31	The Movie Database	contentDescription = "The Movie Database",
app/src/main/java/com/aeriotv/android/ui/TmdbAttribution.kt	37	This product uses the TMDB API but is not endorsed or certified by TMDB.	text = "This product uses the TMDB API but is not endorsed or certified by TMDB.",
app/src/main/java/com/aeriotv/android/ui/TmdbAttribution.kt	42	TMDB data is used only after configuring a TMDB API key in Settings > App Behaviors.	text = "TMDB data is used only after configuring a TMDB API key in Settings > App Behaviors.",
app/src/main/java/com/aeriotv/android/ui/adaptive/Adaptive.kt	27	TV / tablet landscape with low height	* Plus a height check (`isShort`) for "TV / tablet landscape with low height"
app/src/main/java/com/aeriotv/android/ui/adaptive/Fold.kt	120	${it.orientation}|${it.state}|${it.bounds}|${it.occlusionType}	val signature = f?.let { "${it.orientation}|${it.state}|${it.bounds}|${it.occlusionType}" }
app/src/main/java/com/aeriotv/android/ui/adaptive/Fold.kt	126	bounds=${f?.bounds} occlusion=${f?.occlusionType}	"bounds=${f?.bounds} occlusion=${f?.occlusionType}",
app/src/main/java/com/aeriotv/android/ui/scale/DisplayScale.kt	18	Display size	* If the user already has Android-system "Display size" / "Font size" set
app/src/main/java/com/aeriotv/android/ui/scale/DisplayScale.kt	18	Font size	* If the user already has Android-system "Display size" / "Font size" set
app/src/main/java/com/aeriotv/android/ui/settings/SettingsRows.kt	250	• Off	/** The tvOS "• On" / "• Off" toggle indicator: an accent dot + label. */
app/src/main/java/com/aeriotv/android/ui/settings/SettingsRows.kt	250	• On	/** The tvOS "• On" / "• Off" toggle indicator: an accent dot + label. */
app/src/main/java/com/aeriotv/android/ui/settings/SettingsRows.kt	352	Log File Size	* focusable). For "Log File Size", About facts, etc.
app/src/main/java/com/aeriotv/android/ui/settings/TvSettingsMetrics.kt	12	everything just looks larger on the Streamer	// Logan's "everything just looks larger on the Streamer" (2026-08-05).
app/src/main/java/com/aeriotv/android/ui/textfield/SecretReveal.kt	107	Hide $contentLabel	contentDescription = if (state.visible) "Hide $contentLabel" else "Show $contentLabel",
app/src/main/java/com/aeriotv/android/ui/textfield/SecretReveal.kt	107	Show $contentLabel	contentDescription = if (state.visible) "Hide $contentLabel" else "Show $contentLabel",
app/src/main/java/com/aeriotv/android/ui/theme/AppTheme.kt	33	AerioTV	displayName = "AerioTV",
app/src/main/java/com/aeriotv/android/ui/theme/AppTheme.kt	44	Midnight	displayName = "Midnight",
app/src/main/java/com/aeriotv/android/ui/theme/AppTheme.kt	54	Sunset	displayName = "Sunset",
app/src/main/java/com/aeriotv/android/ui/theme/AppTheme.kt	64	Forest	displayName = "Forest",
app/src/main/java/com/aeriotv/android/ui/theme/AppTheme.kt	74	Lavender	displayName = "Lavender",
app/src/main/java/com/aeriotv/android/ui/theme/AppTheme.kt	84	Monochrome	displayName = "Monochrome",
app/src/main/java/com/aeriotv/android/ui/theme/AppTheme.kt	102	Light	displayName = "Light",
app/src/main/java/com/aeriotv/android/ui/tv/TvChrome.kt	162	tvActionCircleFill	label = "tvActionCircleFill",
app/src/main/java/com/aeriotv/android/ui/tv/TvChrome.kt	171	tvActionCircleGlyph	label = "tvActionCircleGlyph",
app/src/main/java/com/aeriotv/android/ui/tv/TvFilterPage.kt	120	Show All Groups	title = "Show All Groups",
app/src/main/java/com/aeriotv/android/ui/tv/TvFilterPage.kt	176	tvFilterRowScale	label = "tvFilterRowScale",
app/src/main/java/com/aeriotv/android/ui/tv/TvFilterPage.kt	191	$title  ✓	text = if (on && !accent) "$title  ✓" else title,
app/src/main/java/com/aeriotv/android/ui/tv/TvFocus.kt	75	tvFocusScale	label = "tvFocusScale",
app/src/main/java/com/aeriotv/android/ui/tv/TvFocusTrace.kt	23	what	* "what" vocabulary: tab:<name> | header:<button> | pill:<label> |
app/src/main/java/com/aeriotv/android/ui/tv/TvFocusTrace.kt	85	[RESTORE] returnOffset=$returnOffset row=$row col=$col source=$source	Log.i(TAG, "[RESTORE] returnOffset=$returnOffset row=$row col=$col source=$source")
